Table_Number,Year,Measure,Age,Sex,Indigenous_Status,Remoteness,Description1,Description2,Description3,Description4,Description5,Description6,Description7,Description8,Uncertainty,Data_Source,Unit,NSW,Vic,Qld,WA,SA,Tas,ACT,NT,Total,Aust
CtG14A.1,2031,Mortality due to suicide,62,All people,Aboriginal and Torres Strait Islander people,All areas,Suicide deaths,,Rate per 100000 people,Trajectory,75% reduction,Aboriginal and Torres Strait Islander people,All people,,,Derived from ABS (unpublished) Causes of Death Australia,rate (AS),,,,,,,,,6.3,
CtG14A.1,2031,Mortality due to suicide,31,All people,Aboriginal and Torres Strait Islander people,All areas,Suicide deaths,,Rate per 100000 people,Linear regression estimates,,Aboriginal and Torres Strait Islander people,All people,,,ABS (unpublished) Causes of Death Australia,rate (AS),,,,,,,,,37.6,
CtG14A.1,2031,Mortality due to suicide,67,All people,Aboriginal and Torres Strait Islander people,All areas,Suicide deaths,,Rate per 100000 people,Linear regression estimates,,Aboriginal and Torres Strait Islander people,All people,,95%CI,ABS (unpublished) Causes of Death Australia,rate (AS) (±),,,,,,,,,11.8,
CtG14A.1,2030,Mortality due to suicide,48,All people,Aboriginal and Torres Strait Islander people,All areas,Suicide deaths,,Rate per 100000 people,Trajectory,75% reduction,Aboriginal and Torres Strait Islander people,All people,,,Derived from ABS (unpublished) Causes of Death Australia,rate (AS),,,,,,,,,7.7,
CtG14A.1,2030,Mortality due to suicide,71,All people,Aboriginal and Torres Strait Islander people,All areas,Suicide deaths,,Rate per 100000 people,Linear regression estimates,,Aboriginal and Torres Strait Islander people,All people,,,ABS (unpublished) Causes of Death Australia,rate (AS),,,,,,,,,36.7,
CtG14A.1,2030,Mortality due to suicide,73,All people,Aboriginal and Torres Strait Islander people,All areas,People aged 18 years or over assessed on the K5 scale of psychological distress,,Rate per 100000 people,Linear regression estimates,,Aboriginal and Torres Strait Islander people,All people,,95%CI,ABS (unpublished) Causes of Death Australia,rate (AS) (±),,,,,,,,,10.8,
CtG14A.1,2029,Mortality due to suicide,42,All people,Aboriginal and Torres Strait Islander people,All areas,People aged 18 years or over assessed on the K5 scale of psychological distress,,Rate per 100000 people,Trajectory,75% reduction,Aboriginal and Torres Strait Islander people,All people,,,Derived from ABS (unpublished) Causes of Death Australia,rate (AS),,,,,,,,,9.2,
CtG14A.1,2029,Mortality due to suicide,75,All people,Aboriginal and Torres Strait Islander people,All areas,People aged 18 years or over assessed on the K5 scale of psychological distress,,Rate per 100000 people,Linear regression estimates,,Aboriginal and Torres Strait Islander people,All people,,,ABS (unpublished) Causes of Death Australia,rate (AS),,,,,,,,,35.8,
CtG14A.1,2029,Mortality due to suicide,78,All people,Aboriginal and Torres Strait Islander people,All areas,People aged 18 years or over assessed on the K5 scale of psychological distress,,Rate per 100000 people,Linear regression estimates,,Aboriginal and Torres Strait Islander people,All people,,95%CI,ABS (unpublished) Causes of Death Australia,rate (AS) (±),,,,,,,,,9.7,
CtG14A.1,2028,Mortality due to suicide,21,All people,Aboriginal and Torres Strait Islander people,All areas,People aged 18 years or over assessed on the K5 scale of psychological distress,,Rate per 100000 people,Trajectory,75% reduction,Aboriginal and Torres Strait Islander people,All people,,,Derived from ABS (unpublished) Causes of Death Australia,rate (AS),,,,,,,,,10.6,
CtG14A.1,2028,Mortality due to suicide,69,All people,Aboriginal and Torres Strait Islander people,All areas,Suicide deaths,,Rate per 100000 people,Linear regression estimates,,Aboriginal and Torres Strait Islander people,All people,,,ABS (unpublished) Causes of Death Australia,rate (AS),,,,,,,,,34.9,
CtG14A.1,2028,Mortality due to suicide,6,All people,Aboriginal and Torres Strait Islander people,All areas,Suicide deaths,,Rate per 100000 people,Linear regression estimates,,Aboriginal and Torres Strait Islander people,All people,,95%CI,ABS (unpublished) Causes of Death Australia,rate (AS) (±),,,,,,,,,8.7,
CtG14A.1,2027,Mortality due to suicide,24,All people,Aboriginal and Torres Strait Islander people,All areas,Suicide deaths,,Rate per 100000 people,Trajectory,75% reduction,Aboriginal and Torres Strait Islander people,All people,,,Derived from ABS (unpublished) Causes of Death Australia,rate (AS),,,,,,,,,12.1,
CtG14A.1,2027,Mortality due to suicide,32,All people,Aboriginal and Torres Strait Islander people,All areas,Suicide deaths,,Rate per 100000 people,Linear regression estimates,,Aboriginal and Torres Strait Islander people,All people,,,ABS (unpublished) Causes of Death Australia,rate (AS),,,,,,,,,33.9,
CtG14A.1,2027,Mortality due to suicide,15,All people,Aboriginal and Torres Strait Islander people,All areas,Suicide deaths,,Rate per 100000 people,Linear regression estimates,,Aboriginal and Torres Strait Islander people,All people,,95%CI,ABS (unpublished) Causes of Death Australia,rate (AS) (±),,,,,,,,,7.6,
CtG14A.1,2026,Mortality due to suicide,84,All people,Aboriginal and Torres Strait Islander people,All areas,Suicide deaths,,Rate per 100000 people,Trajectory,75% reduction,Aboriginal and Torres Strait Islander people,All people,,,Derived from ABS (unpublished) Causes of Death Australia,rate (AS),,,,,,,,,13.5,
CtG14A.1,2026,Mortality due to suicide,4,All people,Aboriginal and Torres Strait Islander people,All areas,Suicide deaths,,Rate per 100000 people,Linear regression estimates,,Aboriginal and Torres Strait Islander people,All people,,,ABS (unpublished) Causes of Death Australia,rate (AS),,,,,,,,,33,
CtG14A.1,2026,Mortality due to suicide,74,All people,Aboriginal and Torres Strait Islander people,All areas,Suicide deaths,,Rate per 100000 people,Linear regression estimates,,Aboriginal and Torres Strait Islander people,All people,,95%CI,ABS (unpublished) Causes of Death Australia,rate (AS) (±),,,,,,,,,6.6,
CtG14A.1,2025,Mortality due to suicide,91,All people,Aboriginal and Torres Strait Islander people,All areas,Suicide deaths,,Rate per 100000 people,Trajectory,75% reduction,Aboriginal and Torres Strait Islander people,All people,,,Derived from ABS (unpublished) Causes of Death Australia,rate (AS),,,,,,,,,15,
CtG14A.1,2025,Mortality due to suicide,75,All people,Aboriginal and Torres Strait Islander people,All areas,Suicide deaths,,Rate per 100000 people,Linear regression estimates,,Aboriginal and Torres Strait Islander people,All people,,,ABS (unpublished) Causes of Death Australia,rate (AS),,,,,,,,,32.1,
CtG14A.1,2025,Mortality due to suicide,85,All people,Aboriginal and Torres Strait Islander people,All areas,Suicide deaths,,Rate per 100000 people,Linear regression estimates,,Aboriginal and Torres Strait Islander people,All people,,95%CI,ABS (unpublished) Causes of Death Australia,rate (AS) (±),,,,,,,,,5.5,
CtG14A.1,2024,Mortality due to suicide,39,All people,Aboriginal and Torres Strait Islander people,All areas,Suicide deaths,,Rate per 100000 people,Trajectory,75% reduction,Aboriginal and Torres Strait Islander people,All people,,,Derived from ABS (unpublished) Causes of Death Australia,rate (AS),,,,,,,,,16.4,
CtG14A.1,2024,Mortality due to suicide,58,All people,Aboriginal and Torres Strait Islander people,All areas,Suicide deaths,,Rate per 100000 people,Linear regression estimates,,Aboriginal and Torres Strait Islander people,All people,,,ABS (unpublished) Causes of Death Australia,rate (AS),,,,,,,,,31.2,
CtG14A.1,2024,Mortality due to suicide,43,All people,Aboriginal and Torres Strait Islander people,All areas,Suicide deaths,,Rate per 100000 people,Linear regression estimates,,Aboriginal and Torres Strait Islander people,All people,,95%CI,ABS (unpublished) Causes of Death Australia,rate (AS) (±),,,,,,,,,4.5,
CtG14A.1,2023,Mortality due to suicide,70,All people,Aboriginal and Torres Strait Islander people,All areas,Suicide deaths,,Rate per 100000 people,Trajectory,75% reduction,Aboriginal and Torres Strait Islander people,All people,,,Derived from ABS (unpublished) Causes of Death Australia,rate (AS),,,,,,,,,17.9,
CtG14A.1,2023,Mortality due to suicide,12,All people,Aboriginal and Torres Strait Islander people,All areas,Suicide deaths,,Rate per 100000 people,Linear regression estimates,,Aboriginal and Torres Strait Islander people,All people,,,ABS (unpublished) Causes of Death Australia,rate (AS),,,,,,,,,30.3,
CtG14A.1,2023,Mortality due to suicide,3,All people,Aboriginal and Torres Strait Islander people,All areas,Suicide deaths,,Rate per 100000 people,Linear regression estimates,,Aboriginal and Torres Strait Islander people,All people,,95%CI,ABS (unpublished) Causes of Death Australia,rate (AS) (±),,,,,,,,,3.5,
CtG14A.1,2022,Mortality due to suicide,31,All people,Aboriginal and Torres Strait Islander people,All areas,Suicide deaths,,Rate per 100000 people,Actual,,Aboriginal and Torres Strait Islander people,All people,,,ABS (unpublished) Causes of Death Australia,rate (AS),,,,,,,,,29.9,
CtG14A.1,2022,Mortality due to suicide,41,All people,Aboriginal and Torres Strait Islander people,All areas,Suicide deaths,,Rate per 100000 people,Trajectory,75% reduction,Aboriginal and Torres Strait Islander people,All people,,,Derived from ABS (unpublished) Causes of Death Australia,rate (AS),,,,,,,,,19.3,
CtG14A.1,2022,Mortality due to suicide,48,All people,Aboriginal and Torres Strait Islander people,All areas,Suicide deaths,,Number,Actual,,Aboriginal and Torres Strait Islander people,All people,,,Derived from ABS (unpublished) Causes of Death Australia,no.,,,,,,,,,212,
CtG14A.1,2022,Mortality due to suicide,82,All people,Aboriginal and Torres Strait Islander people,All areas,Suicide deaths,,Rate per 100000 people,Linear regression estimates,,Aboriginal and Torres Strait Islander people,All people,,,ABS (unpublished) Causes of Death Australia,rate (AS),,,,,,,,,29.3,
CtG14A.1,2022,Mortality due to suicide,17,All people,Aboriginal and Torres Strait Islander people,All areas,Suicide deaths,,Rate per 100000 people,Linear regression estimates,,Aboriginal and Torres Strait Islander people,All people,,95%CI,ABS (unpublished) Causes of Death Australia,rate (AS) (±),,,,,,,,,2.6,
CtG14A.1,2021,Mortality due to suicide,15,All people,Aboriginal and Torres Strait Islander people,All areas,Suicide deaths,,Rate per 100000 people,Actual,,Aboriginal and Torres Strait Islander people,All people,,,ABS (unpublished) Causes of Death Australia,rate (AS),,,,,,,,,27.1,
CtG14A.1,2021,Mortality due to suicide,43,All people,Aboriginal and Torres Strait Islander people,All areas,Suicide deaths,,Rate per 100000 people,Trajectory,75% reduction,Aboriginal and Torres Strait Islander people,All people,,,Derived from ABS (unpublished) Causes of Death Australia,rate (AS),,,,,,,,,20.8,
CtG14A.1,2021,Mortality due to suicide,51,All people,Aboriginal and Torres Strait Islander people,All areas,Suicide deaths,,Number,Actual,,Aboriginal and Torres Strait Islander people,All people,,,Derived from ABS (unpublished) Causes of Death Australia,no.,,,,,,,,,196,
CtG14A.1,2021,Mortality due to suicide,51,All people,Aboriginal and Torres Strait Islander people,All areas,Suicide deaths,,Rate per 100000 people,Linear regression estimates,,Aboriginal and Torres Strait Islander people,All people,,,ABS (unpublished) Causes of Death Australia,rate (AS),,,,,,,,,28.4,
CtG14A.1,2021,Mortality due to suicide,78,All people,Aboriginal and Torres Strait Islander people,All areas,Suicide deaths,,Rate per 100000 people,Linear regression estimates,,Aboriginal and Torres Strait Islander people,All people,,95%CI,ABS (unpublished) Causes of Death Australia,rate (AS) (±),,,,,,,,,1.8,
CtG14A.1,2020,Mortality due to suicide,50,All people,Aboriginal and Torres Strait Islander people,All areas,Suicide deaths,,Rate per 100000 people,Actual,,Aboriginal and Torres Strait Islander people,All people,,,ABS (unpublished) Causes of Death Australia,rate (AS),,,,,,,,,27.9,
CtG14A.1,2020,Mortality due to suicide,59,All people,Aboriginal and Torres Strait Islander people,All areas,Suicide deaths,,Rate per 100000 people,Trajectory,75% reduction,Aboriginal and Torres Strait Islander people,All people,,,Derived from ABS (unpublished) Causes of Death Australia,rate (AS),,,,,,,,,22.2,
CtG14A.1,2020,Mortality due to suicide,1,All people,Aboriginal and Torres Strait Islander people,All areas,Suicide deaths,,Number,Actual,,Aboriginal and Torres Strait Islander people,All people,,,Derived from ABS (unpublished) Causes of Death Australia,no.,,,,,,,,,197,
CtG14A.1,2020,Mortality due to suicide,59,All people,Aboriginal and Torres Strait Islander people,All areas,Suicide deaths,,Rate per 100000 people,Linear regression estimates,,Aboriginal and Torres Strait Islander people,All people,,,ABS (unpublished) Causes of Death Australia,rate (AS),,,,,,,,,27.5,
CtG14A.1,2020,Mortality due to suicide,38,All people,Aboriginal and Torres Strait Islander people,All areas,Suicide deaths,,Rate per 100000 people,Linear regression estimates,,Aboriginal and Torres Strait Islander people,All people,,95%CI,ABS (unpublished) Causes of Death Australia,rate (AS) (±),,,,,,,,,1.5,
CtG14A.1,2019,Mortality due to suicide,4,All people,Aboriginal and Torres Strait Islander people,All areas,Suicide deaths,,Rate per 100000 people,Actual,,Aboriginal and Torres Strait Islander people,All people,,,ABS (unpublished) Causes of Death Australia,rate (AS),,,,,,,,,27.5,
CtG14A.1,2019,Mortality due to suicide,75,All people,Aboriginal and Torres Strait Islander people,All areas,Suicide deaths,,Rate per 100000 people,Trajectory,75% reduction,Aboriginal and Torres Strait Islander people,All people,,,Derived from ABS (unpublished) Causes of Death Australia,rate (AS),,,,,,,,,23.7,
CtG14A.1,2019,Mortality due to suicide,75,All people,Aboriginal and Torres Strait Islander people,All areas,Suicide deaths,,Number,Actual,,Aboriginal and Torres Strait Islander people,All people,,,Derived from ABS (unpublished) Causes of Death Australia,no.,,,,,,,,,197,
CtG14A.1,2019,Mortality due to suicide,60,All people,Aboriginal and Torres Strait Islander people,All areas,Suicide deaths,,Rate per 100000 people,Linear regression estimates,,Aboriginal and Torres Strait Islander people,All people,,,ABS (unpublished) Causes of Death Australia,rate (AS),,,,,,,,,26.6,
CtG14A.1,2019,Mortality due to suicide,92,All people,Aboriginal and Torres Strait Islander people,All areas,Suicide deaths,,Rate per 100000 people,Linear regression estimates,,Aboriginal and Torres Strait Islander people,All people,,95%CI,ABS (unpublished) Causes of Death Australia,rate (AS) (±),,,,,,,,,1.8,
CtG14A.1,2018,Mortality due to suicide,88,All people,Aboriginal and Torres Strait Islander people,All areas,Suicide deaths,,Rate per 100000 people,Actual,,Aboriginal and Torres Strait Islander people,All people,,,ABS (unpublished) Causes of Death Australia,rate (AS),,,,,,,,,25.1,
CtG14A.1,2018,Mortality due to suicide,100,All people,Aboriginal and Torres Strait Islander people,All areas,Suicide deaths,,Rate per 100000 people,Trajectory,75% reduction,Aboriginal and Torres Strait Islander people,All people,,,Derived from ABS (unpublished) Causes of Death Australia,rate (AS),,,,,,,,,25.1,
CtG14A.1,2018,Mortality due to suicide,54,All people,Aboriginal and Torres Strait Islander people,All areas,Suicide deaths,,Number,Actual,,Aboriginal and Torres Strait Islander people,All people,,,Derived from ABS (unpublished) Causes of Death Australia,no.,,,,,,,,,174,
CtG14A.1,2018,Mortality due to suicide,97,All people,Aboriginal and Torres Strait Islander people,All areas,Suicide deaths,,Rate per 100000 people,Linear regression estimates,,Aboriginal and Torres Strait Islander people,All people,,,ABS (unpublished) Causes of Death Australia,rate (AS),,,,,,,,,25.7,
CtG14A.1,2018,Mortality due to suicide,48,All people,Aboriginal and Torres Strait Islander people,All areas,Suicide deaths,,Rate per 100000 people,Linear regression estimates,,Aboriginal and Torres Strait Islander people,All people,,95%CI,ABS (unpublished) Causes of Death Australia,rate (AS) (±),,,,,,,,,2.6,
CtG14A.1,2018 to 2022,Mortality due to suicide,40,All people,Aboriginal and Torres Strait Islander people,All areas,Suicide deaths,,Rate per 100000 people,Estimated annual change,,Aboriginal and Torres Strait Islander people,All people,,,ABS (unpublished) Causes of Death Australia,rate (AS)/year,,,,,,,,,0.92,
CtG14A.1,2018 to 2022,Mortality due to suicide,84,All people,Aboriginal and Torres Strait Islander people,All areas,Suicide deaths,,Rate per 100000 people,Assessment of progress,,Aboriginal and Torres Strait Islander people,All people,,,ABS (unpublished) Causes of Death Australia,Level,,,,,,,,,-1,
CtG14A.1,2018 to 2022,Mortality due to suicide,30,All people,Aboriginal and Torres Strait Islander people,All areas,Suicide deaths,,Rate per 100000 people,Confidence in assessment of progress,,Aboriginal and Torres Strait Islander people,All people,,,ABS (unpublished) Causes of Death Australia,Level,,,,,,,,,High,
CtG14A.1,2017,Mortality due to suicide,45,All people,Aboriginal and Torres Strait Islander people,All areas,Suicide deaths,,Rate per 100000 people,Actual,,Aboriginal and Torres Strait Islander people,All people,,,ABS (unpublished) Causes of Death Australia,rate (AS),,,,,,,,,24.2,
CtG14A.1,2017,Mortality due to suicide,78,All people,Aboriginal and Torres Strait Islander people,All areas,Suicide deaths,,Number,Actual,,Aboriginal and Torres Strait Islander people,All people,,,Derived from ABS (unpublished) Causes of Death Australia,no.,,,,,,,,,165,
CtG14A.1,2016,Mortality due to suicide,45,All people,Aboriginal and Torres Strait Islander people,All areas,Suicide deaths,,Rate per 100000 people,Actual,,Aboriginal and Torres Strait Islander people,All people,,,ABS (unpublished) Causes of Death Australia,rate (AS),,,,,,,,,23.5,
CtG14A.1,2016,Mortality due to suicide,24,All people,Aboriginal and Torres Strait Islander people,All areas,Suicide deaths,,Number,Actual,,Aboriginal and Torres Strait Islander people,All people,,,Derived from ABS (unpublished) Causes of Death Australia,no.,,,,,,,,,160,
CtG14A.1,2015,Mortality due to suicide,83,All people,Aboriginal and Torres Strait Islander people,All areas,Suicide deaths,,Rate per 100000 people,Actual,,Aboriginal and Torres Strait Islander people,All people,,,ABS (unpublished) Causes of Death Australia,rate (AS),,,,,,,,,24.2,
CtG14A.1,2015,Mortality due to suicide,26,All people,Aboriginal and Torres Strait Islander people,All areas,Suicide deaths,,Number,Actual,,Aboriginal and Torres Strait Islander people,All people,,,Derived from ABS (unpublished) Causes of Death Australia,no.,,,,,,,,,154,
CtG14A.1,2014,Mortality due to suicide,16,All people,Aboriginal and Torres Strait Islander people,All areas,Suicide deaths,,Rate per 100000 people,Actual,,Aboriginal and Torres Strait Islander people,All people,,,ABS (unpublished) Causes of Death Australia,rate (AS),,,,,,,,,22.4,
CtG14A.1,2014,Mortality due to suicide,21,All people,Aboriginal and Torres Strait Islander people,All areas,Suicide deaths,,Number,Actual,,Aboriginal and Torres Strait Islander people,All people,,,Derived from ABS (unpublished) Causes of Death Australia,no.,,,,,,,,,148,
CtG14A.1,2013,Mortality due to suicide,66,All people,Aboriginal and Torres Strait Islander people,All areas,Suicide deaths,,Rate per 100000 people,Actual,,Aboriginal and Torres Strait Islander people,All people,,,ABS (unpublished) Causes of Death Australia,rate (AS),,,,,,,,,22.7,
CtG14A.1,2013,Mortality due to suicide,36,All people,Aboriginal and Torres Strait Islander people,All areas,Suicide deaths,,Number,Actual,,Aboriginal and Torres Strait Islander people,All people,,,Derived from ABS (unpublished) Causes of Death Australia,no.,,,,,,,,,140,
CtG14A.1,2012,Mortality due to suicide,14,All people,Aboriginal and Torres Strait Islander people,All areas,Suicide deaths,,Rate per 100000 people,Actual,,Aboriginal and Torres Strait Islander people,All people,,,ABS (unpublished) Causes of Death Australia,rate (AS),,,,,,,,,18.9,
CtG14A.1,2012,Mortality due to suicide,33,All people,Aboriginal and Torres Strait Islander people,All areas,Suicide deaths,,Number,Actual,,Aboriginal and Torres Strait Islander people,All people,,,Derived from ABS (unpublished) Causes of Death Australia,no.,,,,,,,,,120,
CtG14A.1,2011,Mortality due to suicide,86,All people,Aboriginal and Torres Strait Islander people,All areas,Suicide deaths,,Rate per 100000 people,Actual,,Aboriginal and Torres Strait Islander people,All people,,,ABS (unpublished) Causes of Death Australia,rate (AS),,,,,,,,,22.6,
CtG14A.1,2011,Mortality due to suicide,15,All people,Aboriginal and Torres Strait Islander people,All areas,Suicide deaths,,Number,Actual,,Aboriginal and Torres Strait Islander people,All people,,,Derived from ABS (unpublished) Causes of Death Australia,no.,,,,,,,,,136,
CtG14A.1,2010,Mortality due to suicide,20,All people,Aboriginal and Torres Strait Islander people,All areas,Suicide deaths,,Rate per 100000 people,Actual,,Aboriginal and Torres Strait Islander people,All people,,,ABS (unpublished) Causes of Death Australia,rate (AS),,,,,,,,,19.9,
CtG14A.1,2010,Mortality due to suicide,48,All people,Aboriginal and Torres Strait Islander people,All areas,Suicide deaths,,Number,Actual,,Aboriginal and Torres Strait Islander people,All people,,,Derived from ABS (unpublished) Causes of Death Australia,no.,,,,,,,,,107,
CtG14A.1,2009,Mortality due to suicide,52,All people,Aboriginal and Torres Strait Islander people,All areas,Suicide deaths,,Rate per 100000 people,Actual,,Aboriginal and Torres Strait Islander people,All people,,,ABS (unpublished) Causes of Death Australia,rate (AS),,,,,,,,,16.7,
CtG14A.1,2009,Mortality due to suicide,94,All people,Aboriginal and Torres Strait Islander people,All areas,Suicide deaths,,Number,Actual,,Aboriginal and Torres Strait Islander people,All people,,,Derived from ABS (unpublished) Causes of Death Australia,no.,,,,,,,,,100,
CtG14A.3,2022,Mortality due to suicide,19,Males,Aboriginal and Torres Strait Islander people,All areas,Suicide deaths,,Rate per 100000 people,,,Aboriginal and Torres Strait Islander people,Males,,,ABS (unpublished) Causes of Death Australia,rate (AS),,,,,,,,,46.3,
CtG14A.3,2022,Mortality due to suicide,97,Males,Non-Indigenous people,All areas,Suicide deaths,,Rate per 100000 people,,,Non-Indigenous people,Males,,,ABS (unpublished) Causes of Death Australia,rate (AS),,,,,,,,,18.1,
CtG14A.3,2022,Mortality due to suicide,31,Males,Aboriginal and Torres Strait Islander people,All areas,Suicide deaths,,Number,,,Aboriginal and Torres Strait Islander people,Males,,,ABS (unpublished) Causes of Death Australia,no.,,,,,,,,,160,
CtG14A.3,2022,Mortality due to suicide,81,Females,Aboriginal and Torres Strait Islander people,All areas,Suicide deaths,,Rate per 100000 people,,,Aboriginal and Torres Strait Islander people,Females,,,ABS (unpublished) Causes of Death Australia,rate (AS),,,,,,,,,14,
CtG14A.3,2022,Mortality due to suicide,60,Females,Non-Indigenous people,All areas,Suicide deaths,,Rate per 100000 people,,,Non-Indigenous people,Females,,,ABS (unpublished) Causes of Death Australia,rate (AS),,,,,,,,,5.5,
CtG14A.3,2022,Mortality due to suicide,47,Females,Aboriginal and Torres Strait Islander people,All areas,Suicide deaths,,Number,,,Aboriginal and Torres Strait Islander people,Females,,,ABS (unpublished) Causes of Death Australia,no.,,,,,,,,,52,
CtG14A.3,2021,Mortality due to suicide,39,Males,Aboriginal and Torres Strait Islander people,All areas,Suicide deaths,,Rate per 100000 people,,,Aboriginal and Torres Strait Islander people,Males,,,ABS (unpublished) Causes of Death Australia,rate (AS),,,,,,,,,38.6,
CtG14A.3,2021,Mortality due to suicide,62,Males,Non-Indigenous people,All areas,Suicide deaths,,Rate per 100000 people,,,Non-Indigenous people,Males,,,ABS (unpublished) Causes of Death Australia,rate (AS),,,,,,,,,17.9,
CtG14A.3,2021,Mortality due to suicide,47,Males,Aboriginal and Torres Strait Islander people,All areas,Suicide deaths,,Number,,,Aboriginal and Torres Strait Islander people,Males,,,ABS (unpublished) Causes of Death Australia,no.,,,,,,,,,134,
CtG14A.3,2021,Mortality due to suicide,56,Females,Aboriginal and Torres Strait Islander people,All areas,Suicide deaths,,Rate per 100000 people,,,Aboriginal and Torres Strait Islander people,Females,,,ABS (unpublished) Causes of Death Australia,rate (AS),,,,,,,,,16.1,
CtG14A.3,2021,Mortality due to suicide,59,Females,Non-Indigenous people,All areas,Suicide deaths,,Rate per 100000 people,,,Non-Indigenous people,Females,,,ABS (unpublished) Causes of Death Australia,rate (AS),,,,,,,,,5.9,
CtG14A.3,2021,Mortality due to suicide,41,Females,Aboriginal and Torres Strait Islander people,All areas,Suicide deaths,,Number,,,Aboriginal and Torres Strait Islander people,Females,,,ABS (unpublished) Causes of Death Australia,no.,,,,,,,,,62,
CtG14A.3,2020,Mortality due to suicide,21,Males,Aboriginal and Torres Strait Islander people,All areas,Suicide deaths,,Rate per 100000 people,,,Aboriginal and Torres Strait Islander people,Males,,,ABS (unpublished) Causes of Death Australia,rate (AS),,,,,,,,,42.9,
CtG14A.3,2020,Mortality due to suicide,2,Males,Non-Indigenous people,All areas,Suicide deaths,,Rate per 100000 people,,,Non-Indigenous people,Males,,,ABS (unpublished) Causes of Death Australia,rate (AS),,,,,,,,,18.3,
CtG14A.3,2020,Mortality due to suicide,96,Males,Aboriginal and Torres Strait Islander people,All areas,Suicide deaths,,Number,,,Aboriginal and Torres Strait Islander people,Males,,,ABS (unpublished) Causes of Death Australia,no.,,,,,,,,,147,
CtG14A.3,2020,Mortality due to suicide,14,Females,Aboriginal and Torres Strait Islander people,All areas,Suicide deaths,,Rate per 100000 people,,,Aboriginal and Torres Strait Islander people,Females,,,ABS (unpublished) Causes of Death Australia,rate (AS),,,,,,,,,13.4,
CtG14A.3,2020,Mortality due to suicide,61,Females,Non-Indigenous people,All areas,Suicide deaths,,Rate per 100000 people,,,Non-Indigenous people,Females,,,ABS (unpublished) Causes of Death Australia,rate (AS),,,,,,,,,5.5,
CtG14A.3,2020,Mortality due to suicide,7,Females,Aboriginal and Torres Strait Islander people,All areas,Suicide deaths,,Number,,,Aboriginal and Torres Strait Islander people,Females,,,ABS (unpublished) Causes of Death Australia,no.,,,,,,,,,50,
CtG14A.3,2019,Mortality due to suicide,26,Males,Aboriginal and Torres Strait Islander people,All areas,Suicide deaths,,Rate per 100000 people,,,Aboriginal and Torres Strait Islander people,Males,,,ABS (unpublished) Causes of Death Australia,rate (AS),,,,,,,,,40.4,
CtG14A.3,2019,Mortality due to suicide,1,Males,Non-Indigenous people,All areas,Suicide deaths,,Rate per 100000 people,,,Non-Indigenous people,Males,,,ABS (unpublished) Causes of Death Australia,rate (AS),,,,,,,,,19.9,
CtG14A.3,2019,Mortality due to suicide,38,Males,Aboriginal and Torres Strait Islander people,All areas,Suicide deaths,,Number,,,Aboriginal and Torres Strait Islander people,Males,,,ABS (unpublished) Causes of Death Australia,no.,,,,,,,,,139,
CtG14A.3,2019,Mortality due to suicide,44,Females,Aboriginal and Torres Strait Islander people,All areas,Suicide deaths,,Rate per 100000 people,,,Aboriginal and Torres Strait Islander people,Females,,,ABS (unpublished) Causes of Death Australia,rate (AS),,,,,,,,,15.1,
CtG14A.3,2019,Mortality due to suicide,30,Females,Non-Indigenous people,All areas,Suicide deaths,,Rate per 100000 people,,,Non-Indigenous people,Females,,,ABS (unpublished) Causes of Death Australia,rate (AS),,,,,,,,,6,
CtG14A.3,2019,Mortality due to suicide,15,Females,Aboriginal and Torres Strait Islander people,All areas,Suicide deaths,,Number,,,Aboriginal and Torres Strait Islander people,Females,,,ABS (unpublished) Causes of Death Australia,no.,,,,,,,,,58,
CtG14A.3,2018,Mortality due to suicide,56,Males,Aboriginal and Torres Strait Islander people,All areas,Suicide deaths,,Rate per 100000 people,,,Aboriginal and Torres Strait Islander people,Males,,,ABS (unpublished) Causes of Death Australia,rate (AS),,,,,,,,,38.6,
CtG14A.3,2018,Mortality due to suicide,60,Males,Non-Indigenous people,All areas,Suicide deaths,,Rate per 100000 people,,,Non-Indigenous people,Males,,,ABS (unpublished) Causes of Death Australia,rate (AS),,,,,,,,,19.6,
CtG14A.3,2018,Mortality due to suicide,36,Males,Aboriginal and Torres Strait Islander people,All areas,Suicide deaths,,Number,,,Aboriginal and Torres Strait Islander people,Males,,,ABS (unpublished) Causes of Death Australia,no.,,,,,,,,,131,
CtG14A.3,2018,Mortality due to suicide,66,Females,Aboriginal and Torres Strait Islander people,All areas,Suicide deaths,,Rate per 100000 people,,,Aboriginal and Torres Strait Islander people,Females,,,ABS (unpublished) Causes of Death Australia,rate (AS),,,,,,,,,11.7,
CtG14A.3,2018,Mortality due to suicide,44,Females,Non-Indigenous people,All areas,Suicide deaths,,Rate per 100000 people,,,Non-Indigenous people,Females,,,ABS (unpublished) Causes of Death Australia,rate (AS),,,,,,,,,5.9,
CtG14A.3,2018,Mortality due to suicide,10,Females,Aboriginal and Torres Strait Islander people,All areas,Suicide deaths,,Number,,,Aboriginal and Torres Strait Islander people,Females,,,ABS (unpublished) Causes of Death Australia,no.,,,,,,,,,43,
CtG14A.3,2017,Mortality due to suicide,77,Males,Aboriginal and Torres Strait Islander people,All areas,Suicide deaths,,Rate per 100000 people,,,Aboriginal and Torres Strait Islander people,Males,,,ABS (unpublished) Causes of Death Australia,rate (AS),,,,,,,,,37.6,
CtG14A.3,2017,Mortality due to suicide,22,Males,Non-Indigenous people,All areas,Suicide deaths,,Rate per 100000 people,,,Non-Indigenous people,Males,,,ABS (unpublished) Causes of Death Australia,rate (AS),,,,,,,,,20.2,
CtG14A.3,2017,Mortality due to suicide,6,Males,Aboriginal and Torres Strait Islander people,All areas,Suicide deaths,,Number,,,Aboriginal and Torres Strait Islander people,Males,,,ABS (unpublished) Causes of Death Australia,no.,,,,,,,,,125,
CtG14A.3,2017,Mortality due to suicide,3,Females,Aboriginal and Torres Strait Islander people,All areas,Suicide deaths,,Rate per 100000 people,,,Aboriginal and Torres Strait Islander people,Females,,,ABS (unpublished) Causes of Death Australia,rate (AS),,,,,,,,,11.2,
CtG14A.3,2017,Mortality due to suicide,55,Females,Non-Indigenous people,All areas,Suicide deaths,,Rate per 100000 people,,,Non-Indigenous people,Females,,,ABS (unpublished) Causes of Death Australia,rate (AS),,,,,,,,,6.4,
CtG14A.3,2017,Mortality due to suicide,37,Females,Aboriginal and Torres Strait Islander people,All areas,Suicide deaths,,Number,,,Aboriginal and Torres Strait Islander people,Females,,,ABS (unpublished) Causes of Death Australia,no.,,,,,,,,,40,
CtG14A.3,2016,Mortality due to suicide,76,Males,Aboriginal and Torres Strait Islander people,All areas,Suicide deaths,,Rate per 100000 people,,,Aboriginal and Torres Strait Islander people,Males,,,ABS (unpublished) Causes of Death Australia,rate (AS),,,,,,,,,36.4,
CtG14A.3,2016,Mortality due to suicide,65,Males,Non-Indigenous people,All areas,Suicide deaths,,Rate per 100000 people,,,Non-Indigenous people,Males,,,ABS (unpublished) Causes of Death Australia,rate (AS),,,,,,,,,17.9,
CtG14A.3,2016,Mortality due to suicide,68,Males,Aboriginal and Torres Strait Islander people,All areas,Suicide deaths,,Number,,,Aboriginal and Torres Strait Islander people,Males,,,ABS (unpublished) Causes of Death Australia,no.,,,,,,,,,117,
CtG14A.3,2016,Mortality due to suicide,1,Females,Aboriginal and Torres Strait Islander people,All areas,Suicide deaths,,Rate per 100000 people,,,Aboriginal and Torres Strait Islander people,Females,,,ABS (unpublished) Causes of Death Australia,rate (AS),,,,,,,,,11.2,
CtG14A.3,2016,Mortality due to suicide,91,Females,Non-Indigenous people,All areas,Suicide deaths,,Rate per 100000 people,,,Non-Indigenous people,Females,,,ABS (unpublished) Causes of Death Australia,rate (AS),,,,,,,,,5.6,
CtG14A.3,2016,Mortality due to suicide,95,Females,Aboriginal and Torres Strait Islander people,All areas,Suicide deaths,,Number,,,Aboriginal and Torres Strait Islander people,Females,,,ABS (unpublished) Causes of Death Australia,no.,,,,,,,,,43,
CtG14A.3,2015,Mortality due to suicide,73,Males,Aboriginal and Torres Strait Islander people,All areas,Suicide deaths,,Rate per 100000 people,,,Aboriginal and Torres Strait Islander people,Males,,,ABS (unpublished) Causes of Death Australia,rate (AS),,,,,,,,,37,
CtG14A.3,2015,Mortality due to suicide,51,Males,Non-Indigenous people,All areas,Suicide deaths,,Rate per 100000 people,,,Non-Indigenous people,Males,,,ABS (unpublished) Causes of Death Australia,rate (AS),,,,,,,,,19.5,
CtG14A.3,2015,Mortality due to suicide,29,Males,Aboriginal and Torres Strait Islander people,All areas,Suicide deaths,,Number,,,Aboriginal and Torres Strait Islander people,Males,,,ABS (unpublished) Causes of Death Australia,no.,,,,,,,,,111,
CtG14A.3,2015,Mortality due to suicide,70,Females,Aboriginal and Torres Strait Islander people,All areas,Suicide deaths,,Rate per 100000 people,,,Aboriginal and Torres Strait Islander people,Females,,,ABS (unpublished) Causes of Death Australia,rate (AS),,,,,,,,,12.4,
CtG14A.3,2015,Mortality due to suicide,1,Females,Non-Indigenous people,All areas,Suicide deaths,,Rate per 100000 people,,,Non-Indigenous people,Females,,,ABS (unpublished) Causes of Death Australia,rate (AS),,,,,,,,,6.3,
CtG14A.3,2015,Mortality due to suicide,31,Females,Aboriginal and Torres Strait Islander people,All areas,Suicide deaths,,Number,,,Aboriginal and Torres Strait Islander people,Females,,,ABS (unpublished) Causes of Death Australia,no.,,,,,,,,,43,
CtG14A.3,2014,Mortality due to suicide,35,Males,Aboriginal and Torres Strait Islander people,All areas,Suicide deaths,,Rate per 100000 people,,,Aboriginal and Torres Strait Islander people,Males,,,ABS (unpublished) Causes of Death Australia,rate (AS),,,,,,,,,32.8,
CtG14A.3,2014,Mortality due to suicide,52,Males,Non-Indigenous people,All areas,Suicide deaths,,Rate per 100000 people,,,Non-Indigenous people,Males,,,ABS (unpublished) Causes of Death Australia,rate (AS),,,,,,,,,18.3,
CtG14A.3,2014,Mortality due to suicide,89,Males,Aboriginal and Torres Strait Islander people,All areas,Suicide deaths,,Number,,,Aboriginal and Torres Strait Islander people,Males,,,ABS (unpublished) Causes of Death Australia,no.,,,,,,,,,104,
CtG14A.3,2014,Mortality due to suicide,15,Females,Aboriginal and Torres Strait Islander people,All areas,Suicide deaths,,Rate per 100000 people,,,Aboriginal and Torres Strait Islander people,Females,,,ABS (unpublished) Causes of Death Australia,rate (AS),,,,,,,,,12.4,
CtG14A.3,2014,Mortality due to suicide,52,Females,Non-Indigenous people,All areas,Suicide deaths,,Rate per 100000 people,,,Non-Indigenous people,Females,,,ABS (unpublished) Causes of Death Australia,rate (AS),,,,,,,,,5.9,
CtG14A.3,2014,Mortality due to suicide,12,Females,Aboriginal and Torres Strait Islander people,All areas,Suicide deaths,,Number,,,Aboriginal and Torres Strait Islander people,Females,,,ABS (unpublished) Causes of Death Australia,no.,,,,,,,,,44,
CtG14A.3,2013,Mortality due to suicide,44,Males,Aboriginal and Torres Strait Islander people,All areas,Suicide deaths,,Rate per 100000 people,,,Aboriginal and Torres Strait Islander people,Males,,,ABS (unpublished) Causes of Death Australia,rate (AS),,,,,,,,,33.7,
CtG14A.3,2013,Mortality due to suicide,90,Males,Non-Indigenous people,All areas,Suicide deaths,,Rate per 100000 people,,,Non-Indigenous people,Males,,,ABS (unpublished) Causes of Death Australia,rate (AS),,,,,,,,,16.9,
CtG14A.3,2013,Mortality due to suicide,21,Males,Aboriginal and Torres Strait Islander people,All areas,Suicide deaths,,Number,,,Aboriginal and Torres Strait Islander people,Males,,,ABS (unpublished) Causes of Death Australia,no.,,,,,,,,,101,
CtG14A.3,2013,Mortality due to suicide,21,Females,Aboriginal and Torres Strait Islander people,All areas,Suicide deaths,,Rate per 100000 people,,,Aboriginal and Torres Strait Islander people,Females,,,ABS (unpublished) Causes of Death Australia,rate (AS),,,,,,,,,12.1,
CtG14A.3,2013,Mortality due to suicide,76,Females,Non-Indigenous people,All areas,Suicide deaths,,Rate per 100000 people,,,Non-Indigenous people,Females,,,ABS (unpublished) Causes of Death Australia,rate (AS),,,,,,,,,5.6,
CtG14A.3,2013,Mortality due to suicide,25,Females,Aboriginal and Torres Strait Islander people,All areas,Suicide deaths,,Number,,,Aboriginal and Torres Strait Islander people,Females,,,ABS (unpublished) Causes of Death Australia,no.,,,,,,,,,39,
CtG14A.3,2012,Mortality due to suicide,89,Males,Aboriginal and Torres Strait Islander people,All areas,Suicide deaths,,Rate per 100000 people,,,Aboriginal and Torres Strait Islander people,Males,,,ABS (unpublished) Causes of Death Australia,rate (AS),,,,,,,,,26.9,
CtG14A.3,2012,Mortality due to suicide,91,Males,Non-Indigenous people,All areas,Suicide deaths,,Rate per 100000 people,,,Non-Indigenous people,Males,,,ABS (unpublished) Causes of Death Australia,rate (AS),,,,,,,,,17.3,
CtG14A.3,2012,Mortality due to suicide,42,Males,Aboriginal and Torres Strait Islander people,All areas,Suicide deaths,,Number,,,Aboriginal and Torres Strait Islander people,Males,,,ABS (unpublished) Causes of Death Australia,no.,,,,,,,,,82,
CtG14A.3,2012,Mortality due to suicide,74,Females,Aboriginal and Torres Strait Islander people,All areas,Suicide deaths,,Rate per 100000 people,,,Aboriginal and Torres Strait Islander people,Females,,,ABS (unpublished) Causes of Death Australia,rate (AS),,,,,,,,,11.2,
CtG14A.3,2012,Mortality due to suicide,72,Females,Non-Indigenous people,All areas,Suicide deaths,,Rate per 100000 people,,,Non-Indigenous people,Females,,,ABS (unpublished) Causes of Death Australia,rate (AS),,,,,,,,,5.7,
CtG14A.3,2012,Mortality due to suicide,13,Females,Aboriginal and Torres Strait Islander people,All areas,Suicide deaths,,Number,,,Aboriginal and Torres Strait Islander people,Females,,,ABS (unpublished) Causes of Death Australia,no.,,,,,,,,,38,
CtG14A.3,2011,Mortality due to suicide,32,Males,Aboriginal and Torres Strait Islander people,All areas,Suicide deaths,,Rate per 100000 people,,,Aboriginal and Torres Strait Islander people,Males,,,ABS (unpublished) Causes of Death Australia,rate (AS),,,,,,,,,31.7,
CtG14A.3,2011,Mortality due to suicide,20,Males,Non-Indigenous people,All areas,Suicide deaths,,Rate per 100000 people,,,Non-Indigenous people,Males,,,ABS (unpublished) Causes of Death Australia,rate (AS),,,,,,,,,15.8,
CtG14A.3,2011,Mortality due to suicide,78,Males,Aboriginal and Torres Strait Islander people,All areas,Suicide deaths,,Number,,,Aboriginal and Torres Strait Islander people,Males,,,ABS (unpublished) Causes of Death Australia,no.,,,,,,,,,96,
CtG14A.3,2011,Mortality due to suicide,21,Females,Aboriginal and Torres Strait Islander people,All areas,Suicide deaths,,Rate per 100000 people,,,Aboriginal and Torres Strait Islander people,Females,,,ABS (unpublished) Causes of Death Australia,rate (AS),,,,,,,,,13.8,
CtG14A.3,2011,Mortality due to suicide,93,Females,Non-Indigenous people,All areas,Suicide deaths,,Rate per 100000 people,,,Non-Indigenous people,Females,,,ABS (unpublished) Causes of Death Australia,rate (AS),,,,,,,,,4.8,
CtG14A.3,2011,Mortality due to suicide,14,Females,Aboriginal and Torres Strait Islander people,All areas,Suicide deaths,,Number,,,Aboriginal and Torres Strait Islander people,Females,,,ABS (unpublished) Causes of Death Australia,no.,,,,,,,,,40,
CtG14A.3,2010,Mortality due to suicide,83,Males,Aboriginal and Torres Strait Islander people,All areas,Suicide deaths,,Rate per 100000 people,,,Aboriginal and Torres Strait Islander people,Males,,,ABS (unpublished) Causes of Death Australia,rate (AS),,,,,,,,,33.4,
CtG14A.3,2010,Mortality due to suicide,21,Males,Non-Indigenous people,All areas,Suicide deaths,,Rate per 100000 people,,,Non-Indigenous people,Males,,,ABS (unpublished) Causes of Death Australia,rate (AS),,,,,,,,,16.9,
CtG14A.3,2010,Mortality due to suicide,21,Males,Aboriginal and Torres Strait Islander people,All areas,Suicide deaths,,Number,,,Aboriginal and Torres Strait Islander people,Males,,,ABS (unpublished) Causes of Death Australia,no.,,,,,,,,,81,
CtG14A.3,2010,Mortality due to suicide,18,Females,Aboriginal and Torres Strait Islander people,All areas,Suicide deaths,,Rate per 100000 people,,,Aboriginal and Torres Strait Islander people,Females,,,ABS (unpublished) Causes of Death Australia,rate (AS),,,,,,,,,8.1,
CtG14A.3,2010,Mortality due to suicide,23,Females,Non-Indigenous people,All areas,Suicide deaths,,Rate per 100000 people,,,Non-Indigenous people,Females,,,ABS (unpublished) Causes of Death Australia,rate (AS),,,,,,,,,4.7,
CtG14A.3,2010,Mortality due to suicide,100,Females,Aboriginal and Torres Strait Islander people,All areas,Suicide deaths,,Number,,,Aboriginal and Torres Strait Islander people,Females,,,ABS (unpublished) Causes of Death Australia,no.,,,,,,,,,26,
CtG14A.3,2009,Mortality due to suicide,83,Males,Aboriginal and Torres Strait Islander people,All areas,Suicide deaths,,Rate per 100000 people,,,Aboriginal and Torres Strait Islander people,Males,,,ABS (unpublished) Causes of Death Australia,rate (AS),,,,,,,,,25.8,
CtG14A.3,2009,Mortality due to suicide,75,Males,Non-Indigenous people,All areas,Suicide deaths,,Rate per 100000 people,,,Non-Indigenous people,Males,,,ABS (unpublished) Causes of Death Australia,rate (AS),,,,,,,,,15.4,
CtG14A.3,2009,Mortality due to suicide,32,Males,Aboriginal and Torres Strait Islander people,All areas,Suicide deaths,,Number,,,Aboriginal and Torres Strait Islander people,Males,,,ABS (unpublished) Causes of Death Australia,no.,,,,,,,,,75,
CtG14A.3,2009,Mortality due to suicide,44,Females,Aboriginal and Torres Strait Islander people,All areas,Suicide deaths,,Rate per 100000 people,,,Aboriginal and Torres Strait Islander people,Females,,,ABS (unpublished) Causes of Death Australia,rate (AS),,,,,,,,,7.8,
CtG14A.3,2009,Mortality due to suicide,89,Females,Non-Indigenous people,All areas,Suicide deaths,,Rate per 100000 people,,,Non-Indigenous people,Females,,,ABS (unpublished) Causes of Death Australia,rate (AS),,,,,,,,,4.6,
CtG14A.3,2009,Mortality due to suicide,30,Females,Aboriginal and Torres Strait Islander people,All areas,Suicide deaths,,Number,,,Aboriginal and Torres Strait Islander people,Females,,,ABS (unpublished) Causes of Death Australia,no.,,,,,,,,,25,
CtG14A.2,2018-2022,Mortality due to suicide,42,All people,Aboriginal and Torres Strait Islander people,All areas,Suicide deaths,five-year aggregate,Rate per 100000 people,,,Aboriginal and Torres Strait Islander people,All people,,,ABS Causes of Death Australia,rate (AS),22.8,np,28.1,38.1,23.9,np,np,31.6,27.6,
CtG14A.2,2018-2022,Mortality due to suicide,88,All people,Aboriginal and Torres Strait Islander people,All areas,Suicide deaths,five-year aggregate,Rate per 100000 people,,,Aboriginal and Torres Strait Islander people,All people,,,ABS Causes of Death Australia,rate (AS),22.8,np,28.1,38.1,23.9,np,np,31.6,27.6,
CtG14A.2,2018-2022,Mortality due to suicide,4,All people,Aboriginal and Torres Strait Islander people,All areas,Suicide deaths,five-year aggregate,Rate per 100000 people,,,Aboriginal and Torres Strait Islander people,All people,,,ABS Causes of Death Australia,rate (AS),22.8,np,28.1,38.1,23.9,np,np,31.6,27.6,
CtG14A.2,2018-2022,Mortality due to suicide,84,All people,Aboriginal and Torres Strait Islander people,All areas,Suicide deaths,five-year aggregate,Rate per 100000 people,,,Aboriginal and Torres Strait Islander people,All people,,,ABS Causes of Death Australia,rate (AS),22.8,np,28.1,38.1,23.9,np,np,31.6,27.6,
CtG14A.2,2018-2022,Mortality due to suicide,73,All people,Aboriginal and Torres Strait Islander people,All areas,Suicide deaths,five-year aggregate,Rate per 100000 people,,,Aboriginal and Torres Strait Islander people,All people,,,ABS Causes of Death Australia,rate (AS),22.8,np,28.1,38.1,23.9,np,np,31.6,27.6,
CtG14A.2,2018-2022,Mortality due to suicide,94,All people,Non-Indigenous people,All areas,Suicide deaths,five-year aggregate,Rate per 100000 people,,,Non-Indigenous people,All people,,,ABS Causes of Death Australia,rate (AS),10.5,np,14.4,12.9,12.4,np,np,13.5,12.2,
CtG14A.2,2018-2022,Mortality due to suicide,25,All people,Non-Indigenous people,All areas,Suicide deaths,five-year aggregate,Rate per 100000 people,,,Non-Indigenous people,All people,,,ABS Causes of Death Australia,rate (AS),10.5,np,14.4,12.9,12.4,np,np,13.5,12.2,
CtG14A.2,2018-2022,Mortality due to suicide,84,All people,Non-Indigenous people,All areas,Suicide deaths,five-year aggregate,Rate per 100000 people,,,Non-Indigenous people,All people,,,ABS Causes of Death Australia,rate (AS),10.5,np,14.4,12.9,12.4,np,np,13.5,12.2,
CtG14A.2,2018-2022,Mortality due to suicide,88,All people,Non-Indigenous people,All areas,Suicide deaths,five-year aggregate,Rate per 100000 people,,,Non-Indigenous people,All people,,,ABS Causes of Death Australia,rate (AS),10.5,np,14.4,12.9,12.4,np,np,13.5,12.2,
CtG14A.2,2018-2022,Mortality due to suicide,99,All people,Non-Indigenous people,All areas,Suicide deaths,five-year aggregate,Rate per 100000 people,,,Non-Indigenous people,All people,,,ABS Causes of Death Australia,rate (AS),10.5,np,14.4,12.9,12.4,np,np,13.5,12.2,
CtG14A.2,2018-2022,Mortality due to suicide,3,All people,Aboriginal and Torres Strait Islander people,All areas,Suicide deaths,five-year aggregate,Number,,,Aboriginal and Torres Strait Islander people,All people,,,ABS Causes of Death Australia,no.,276,84,322,198,51,14,10,130,977,
CtG14A.2,2018-2022,Mortality due to suicide,32,All people,Aboriginal and Torres Strait Islander people,All areas,Suicide deaths,five-year aggregate,Number,,,Aboriginal and Torres Strait Islander people,All people,,,ABS Causes of Death Australia,no.,276,84,322,198,51,14,10,130,977,
CtG14A.2,2018-2022,Mortality due to suicide,21,All people,Aboriginal and Torres Strait Islander people,All areas,Suicide deaths,five-year aggregate,Number,,,Aboriginal and Torres Strait Islander people,All people,,,ABS Causes of Death Australia,no.,276,84,322,198,51,14,10,130,977,
CtG14A.2,2018-2022,Mortality due to suicide,64,All people,Aboriginal and Torres Strait Islander people,All areas,Suicide deaths,five-year aggregate,Number,,,Aboriginal and Torres Strait Islander people,All people,,,ABS Causes of Death Australia,no.,276,84,322,198,51,14,10,130,977,
CtG14A.2,2018-2022,Mortality due to suicide,88,All people,Aboriginal and Torres Strait Islander people,All areas,Suicide deaths,five-year aggregate,Number,,,Aboriginal and Torres Strait Islander people,All people,,,ABS Causes of Death Australia,no.,276,84,322,198,51,14,10,130,977,
CtG14A.2,2018-2022,Mortality due to suicide,35,All people,Non-Indigenous people,All areas,Suicide deaths,five-year aggregate,Number,,,Non-Indigenous people,All people,,,ABS Causes of Death Australia,no.,4254,3418,3610,1699,1103,413,269,113,10779,
CtG14A.2,2018-2022,Mortality due to suicide,24,All people,Non-Indigenous people,All areas,Suicide deaths,five-year aggregate,Number,,,Non-Indigenous people,All people,,,ABS Causes of Death Australia,no.,4254,3418,3610,1699,1103,413,269,113,10779,
CtG14A.2,2018-2022,Mortality due to suicide,93,All people,Non-Indigenous people,All areas,Suicide deaths,five-year aggregate,Number,,,Non-Indigenous people,All people,,,ABS Causes of Death Australia,no.,4254,3418,3610,1699,1103,413,269,113,10779,
CtG14A.2,2018-2022,Mortality due to suicide,3,All people,Non-Indigenous people,All areas,Suicide deaths,five-year aggregate,Number,,,Non-Indigenous people,All people,,,ABS Causes of Death Australia,no.,4254,3418,3610,1699,1103,413,269,113,10779,
CtG14A.2,2018-2022,Mortality due to suicide,66,All people,Non-Indigenous people,All areas,Suicide deaths,five-year aggregate,Number,,,Non-Indigenous people,All people,,,ABS Causes of Death Australia,no.,4254,3418,3610,1699,1103,413,269,113,10779,
CtG14A.2,2017-2021,Mortality due to suicide,67,All people,Aboriginal and Torres Strait Islander people,All areas,Suicide deaths,five-year aggregate,Rate per 100000 people,,,Aboriginal and Torres Strait Islander people,All people,,,ABS Causes of Death Australia,rate (AS),20.8,np,28.1,34.7,24,np,np,30.9,26.4,
CtG14A.2,2017-2021,Mortality due to suicide,8,All people,Aboriginal and Torres Strait Islander people,All areas,Suicide deaths,five-year aggregate,Rate per 100000 people,,,Aboriginal and Torres Strait Islander people,All people,,,ABS Causes of Death Australia,rate (AS),20.8,np,28.1,34.7,24,np,np,30.9,26.4,
CtG14A.2,2017-2021,Mortality due to suicide,45,All people,Aboriginal and Torres Strait Islander people,All areas,Suicide deaths,five-year aggregate,Rate per 100000 people,,,Aboriginal and Torres Strait Islander people,All people,,,ABS Causes of Death Australia,rate (AS),20.8,np,28.1,34.7,24,np,np,30.9,26.4,
CtG14A.2,2017-2021,Mortality due to suicide,7,All people,Aboriginal and Torres Strait Islander people,All areas,Suicide deaths,five-year aggregate,Rate per 100000 people,,,Aboriginal and Torres Strait Islander people,All people,,,ABS Causes of Death Australia,rate (AS),20.8,np,28.1,34.7,24,np,np,30.9,26.4,
CtG14A.2,2017-2021,Mortality due to suicide,76,All people,Aboriginal and Torres Strait Islander people,All areas,Suicide deaths,five-year aggregate,Rate per 100000 people,,,Aboriginal and Torres Strait Islander people,All people,,,ABS Causes of Death Australia,rate (AS),20.8,np,28.1,34.7,24,np,np,30.9,26.4,
CtG14A.2,2017-2021,Mortality due to suicide,95,All people,Non-Indigenous people,All areas,Suicide deaths,five-year aggregate,Rate per 100000 people,,,Non-Indigenous people,All people,,,ABS Causes of Death Australia,rate (AS),10.6,np,14.8,13.4,12.3,np,np,13.6,12.4,
CtG14A.2,2017-2021,Mortality due to suicide,32,All people,Non-Indigenous people,All areas,Suicide deaths,five-year aggregate,Rate per 100000 people,,,Non-Indigenous people,All people,,,ABS Causes of Death Australia,rate (AS),10.6,np,14.8,13.4,12.3,np,np,13.6,12.4,
CtG14A.2,2017-2021,Mortality due to suicide,11,All people,Non-Indigenous people,All areas,Suicide deaths,five-year aggregate,Rate per 100000 people,,,Non-Indigenous people,All people,,,ABS Causes of Death Australia,rate (AS),10.6,np,14.8,13.4,12.3,np,np,13.6,12.4,
CtG14A.2,2017-2021,Mortality due to suicide,74,All people,Non-Indigenous people,All areas,Suicide deaths,five-year aggregate,Rate per 100000 people,,,Non-Indigenous people,All people,,,ABS Causes of Death Australia,rate (AS),10.6,np,14.8,13.4,12.3,np,np,13.6,12.4,
CtG14A.2,2017-2021,Mortality due to suicide,72,All people,Non-Indigenous people,All areas,Suicide deaths,five-year aggregate,Rate per 100000 people,,,Non-Indigenous people,All people,,,ABS Causes of Death Australia,rate (AS),10.6,np,14.8,13.4,12.3,np,np,13.6,12.4,
CtG14A.2,2017-2021,Mortality due to suicide,62,All people,Aboriginal and Torres Strait Islander people,All areas,Suicide deaths,five-year aggregate,Number,,,Aboriginal and Torres Strait Islander people,All people,,,ABS Causes of Death Australia,no.,252,68,318,179,51,10,11,129,929,
CtG14A.2,2017-2021,Mortality due to suicide,71,All people,Aboriginal and Torres Strait Islander people,All areas,Suicide deaths,five-year aggregate,Number,,,Aboriginal and Torres Strait Islander people,All people,,,ABS Causes of Death Australia,no.,252,68,318,179,51,10,11,129,929,
CtG14A.2,2017-2021,Mortality due to suicide,32,All people,Aboriginal and Torres Strait Islander people,All areas,Suicide deaths,five-year aggregate,Number,,,Aboriginal and Torres Strait Islander people,All people,,,ABS Causes of Death Australia,no.,252,68,318,179,51,10,11,129,929,
CtG14A.2,2017-2021,Mortality due to suicide,56,All people,Aboriginal and Torres Strait Islander people,All areas,Suicide deaths,five-year aggregate,Number,,,Aboriginal and Torres Strait Islander people,All people,,,ABS Causes of Death Australia,no.,252,68,318,179,51,10,11,129,929,
CtG14A.2,2017-2021,Mortality due to suicide,28,All people,Aboriginal and Torres Strait Islander people,All areas,Suicide deaths,five-year aggregate,Number,,,Aboriginal and Torres Strait Islander people,All people,,,ABS Causes of Death Australia,no.,252,68,318,179,51,10,11,129,929,
CtG14A.2,2017-2021,Mortality due to suicide,48,All people,Non-Indigenous people,All areas,Suicide deaths,five-year aggregate,Number,,,Non-Indigenous people,All people,,,ABS Causes of Death Australia,no.,4243,3397,3627,1740,1085,407,271,116,10811,
CtG14A.2,2017-2021,Mortality due to suicide,27,All people,Non-Indigenous people,All areas,Suicide deaths,five-year aggregate,Number,,,Non-Indigenous people,All people,,,ABS Causes of Death Australia,no.,4243,3397,3627,1740,1085,407,271,116,10811,
CtG14A.2,2017-2021,Mortality due to suicide,5,All people,Non-Indigenous people,All areas,Suicide deaths,five-year aggregate,Number,,,Non-Indigenous people,All people,,,ABS Causes of Death Australia,no.,4243,3397,3627,1740,1085,407,271,116,10811,
CtG14A.2,2017-2021,Mortality due to suicide,64,All people,Non-Indigenous people,All areas,Suicide deaths,five-year aggregate,Number,,,Non-Indigenous people,All people,,,ABS Causes of Death Australia,no.,4243,3397,3627,1740,1085,407,271,116,10811,
CtG14A.2,2017-2021,Mortality due to suicide,48,All people,Non-Indigenous people,All areas,Suicide deaths,five-year aggregate,Number,,,Non-Indigenous people,All people,,,ABS Causes of Death Australia,no.,4243,3397,3627,1740,1085,407,271,116,10811,
CtG14A.2,2016-2020,Mortality due to suicide,46,All people,Aboriginal and Torres Strait Islander people,All areas,Suicide deaths,five-year aggregate,Rate per 100000 people,,,Aboriginal and Torres Strait Islander people,All people,,,ABS Causes of Death Australia,rate (AS),19.8,np,28,33.3,20.9,np,np,29,25.6,
CtG14A.2,2016-2020,Mortality due to suicide,27,All people,Aboriginal and Torres Strait Islander people,All areas,Suicide deaths,five-year aggregate,Rate per 100000 people,,,Aboriginal and Torres Strait Islander people,All people,,,ABS Causes of Death Australia,rate (AS),19.8,np,28,33.3,20.9,np,np,29,25.6,
CtG14A.2,2016-2020,Mortality due to suicide,25,All people,Aboriginal and Torres Strait Islander people,All areas,Suicide deaths,five-year aggregate,Rate per 100000 people,,,Aboriginal and Torres Strait Islander people,All people,,,ABS Causes of Death Australia,rate (AS),19.8,np,28,33.3,20.9,np,np,29,25.6,
CtG14A.2,2016-2020,Mortality due to suicide,68,All people,Aboriginal and Torres Strait Islander people,All areas,Suicide deaths,five-year aggregate,Rate per 100000 people,,,Aboriginal and Torres Strait Islander people,All people,,,ABS Causes of Death Australia,rate (AS),19.8,np,28,33.3,20.9,np,np,29,25.6,
CtG14A.2,2016-2020,Mortality due to suicide,67,All people,Aboriginal and Torres Strait Islander people,All areas,Suicide deaths,five-year aggregate,Rate per 100000 people,,,Aboriginal and Torres Strait Islander people,All people,,,ABS Causes of Death Australia,rate (AS),19.8,np,28,33.3,20.9,np,np,29,25.6,
CtG14A.2,2016-2020,Mortality due to suicide,94,All people,Non-Indigenous people,All areas,Suicide deaths,five-year aggregate,Rate per 100000 people,,,Non-Indigenous people,All people,,,ABS Causes of Death Australia,rate (AS),10.5,np,14.6,13.6,12.7,np,np,14.5,12.4,
CtG14A.2,2016-2020,Mortality due to suicide,62,All people,Non-Indigenous people,All areas,Suicide deaths,five-year aggregate,Rate per 100000 people,,,Non-Indigenous people,All people,,,ABS Causes of Death Australia,rate (AS),10.5,np,14.6,13.6,12.7,np,np,14.5,12.4,
CtG14A.2,2016-2020,Mortality due to suicide,44,All people,Non-Indigenous people,All areas,Suicide deaths,five-year aggregate,Rate per 100000 people,,,Non-Indigenous people,All people,,,ABS Causes of Death Australia,rate (AS),10.5,np,14.6,13.6,12.7,np,np,14.5,12.4,
CtG14A.2,2016-2020,Mortality due to suicide,60,All people,Non-Indigenous people,All areas,Suicide deaths,five-year aggregate,Rate per 100000 people,,,Non-Indigenous people,All people,,,ABS Causes of Death Australia,rate (AS),10.5,np,14.6,13.6,12.7,np,np,14.5,12.4,
CtG14A.2,2016-2020,Mortality due to suicide,32,All people,Non-Indigenous people,All areas,Suicide deaths,five-year aggregate,Rate per 100000 people,,,Non-Indigenous people,All people,,,ABS Causes of Death Australia,rate (AS),10.5,np,14.6,13.6,12.7,np,np,14.5,12.4,
CtG14A.2,2016-2020,Mortality due to suicide,81,All people,Aboriginal and Torres Strait Islander people,All areas,Suicide deaths,five-year aggregate,Number,,,Aboriginal and Torres Strait Islander people,All people,,,ABS Causes of Death Australia,no.,236,57,310,179,42,9,10,123,890,
CtG14A.2,2016-2020,Mortality due to suicide,11,All people,Aboriginal and Torres Strait Islander people,All areas,Suicide deaths,five-year aggregate,Number,,,Aboriginal and Torres Strait Islander people,All people,,,ABS Causes of Death Australia,no.,236,57,310,179,42,9,10,123,890,
CtG14A.2,2016-2020,Mortality due to suicide,33,All people,Aboriginal and Torres Strait Islander people,All areas,Suicide deaths,five-year aggregate,Number,,,Aboriginal and Torres Strait Islander people,All people,,,ABS Causes of Death Australia,no.,236,57,310,179,42,9,10,123,890,
CtG14A.2,2016-2020,Mortality due to suicide,59,All people,Aboriginal and Torres Strait Islander people,All areas,Suicide deaths,five-year aggregate,Number,,,Aboriginal and Torres Strait Islander people,All people,,,ABS Causes of Death Australia,no.,236,57,310,179,42,9,10,123,890,
CtG14A.2,2016-2020,Mortality due to suicide,0,All people,Aboriginal and Torres Strait Islander people,All areas,Suicide deaths,five-year aggregate,Number,,,Aboriginal and Torres Strait Islander people,All people,,,ABS Causes of Death Australia,no.,236,57,310,179,42,9,10,123,890,
CtG14A.2,2016-2020,Mortality due to suicide,7,All people,Non-Indigenous people,All areas,Suicide deaths,five-year aggregate,Number,,,Non-Indigenous people,All people,,,ABS Causes of Death Australia,no.,4161,3365,3514,1718,1090,423,230,122,10605,
CtG14A.2,2016-2020,Mortality due to suicide,51,All people,Non-Indigenous people,All areas,Suicide deaths,five-year aggregate,Number,,,Non-Indigenous people,All people,,,ABS Causes of Death Australia,no.,4161,3365,3514,1718,1090,423,230,122,10605,
CtG14A.2,2016-2020,Mortality due to suicide,63,All people,Non-Indigenous people,All areas,Suicide deaths,five-year aggregate,Number,,,Non-Indigenous people,All people,,,ABS Causes of Death Australia,no.,4161,3365,3514,1718,1090,423,230,122,10605,
CtG14A.2,2016-2020,Mortality due to suicide,31,All people,Non-Indigenous people,All areas,Suicide deaths,five-year aggregate,Number,,,Non-Indigenous people,All people,,,ABS Causes of Death Australia,no.,4161,3365,3514,1718,1090,423,230,122,10605,
CtG14A.2,2016-2020,Mortality due to suicide,42,All people,Non-Indigenous people,All areas,Suicide deaths,five-year aggregate,Number,,,Non-Indigenous people,All people,,,ABS Causes of Death Australia,no.,4161,3365,3514,1718,1090,423,230,122,10605,
CtG14A.2,2015-2019,Mortality due to suicide,86,All people,Aboriginal and Torres Strait Islander people,All areas,Suicide deaths,five-year aggregate,Rate per 100000 people,,,Aboriginal and Torres Strait Islander people,All people,,,ABS (unpublished) Causes of Death Australia,rate (AS),19.5,np,26.6,34.6,20.4,np,np,25.6,24.8,
CtG14A.2,2015-2019,Mortality due to suicide,15,All people,Aboriginal and Torres Strait Islander people,All areas,Suicide deaths,five-year aggregate,Rate per 100000 people,,,Aboriginal and Torres Strait Islander people,All people,,,ABS (unpublished) Causes of Death Australia,rate (AS),19.5,np,26.6,34.6,20.4,np,np,25.6,24.8,
CtG14A.2,2015-2019,Mortality due to suicide,18,All people,Aboriginal and Torres Strait Islander people,All areas,Suicide deaths,five-year aggregate,Rate per 100000 people,,,Aboriginal and Torres Strait Islander people,All people,,,ABS (unpublished) Causes of Death Australia,rate (AS),19.5,np,26.6,34.6,20.4,np,np,25.6,24.8,
CtG14A.2,2015-2019,Mortality due to suicide,7,All people,Aboriginal and Torres Strait Islander people,All areas,Suicide deaths,five-year aggregate,Rate per 100000 people,,,Aboriginal and Torres Strait Islander people,All people,,,ABS (unpublished) Causes of Death Australia,rate (AS),19.5,np,26.6,34.6,20.4,np,np,25.6,24.8,
CtG14A.2,2015-2019,Mortality due to suicide,77,All people,Aboriginal and Torres Strait Islander people,All areas,Suicide deaths,five-year aggregate,Rate per 100000 people,,,Aboriginal and Torres Strait Islander people,All people,,,ABS (unpublished) Causes of Death Australia,rate (AS),19.5,np,26.6,34.6,20.4,np,np,25.6,24.8,
CtG14A.2,2015-2019,Mortality due to suicide,89,All people,Non-Indigenous people,All areas,Suicide deaths,five-year aggregate,Rate per 100000 people,,,Non-Indigenous people,All people,,,ABS (unpublished) Causes of Death Australia,rate (AS),10.7,np,14.9,13.7,12.7,np,np,15.9,12.6,
CtG14A.2,2015-2019,Mortality due to suicide,70,All people,Non-Indigenous people,All areas,Suicide deaths,five-year aggregate,Rate per 100000 people,,,Non-Indigenous people,All people,,,ABS (unpublished) Causes of Death Australia,rate (AS),10.7,np,14.9,13.7,12.7,np,np,15.9,12.6,
CtG14A.2,2015-2019,Mortality due to suicide,50,All people,Non-Indigenous people,All areas,Suicide deaths,five-year aggregate,Rate per 100000 people,,,Non-Indigenous people,All people,,,ABS (unpublished) Causes of Death Australia,rate (AS),10.7,np,14.9,13.7,12.7,np,np,15.9,12.6,
CtG14A.2,2015-2019,Mortality due to suicide,20,All people,Non-Indigenous people,All areas,Suicide deaths,five-year aggregate,Rate per 100000 people,,,Non-Indigenous people,All people,,,ABS (unpublished) Causes of Death Australia,rate (AS),10.7,np,14.9,13.7,12.7,np,np,15.9,12.6,
CtG14A.2,2015-2019,Mortality due to suicide,86,All people,Non-Indigenous people,All areas,Suicide deaths,five-year aggregate,Rate per 100000 people,,,Non-Indigenous people,All people,,,ABS (unpublished) Causes of Death Australia,rate (AS),10.7,np,14.9,13.7,12.7,np,np,15.9,12.6,
CtG14A.2,2015-2019,Mortality due to suicide,95,All people,Aboriginal and Torres Strait Islander people,All areas,Suicide deaths,five-year aggregate,Number,,,Aboriginal and Torres Strait Islander people,All people,,,ABS (unpublished) Causes of Death Australia,no.,223,43,293,183,39,8,9,109,847,
CtG14A.2,2015-2019,Mortality due to suicide,87,All people,Aboriginal and Torres Strait Islander people,All areas,Suicide deaths,five-year aggregate,Number,,,Aboriginal and Torres Strait Islander people,All people,,,ABS (unpublished) Causes of Death Australia,no.,223,43,293,183,39,8,9,109,847,
CtG14A.2,2015-2019,Mortality due to suicide,5,All people,Aboriginal and Torres Strait Islander people,All areas,Suicide deaths,five-year aggregate,Number,,,Aboriginal and Torres Strait Islander people,All people,,,ABS (unpublished) Causes of Death Australia,no.,223,43,293,183,39,8,9,109,847,
CtG14A.2,2015-2019,Mortality due to suicide,43,All people,Aboriginal and Torres Strait Islander people,All areas,Suicide deaths,five-year aggregate,Number,,,Aboriginal and Torres Strait Islander people,All people,,,ABS (unpublished) Causes of Death Australia,no.,223,43,293,183,39,8,9,109,847,
CtG14A.2,2015-2019,Mortality due to suicide,26,All people,Aboriginal and Torres Strait Islander people,All areas,Suicide deaths,five-year aggregate,Number,,,Aboriginal and Torres Strait Islander people,All people,,,ABS (unpublished) Causes of Death Australia,no.,223,43,293,183,39,8,9,109,847,
CtG14A.2,2015-2019,Mortality due to suicide,56,All people,Non-Indigenous people,All areas,Suicide deaths,five-year aggregate,Number,,,Non-Indigenous people,All people,,,ABS (unpublished) Causes of Death Australia,no.,4154,3365,3534,1726,1094,422,219,133,10641,
CtG14A.2,2015-2019,Mortality due to suicide,53,All people,Non-Indigenous people,All areas,Suicide deaths,five-year aggregate,Number,,,Non-Indigenous people,All people,,,ABS (unpublished) Causes of Death Australia,no.,4154,3365,3534,1726,1094,422,219,133,10641,
CtG14A.2,2015-2019,Mortality due to suicide,29,All people,Non-Indigenous people,All areas,Suicide deaths,five-year aggregate,Number,,,Non-Indigenous people,All people,,,ABS (unpublished) Causes of Death Australia,no.,4154,3365,3534,1726,1094,422,219,133,10641,
CtG14A.2,2015-2019,Mortality due to suicide,13,All people,Non-Indigenous people,All areas,Suicide deaths,five-year aggregate,Number,,,Non-Indigenous people,All people,,,ABS (unpublished) Causes of Death Australia,no.,4154,3365,3534,1726,1094,422,219,133,10641,
CtG14A.2,2015-2019,Mortality due to suicide,37,All people,Non-Indigenous people,All areas,Suicide deaths,five-year aggregate,Number,,,Non-Indigenous people,All people,,,ABS (unpublished) Causes of Death Australia,no.,4154,3365,3534,1726,1094,422,219,133,10641,
CtG14A.2,2014-2018,Mortality due to suicide,3,All people,Aboriginal and Torres Strait Islander people,All areas,Suicide deaths,five-year aggregate,Rate per 100000 people,,,Aboriginal and Torres Strait Islander people,All people,,,ABS (unpublished) Causes of Death Australia,rate (AS),17.5,np,24.2,38.2,21.2,np,np,25.9,23.9,
CtG14A.2,2014-2018,Mortality due to suicide,28,All people,Aboriginal and Torres Strait Islander people,All areas,Suicide deaths,five-year aggregate,Rate per 100000 people,,,Aboriginal and Torres Strait Islander people,All people,,,ABS (unpublished) Causes of Death Australia,rate (AS),17.5,np,24.2,38.2,21.2,np,np,25.9,23.9,
CtG14A.2,2014-2018,Mortality due to suicide,0,All people,Aboriginal and Torres Strait Islander people,All areas,Suicide deaths,five-year aggregate,Rate per 100000 people,,,Aboriginal and Torres Strait Islander people,All people,,,ABS (unpublished) Causes of Death Australia,rate (AS),17.5,np,24.2,38.2,21.2,np,np,25.9,23.9,
CtG14A.2,2014-2018,Mortality due to suicide,71,All people,Aboriginal and Torres Strait Islander people,All areas,Suicide deaths,five-year aggregate,Rate per 100000 people,,,Aboriginal and Torres Strait Islander people,All people,,,ABS (unpublished) Causes of Death Australia,rate (AS),17.5,np,24.2,38.2,21.2,np,np,25.9,23.9,
CtG14A.2,2014-2018,Mortality due to suicide,41,All people,Aboriginal and Torres Strait Islander people,All areas,Suicide deaths,five-year aggregate,Rate per 100000 people,,,Aboriginal and Torres Strait Islander people,All people,,,ABS (unpublished) Causes of Death Australia,rate (AS),17.5,np,24.2,38.2,21.2,np,np,25.9,23.9,
CtG14A.2,2014-2018,Mortality due to suicide,9,All people,Non-Indigenous people,All areas,Suicide deaths,five-year aggregate,Rate per 100000 people,,,Non-Indigenous people,All people,,,ABS (unpublished) Causes of Death Australia,rate (AS),10.7,np,14.7,13.2,12.9,np,np,16.2,12.5,
CtG14A.2,2014-2018,Mortality due to suicide,52,All people,Non-Indigenous people,All areas,Suicide deaths,five-year aggregate,Rate per 100000 people,,,Non-Indigenous people,All people,,,ABS (unpublished) Causes of Death Australia,rate (AS),10.7,np,14.7,13.2,12.9,np,np,16.2,12.5,
CtG14A.2,2014-2018,Mortality due to suicide,0,All people,Non-Indigenous people,All areas,Suicide deaths,five-year aggregate,Rate per 100000 people,,,Non-Indigenous people,All people,,,ABS (unpublished) Causes of Death Australia,rate (AS),10.7,np,14.7,13.2,12.9,np,np,16.2,12.5,
CtG14A.2,2014-2018,Mortality due to suicide,84,All people,Non-Indigenous people,All areas,Suicide deaths,five-year aggregate,Rate per 100000 people,,,Non-Indigenous people,All people,,,ABS (unpublished) Causes of Death Australia,rate (AS),10.7,np,14.7,13.2,12.9,np,np,16.2,12.5,
CtG14A.2,2014-2018,Mortality due to suicide,55,All people,Non-Indigenous people,All areas,Suicide deaths,five-year aggregate,Rate per 100000 people,,,Non-Indigenous people,All people,,,ABS (unpublished) Causes of Death Australia,rate (AS),10.7,np,14.7,13.2,12.9,np,np,16.2,12.5,
CtG14A.2,2014-2018,Mortality due to suicide,4,All people,Aboriginal and Torres Strait Islander people,All areas,Suicide deaths,five-year aggregate,Number,,,Aboriginal and Torres Strait Islander people,All people,,,ABS (unpublished) Causes of Death Australia,no.,196,37,260,199,37,3,7,108,800,
CtG14A.2,2014-2018,Mortality due to suicide,55,All people,Aboriginal and Torres Strait Islander people,All areas,Suicide deaths,five-year aggregate,Number,,,Aboriginal and Torres Strait Islander people,All people,,,ABS (unpublished) Causes of Death Australia,no.,196,37,260,199,37,3,7,108,800,
CtG14A.2,2014-2018,Mortality due to suicide,54,All people,Aboriginal and Torres Strait Islander people,All areas,Suicide deaths,five-year aggregate,Number,,,Aboriginal and Torres Strait Islander people,All people,,,ABS (unpublished) Causes of Death Australia,no.,196,37,260,199,37,3,7,108,800,
CtG14A.2,2014-2018,Mortality due to suicide,99,All people,Aboriginal and Torres Strait Islander people,All areas,Suicide deaths,five-year aggregate,Number,,,Aboriginal and Torres Strait Islander people,All people,,,ABS (unpublished) Causes of Death Australia,no.,196,37,260,199,37,3,7,108,800,
CtG14A.2,2014-2018,Mortality due to suicide,14,All people,Aboriginal and Torres Strait Islander people,All areas,Suicide deaths,five-year aggregate,Number,,,Aboriginal and Torres Strait Islander people,All people,,,ABS (unpublished) Causes of Death Australia,no.,196,37,260,199,37,3,7,108,800,
CtG14A.2,2014-2018,Mortality due to suicide,47,All people,Non-Indigenous people,All areas,Suicide deaths,five-year aggregate,Number,,,Non-Indigenous people,All people,,,ABS (unpublished) Causes of Death Australia,no.,4095,3319,3430,1649,1090,394,206,140,10404,
CtG14A.2,2014-2018,Mortality due to suicide,15,All people,Non-Indigenous people,All areas,Suicide deaths,five-year aggregate,Number,,,Non-Indigenous people,All people,,,ABS (unpublished) Causes of Death Australia,no.,4095,3319,3430,1649,1090,394,206,140,10404,
CtG14A.2,2014-2018,Mortality due to suicide,50,All people,Non-Indigenous people,All areas,Suicide deaths,five-year aggregate,Number,,,Non-Indigenous people,All people,,,ABS (unpublished) Causes of Death Australia,no.,4095,3319,3430,1649,1090,394,206,140,10404,
CtG14A.2,2014-2018,Mortality due to suicide,21,All people,Non-Indigenous people,All areas,Suicide deaths,five-year aggregate,Number,,,Non-Indigenous people,All people,,,ABS (unpublished) Causes of Death Australia,no.,4095,3319,3430,1649,1090,394,206,140,10404,
CtG14A.2,2014-2018,Mortality due to suicide,82,All people,Non-Indigenous people,All areas,Suicide deaths,five-year aggregate,Number,,,Non-Indigenous people,All people,,,ABS (unpublished) Causes of Death Australia,no.,4095,3319,3430,1649,1090,394,206,140,10404,
CtG14A.2,2013-2017,Mortality due to suicide,30,All people,Aboriginal and Torres Strait Islander people,All areas,Suicide deaths,five-year aggregate,Rate per 100000 people,,,Aboriginal and Torres Strait Islander people,All people,,,ABS (unpublished) Causes of Death Australia,rate (AS),15.7,np,24.4,38,25.3,np,np,25.6,23.4,
CtG14A.2,2013-2017,Mortality due to suicide,66,All people,Aboriginal and Torres Strait Islander people,All areas,Suicide deaths,five-year aggregate,Rate per 100000 people,,,Aboriginal and Torres Strait Islander people,All people,,,ABS (unpublished) Causes of Death Australia,rate (AS),15.7,np,24.4,38,25.3,np,np,25.6,23.4,
CtG14A.2,2013-2017,Mortality due to suicide,75,All people,Aboriginal and Torres Strait Islander people,All areas,Suicide deaths,five-year aggregate,Rate per 100000 people,,,Aboriginal and Torres Strait Islander people,All people,,,ABS (unpublished) Causes of Death Australia,rate (AS),15.7,np,24.4,38,25.3,np,np,25.6,23.4,
CtG14A.2,2013-2017,Mortality due to suicide,31,All people,Aboriginal and Torres Strait Islander people,All areas,Suicide deaths,five-year aggregate,Rate per 100000 people,,,Aboriginal and Torres Strait Islander people,All people,,,ABS (unpublished) Causes of Death Australia,rate (AS),15.7,np,24.4,38,25.3,np,np,25.6,23.4,
CtG14A.2,2013-2017,Mortality due to suicide,27,All people,Aboriginal and Torres Strait Islander people,All areas,Suicide deaths,five-year aggregate,Rate per 100000 people,,,Aboriginal and Torres Strait Islander people,All people,,,ABS (unpublished) Causes of Death Australia,rate (AS),15.7,np,24.4,38,25.3,np,np,25.6,23.4,
CtG14A.2,2013-2017,Mortality due to suicide,57,All people,Non-Indigenous people,All areas,Suicide deaths,five-year aggregate,Rate per 100000 people,,,Non-Indigenous people,All people,,,ABS (unpublished) Causes of Death Australia,rate (AS),10.4,np,14.4,12.9,12.7,np,np,15,12.2,
CtG14A.2,2013-2017,Mortality due to suicide,3,All people,Non-Indigenous people,All areas,Suicide deaths,five-year aggregate,Rate per 100000 people,,,Non-Indigenous people,All people,,,ABS (unpublished) Causes of Death Australia,rate (AS),10.4,np,14.4,12.9,12.7,np,np,15,12.2,
CtG14A.2,2013-2017,Mortality due to suicide,29,All people,Non-Indigenous people,All areas,Suicide deaths,five-year aggregate,Rate per 100000 people,,,Non-Indigenous people,All people,,,ABS (unpublished) Causes of Death Australia,rate (AS),10.4,np,14.4,12.9,12.7,np,np,15,12.2,
CtG14A.2,2013-2017,Mortality due to suicide,26,All people,Non-Indigenous people,All areas,Suicide deaths,five-year aggregate,Rate per 100000 people,,,Non-Indigenous people,All people,,,ABS (unpublished) Causes of Death Australia,rate (AS),10.4,np,14.4,12.9,12.7,np,np,15,12.2,
CtG14A.2,2013-2017,Mortality due to suicide,28,All people,Non-Indigenous people,All areas,Suicide deaths,five-year aggregate,Rate per 100000 people,,,Non-Indigenous people,All people,,,ABS (unpublished) Causes of Death Australia,rate (AS),10.4,np,14.4,12.9,12.7,np,np,15,12.2,
CtG14A.2,2013-2017,Mortality due to suicide,74,All people,Aboriginal and Torres Strait Islander people,All areas,Suicide deaths,five-year aggregate,Number,,,Aboriginal and Torres Strait Islander people,All people,,,ABS (unpublished) Causes of Death Australia,no.,173,34,249,195,45,6,7,105,767,
CtG14A.2,2013-2017,Mortality due to suicide,50,All people,Aboriginal and Torres Strait Islander people,All areas,People aged 18 years or over assessed on the K5 scale of psychological distress,five-year aggregate,Number,,,Aboriginal and Torres Strait Islander people,All people,,,ABS (unpublished) Causes of Death Australia,no.,173,34,249,195,45,6,7,105,767,
CtG14A.2,2013-2017,Mortality due to suicide,63,All people,Aboriginal and Torres Strait Islander people,All areas,People aged 18 years or over assessed on the K5 scale of psychological distress,five-year aggregate,Number,,,Aboriginal and Torres Strait Islander people,All people,,,ABS (unpublished) Causes of Death Australia,no.,173,34,249,195,45,6,7,105,767,
CtG14A.2,2013-2017,Mortality due to suicide,95,All people,Aboriginal and Torres Strait Islander people,All areas,People aged 18 years or over assessed on the K5 scale of psychological distress,five-year aggregate,Number,,,Aboriginal and Torres Strait Islander people,All people,,,ABS (unpublished) Causes of Death Australia,no.,173,34,249,195,45,6,7,105,767,
CtG14A.2,2013-2017,Mortality due to suicide,87,All people,Aboriginal and Torres Strait Islander people,All areas,People aged 18 years or over assessed on the K5 scale of psychological distress,five-year aggregate,Number,,,Aboriginal and Torres Strait Islander people,All people,,,ABS (unpublished) Causes of Death Australia,no.,173,34,249,195,45,6,7,105,767,
CtG14A.2,2013-2017,Mortality due to suicide,31,All people,Non-Indigenous people,All areas,People aged 18 years or over assessed on the K5 scale of psychological distress,five-year aggregate,Number,,,Non-Indigenous people,All people,,,ABS (unpublished) Causes of Death Australia,no.,3916,3174,3314,1604,1071,390,194,129,10034,
CtG14A.2,2013-2017,Mortality due to suicide,43,All people,Non-Indigenous people,All areas,Suicide deaths,five-year aggregate,Number,,,Non-Indigenous people,All people,,,ABS (unpublished) Causes of Death Australia,no.,3916,3174,3314,1604,1071,390,194,129,10034,
CtG14A.2,2013-2017,Mortality due to suicide,70,All people,Non-Indigenous people,All areas,Suicide deaths,five-year aggregate,Number,,,Non-Indigenous people,All people,,,ABS (unpublished) Causes of Death Australia,no.,3916,3174,3314,1604,1071,390,194,129,10034,
CtG14A.2,2013-2017,Mortality due to suicide,9,All people,Non-Indigenous people,All areas,Suicide deaths,five-year aggregate,Number,,,Non-Indigenous people,All people,,,ABS (unpublished) Causes of Death Australia,no.,3916,3174,3314,1604,1071,390,194,129,10034,
CtG14A.2,2013-2017,Mortality due to suicide,31,All people,Non-Indigenous people,All areas,Suicide deaths,five-year aggregate,Number,,,Non-Indigenous people,All people,,,ABS (unpublished) Causes of Death Australia,no.,3916,3174,3314,1604,1071,390,194,129,10034,
CtG14A.2,2012-2016,Mortality due to suicide,84,All people,Aboriginal and Torres Strait Islander people,All areas,Suicide deaths,five-year aggregate,Rate per 100000 people,,,Aboriginal and Torres Strait Islander people,All people,,,ABS (unpublished) Causes of Death Australia,rate (AS),14.1,np,22.8,39.8,21.6,np,np,26.2,22.4,
CtG14A.2,2012-2016,Mortality due to suicide,42,All people,Aboriginal and Torres Strait Islander people,All areas,Suicide deaths,five-year aggregate,Rate per 100000 people,,,Aboriginal and Torres Strait Islander people,All people,,,ABS (unpublished) Causes of Death Australia,rate (AS),14.1,np,22.8,39.8,21.6,np,np,26.2,22.4,
CtG14A.2,2012-2016,Mortality due to suicide,68,All people,Aboriginal and Torres Strait Islander people,All areas,Suicide deaths,five-year aggregate,Rate per 100000 people,,,Aboriginal and Torres Strait Islander people,All people,,,ABS (unpublished) Causes of Death Australia,rate (AS),14.1,np,22.8,39.8,21.6,np,np,26.2,22.4,
CtG14A.2,2012-2016,Mortality due to suicide,63,All people,Aboriginal and Torres Strait Islander people,All areas,Suicide deaths,five-year aggregate,Rate per 100000 people,,,Aboriginal and Torres Strait Islander people,All people,,,ABS (unpublished) Causes of Death Australia,rate (AS),14.1,np,22.8,39.8,21.6,np,np,26.2,22.4,
CtG14A.2,2012-2016,Mortality due to suicide,52,All people,Aboriginal and Torres Strait Islander people,All areas,Suicide deaths,five-year aggregate,Rate per 100000 people,,,Aboriginal and Torres Strait Islander people,All people,,,ABS (unpublished) Causes of Death Australia,rate (AS),14.1,np,22.8,39.8,21.6,np,np,26.2,22.4,
CtG14A.2,2012-2016,Mortality due to suicide,30,All people,Non-Indigenous people,All areas,Suicide deaths,five-year aggregate,Rate per 100000 people,,,Non-Indigenous people,All people,,,ABS (unpublished) Causes of Death Australia,rate (AS),10.1,np,13.8,12.6,12.6,np,np,14.4,11.8,
CtG14A.2,2012-2016,Mortality due to suicide,7,All people,Non-Indigenous people,All areas,Suicide deaths,five-year aggregate,Rate per 100000 people,,,Non-Indigenous people,All people,,,ABS (unpublished) Causes of Death Australia,rate (AS),10.1,np,13.8,12.6,12.6,np,np,14.4,11.8,
CtG14A.2,2012-2016,Mortality due to suicide,79,All people,Non-Indigenous people,All areas,Suicide deaths,five-year aggregate,Rate per 100000 people,,,Non-Indigenous people,All people,,,ABS (unpublished) Causes of Death Australia,rate (AS),10.1,np,13.8,12.6,12.6,np,np,14.4,11.8,
CtG14A.2,2012-2016,Mortality due to suicide,100,All people,Non-Indigenous people,All areas,Suicide deaths,five-year aggregate,Rate per 100000 people,,,Non-Indigenous people,All people,,,ABS (unpublished) Causes of Death Australia,rate (AS),10.1,np,13.8,12.6,12.6,np,np,14.4,11.8,
CtG14A.2,2012-2016,Mortality due to suicide,51,All people,Non-Indigenous people,All areas,Suicide deaths,five-year aggregate,Rate per 100000 people,,,Non-Indigenous people,All people,,,ABS (unpublished) Causes of Death Australia,rate (AS),10.1,np,13.8,12.6,12.6,np,np,14.4,11.8,
CtG14A.2,2012-2016,Mortality due to suicide,48,All people,Aboriginal and Torres Strait Islander people,All areas,Suicide deaths,five-year aggregate,Number,,,Aboriginal and Torres Strait Islander people,All people,,,ABS (unpublished) Causes of Death Australia,no.,150,34,227,202,38,6,6,105,722,
CtG14A.2,2012-2016,Mortality due to suicide,76,All people,Aboriginal and Torres Strait Islander people,All areas,Suicide deaths,five-year aggregate,Number,,,Aboriginal and Torres Strait Islander people,All people,,,ABS (unpublished) Causes of Death Australia,no.,150,34,227,202,38,6,6,105,722,
CtG14A.2,2012-2016,Mortality due to suicide,1,All people,Aboriginal and Torres Strait Islander people,All areas,Suicide deaths,five-year aggregate,Number,,,Aboriginal and Torres Strait Islander people,All people,,,ABS (unpublished) Causes of Death Australia,no.,150,34,227,202,38,6,6,105,722,
CtG14A.2,2012-2016,Mortality due to suicide,35,All people,Aboriginal and Torres Strait Islander people,All areas,Suicide deaths,five-year aggregate,Number,,,Aboriginal and Torres Strait Islander people,All people,,,ABS (unpublished) Causes of Death Australia,no.,150,34,227,202,38,6,6,105,722,
CtG14A.2,2012-2016,Mortality due to suicide,15,All people,Aboriginal and Torres Strait Islander people,All areas,Suicide deaths,five-year aggregate,Number,,,Aboriginal and Torres Strait Islander people,All people,,,ABS (unpublished) Causes of Death Australia,no.,150,34,227,202,38,6,6,105,722,
CtG14A.2,2012-2016,Mortality due to suicide,19,All people,Non-Indigenous people,All areas,Suicide deaths,five-year aggregate,Number,,,Non-Indigenous people,All people,,,ABS (unpublished) Causes of Death Australia,no.,3741,2979,3132,1555,1052,385,162,126,9606,
CtG14A.2,2012-2016,Mortality due to suicide,93,All people,Non-Indigenous people,All areas,Suicide deaths,five-year aggregate,Number,,,Non-Indigenous people,All people,,,ABS (unpublished) Causes of Death Australia,no.,3741,2979,3132,1555,1052,385,162,126,9606,
CtG14A.2,2012-2016,Mortality due to suicide,82,All people,Non-Indigenous people,All areas,Suicide deaths,five-year aggregate,Number,,,Non-Indigenous people,All people,,,ABS (unpublished) Causes of Death Australia,no.,3741,2979,3132,1555,1052,385,162,126,9606,
CtG14A.2,2012-2016,Mortality due to suicide,19,All people,Non-Indigenous people,All areas,Suicide deaths,five-year aggregate,Number,,,Non-Indigenous people,All people,,,ABS (unpublished) Causes of Death Australia,no.,3741,2979,3132,1555,1052,385,162,126,9606,
CtG14A.2,2012-2016,Mortality due to suicide,67,All people,Non-Indigenous people,All areas,Suicide deaths,five-year aggregate,Number,,,Non-Indigenous people,All people,,,ABS (unpublished) Causes of Death Australia,no.,3741,2979,3132,1555,1052,385,162,126,9606,
CtG14A.2,2011-2015,Mortality due to suicide,94,All people,Aboriginal and Torres Strait Islander people,All areas,Suicide deaths,five-year aggregate,Rate per 100000 people,,,Aboriginal and Torres Strait Islander people,All people,,,ABS (unpublished) Causes of Death Australia,rate (AS),12.4,np,22.6,39.4,25.8,np,np,28.1,22.2,
CtG14A.2,2011-2015,Mortality due to suicide,96,All people,Aboriginal and Torres Strait Islander people,All areas,Suicide deaths,five-year aggregate,Rate per 100000 people,,,Aboriginal and Torres Strait Islander people,All people,,,ABS (unpublished) Causes of Death Australia,rate (AS),12.4,np,22.6,39.4,25.8,np,np,28.1,22.2,
CtG14A.2,2011-2015,Mortality due to suicide,67,All people,Aboriginal and Torres Strait Islander people,All areas,Suicide deaths,five-year aggregate,Rate per 100000 people,,,Aboriginal and Torres Strait Islander people,All people,,,ABS (unpublished) Causes of Death Australia,rate (AS),12.4,np,22.6,39.4,25.8,np,np,28.1,22.2,
CtG14A.2,2011-2015,Mortality due to suicide,95,All people,Aboriginal and Torres Strait Islander people,All areas,Suicide deaths,five-year aggregate,Rate per 100000 people,,,Aboriginal and Torres Strait Islander people,All people,,,ABS (unpublished) Causes of Death Australia,rate (AS),12.4,np,22.6,39.4,25.8,np,np,28.1,22.2,
CtG14A.2,2011-2015,Mortality due to suicide,79,All people,Aboriginal and Torres Strait Islander people,All areas,Suicide deaths,five-year aggregate,Rate per 100000 people,,,Aboriginal and Torres Strait Islander people,All people,,,ABS (unpublished) Causes of Death Australia,rate (AS),12.4,np,22.6,39.4,25.8,np,np,28.1,22.2,
CtG14A.2,2011-2015,Mortality due to suicide,35,All people,Non-Indigenous people,All areas,Suicide deaths,five-year aggregate,Rate per 100000 people,,,Non-Indigenous people,All people,,,ABS (unpublished) Causes of Death Australia,rate (AS),9.8,np,13.5,12.4,12.4,np,np,13.2,11.5,
CtG14A.2,2011-2015,Mortality due to suicide,68,All people,Non-Indigenous people,All areas,Suicide deaths,five-year aggregate,Rate per 100000 people,,,Non-Indigenous people,All people,,,ABS (unpublished) Causes of Death Australia,rate (AS),9.8,np,13.5,12.4,12.4,np,np,13.2,11.5,
CtG14A.2,2011-2015,Mortality due to suicide,22,All people,Non-Indigenous people,All areas,Suicide deaths,five-year aggregate,Rate per 100000 people,,,Non-Indigenous people,All people,,,ABS (unpublished) Causes of Death Australia,rate (AS),9.8,np,13.5,12.4,12.4,np,np,13.2,11.5,
CtG14A.2,2011-2015,Mortality due to suicide,82,All people,Non-Indigenous people,All areas,Suicide deaths,five-year aggregate,Rate per 100000 people,,,Non-Indigenous people,All people,,,ABS (unpublished) Causes of Death Australia,rate (AS),9.8,np,13.5,12.4,12.4,np,np,13.2,11.5,
CtG14A.2,2011-2015,Mortality due to suicide,49,All people,Non-Indigenous people,All areas,Suicide deaths,five-year aggregate,Rate per 100000 people,,,Non-Indigenous people,All people,,,ABS (unpublished) Causes of Death Australia,rate (AS),9.8,np,13.5,12.4,12.4,np,np,13.2,11.5,
CtG14A.2,2011-2015,Mortality due to suicide,14,All people,Aboriginal and Torres Strait Islander people,All areas,Suicide deaths,five-year aggregate,Number,,,Aboriginal and Torres Strait Islander people,All people,,,ABS (unpublished) Causes of Death Australia,no.,128,35,221,191,44,5,5,114,698,
CtG14A.2,2011-2015,Mortality due to suicide,82,All people,Aboriginal and Torres Strait Islander people,All areas,Suicide deaths,five-year aggregate,Number,,,Aboriginal and Torres Strait Islander people,All people,,,ABS (unpublished) Causes of Death Australia,no.,128,35,221,191,44,5,5,114,698,
CtG14A.2,2011-2015,Mortality due to suicide,94,All people,Aboriginal and Torres Strait Islander people,All areas,Suicide deaths,five-year aggregate,Number,,,Aboriginal and Torres Strait Islander people,All people,,,ABS (unpublished) Causes of Death Australia,no.,128,35,221,191,44,5,5,114,698,
CtG14A.2,2011-2015,Mortality due to suicide,3,All people,Aboriginal and Torres Strait Islander people,All areas,Suicide deaths,five-year aggregate,Number,,,Aboriginal and Torres Strait Islander people,All people,,,ABS (unpublished) Causes of Death Australia,no.,128,35,221,191,44,5,5,114,698,
CtG14A.2,2011-2015,Mortality due to suicide,91,All people,Aboriginal and Torres Strait Islander people,All areas,Suicide deaths,five-year aggregate,Number,,,Aboriginal and Torres Strait Islander people,All people,,,ABS (unpublished) Causes of Death Australia,no.,128,35,221,191,44,5,5,114,698,
CtG14A.2,2011-2015,Mortality due to suicide,83,All people,Non-Indigenous people,All areas,Suicide deaths,five-year aggregate,Number,,,Non-Indigenous people,All people,,,ABS (unpublished) Causes of Death Australia,no.,3574,2869,3025,1505,1035,367,171,115,9254,
CtG14A.2,2011-2015,Mortality due to suicide,6,All people,Non-Indigenous people,All areas,Suicide deaths,five-year aggregate,Number,,,Non-Indigenous people,All people,,,ABS (unpublished) Causes of Death Australia,no.,3574,2869,3025,1505,1035,367,171,115,9254,
CtG14A.2,2011-2015,Mortality due to suicide,23,All people,Non-Indigenous people,All areas,Suicide deaths,five-year aggregate,Number,,,Non-Indigenous people,All people,,,ABS (unpublished) Causes of Death Australia,no.,3574,2869,3025,1505,1035,367,171,115,9254,
CtG14A.2,2011-2015,Mortality due to suicide,7,All people,Non-Indigenous people,All areas,Suicide deaths,five-year aggregate,Number,,,Non-Indigenous people,All people,,,ABS (unpublished) Causes of Death Australia,no.,3574,2869,3025,1505,1035,367,171,115,9254,
CtG14A.2,2011-2015,Mortality due to suicide,24,All people,Non-Indigenous people,All areas,Suicide deaths,five-year aggregate,Number,,,Non-Indigenous people,All people,,,ABS (unpublished) Causes of Death Australia,no.,3574,2869,3025,1505,1035,367,171,115,9254,
CtG14A.2,2010-2014,Mortality due to suicide,73,All people,Aboriginal and Torres Strait Islander people,All areas,Suicide deaths,five-year aggregate,Rate per 100000 people,,,Aboriginal and Torres Strait Islander people,All people,,,ABS (unpublished) Causes of Death Australia,rate (AS),10.8,np,21.1,38.1,24.6,np,np,31.6,21.3,
CtG14A.2,2010-2014,Mortality due to suicide,99,All people,Aboriginal and Torres Strait Islander people,All areas,Suicide deaths,five-year aggregate,Rate per 100000 people,,,Aboriginal and Torres Strait Islander people,All people,,,ABS (unpublished) Causes of Death Australia,rate (AS),10.8,np,21.1,38.1,24.6,np,np,31.6,21.3,
CtG14A.2,2010-2014,Mortality due to suicide,88,All people,Aboriginal and Torres Strait Islander people,All areas,Suicide deaths,five-year aggregate,Rate per 100000 people,,,Aboriginal and Torres Strait Islander people,All people,,,ABS (unpublished) Causes of Death Australia,rate (AS),10.8,np,21.1,38.1,24.6,np,np,31.6,21.3,
CtG14A.2,2010-2014,Mortality due to suicide,29,All people,Aboriginal and Torres Strait Islander people,All areas,Suicide deaths,five-year aggregate,Rate per 100000 people,,,Aboriginal and Torres Strait Islander people,All people,,,ABS (unpublished) Causes of Death Australia,rate (AS),10.8,np,21.1,38.1,24.6,np,np,31.6,21.3,
CtG14A.2,2010-2014,Mortality due to suicide,41,All people,Aboriginal and Torres Strait Islander people,All areas,Suicide deaths,five-year aggregate,Rate per 100000 people,,,Aboriginal and Torres Strait Islander people,All people,,,ABS (unpublished) Causes of Death Australia,rate (AS),10.8,np,21.1,38.1,24.6,np,np,31.6,21.3,
CtG14A.2,2010-2014,Mortality due to suicide,20,All people,Non-Indigenous people,All areas,Suicide deaths,five-year aggregate,Rate per 100000 people,,,Non-Indigenous people,All people,,,ABS (unpublished) Causes of Death Australia,rate (AS),9.4,np,12.9,12,12.1,np,np,11.8,11.1,
CtG14A.2,2010-2014,Mortality due to suicide,29,All people,Non-Indigenous people,All areas,Suicide deaths,five-year aggregate,Rate per 100000 people,,,Non-Indigenous people,All people,,,ABS (unpublished) Causes of Death Australia,rate (AS),9.4,np,12.9,12,12.1,np,np,11.8,11.1,
CtG14A.2,2010-2014,Mortality due to suicide,2,All people,Non-Indigenous people,All areas,Suicide deaths,five-year aggregate,Rate per 100000 people,,,Non-Indigenous people,All people,,,ABS (unpublished) Causes of Death Australia,rate (AS),9.4,np,12.9,12,12.1,np,np,11.8,11.1,
CtG14A.2,2010-2014,Mortality due to suicide,12,All people,Non-Indigenous people,All areas,Suicide deaths,five-year aggregate,Rate per 100000 people,,,Non-Indigenous people,All people,,,ABS (unpublished) Causes of Death Australia,rate (AS),9.4,np,12.9,12,12.1,np,np,11.8,11.1,
CtG14A.2,2010-2014,Mortality due to suicide,67,All people,Non-Indigenous people,All areas,Suicide deaths,five-year aggregate,Rate per 100000 people,,,Non-Indigenous people,All people,,,ABS (unpublished) Causes of Death Australia,rate (AS),9.4,np,12.9,12,12.1,np,np,11.8,11.1,
CtG14A.2,2010-2014,Mortality due to suicide,66,All people,Aboriginal and Torres Strait Islander people,All areas,Suicide deaths,five-year aggregate,Number,,,Aboriginal and Torres Strait Islander people,All people,,,ABS (unpublished) Causes of Death Australia,no.,108,31,195,179,43,3,1,126,651,
CtG14A.2,2010-2014,Mortality due to suicide,85,All people,Aboriginal and Torres Strait Islander people,All areas,Suicide deaths,five-year aggregate,Number,,,Aboriginal and Torres Strait Islander people,All people,,,ABS (unpublished) Causes of Death Australia,no.,108,31,195,179,43,3,1,126,651,
CtG14A.2,2010-2014,Mortality due to suicide,78,All people,Aboriginal and Torres Strait Islander people,All areas,Suicide deaths,five-year aggregate,Number,,,Aboriginal and Torres Strait Islander people,All people,,,ABS (unpublished) Causes of Death Australia,no.,108,31,195,179,43,3,1,126,651,
CtG14A.2,2010-2014,Mortality due to suicide,24,All people,Aboriginal and Torres Strait Islander people,All areas,Suicide deaths,five-year aggregate,Number,,,Aboriginal and Torres Strait Islander people,All people,,,ABS (unpublished) Causes of Death Australia,no.,108,31,195,179,43,3,1,126,651,
CtG14A.2,2010-2014,Mortality due to suicide,55,All people,Aboriginal and Torres Strait Islander people,All areas,Suicide deaths,five-year aggregate,Number,,,Aboriginal and Torres Strait Islander people,All people,,,ABS (unpublished) Causes of Death Australia,no.,108,31,195,179,43,3,1,126,651,
CtG14A.2,2010-2014,Mortality due to suicide,13,All people,Non-Indigenous people,All areas,Suicide deaths,five-year aggregate,Number,,,Non-Indigenous people,All people,,,ABS (unpublished) Causes of Death Australia,no.,3424,2755,2848,1422,998,349,163,100,8792,
CtG14A.2,2010-2014,Mortality due to suicide,90,All people,Non-Indigenous people,All areas,Suicide deaths,five-year aggregate,Number,,,Non-Indigenous people,All people,,,ABS (unpublished) Causes of Death Australia,no.,3424,2755,2848,1422,998,349,163,100,8792,
CtG14A.2,2010-2014,Mortality due to suicide,87,All people,Non-Indigenous people,All areas,Suicide deaths,five-year aggregate,Number,,,Non-Indigenous people,All people,,,ABS (unpublished) Causes of Death Australia,no.,3424,2755,2848,1422,998,349,163,100,8792,
CtG14A.2,2010-2014,Mortality due to suicide,82,All people,Non-Indigenous people,All areas,Suicide deaths,five-year aggregate,Number,,,Non-Indigenous people,All people,,,ABS (unpublished) Causes of Death Australia,no.,3424,2755,2848,1422,998,349,163,100,8792,
CtG14A.2,2010-2014,Mortality due to suicide,10,All people,Non-Indigenous people,All areas,Suicide deaths,five-year aggregate,Number,,,Non-Indigenous people,All people,,,ABS (unpublished) Causes of Death Australia,no.,3424,2755,2848,1422,998,349,163,100,8792,
CtG14A.2,2009-2013,Mortality due to suicide,50,All people,Aboriginal and Torres Strait Islander people,All areas,Suicide deaths,five-year aggregate,Rate per 100000 people,,,Aboriginal and Torres Strait Islander people,All people,,,ABS (unpublished) Causes of Death Australia,rate (AS),11,np,20.7,34.4,20.4,np,np,29.1,20.2,
CtG14A.2,2009-2013,Mortality due to suicide,95,All people,Aboriginal and Torres Strait Islander people,All areas,Suicide deaths,five-year aggregate,Rate per 100000 people,,,Aboriginal and Torres Strait Islander people,All people,,,ABS (unpublished) Causes of Death Australia,rate (AS),11,np,20.7,34.4,20.4,np,np,29.1,20.2,
CtG14A.2,2009-2013,Mortality due to suicide,45,All people,Aboriginal and Torres Strait Islander people,All areas,Suicide deaths,five-year aggregate,Rate per 100000 people,,,Aboriginal and Torres Strait Islander people,All people,,,ABS (unpublished) Causes of Death Australia,rate (AS),11,np,20.7,34.4,20.4,np,np,29.1,20.2,
CtG14A.2,2009-2013,Mortality due to suicide,74,All people,Aboriginal and Torres Strait Islander people,All areas,Suicide deaths,five-year aggregate,Rate per 100000 people,,,Aboriginal and Torres Strait Islander people,All people,,,ABS (unpublished) Causes of Death Australia,rate (AS),11,np,20.7,34.4,20.4,np,np,29.1,20.2,
CtG14A.2,2009-2013,Mortality due to suicide,33,All people,Aboriginal and Torres Strait Islander people,All areas,Suicide deaths,five-year aggregate,Rate per 100000 people,,,Aboriginal and Torres Strait Islander people,All people,,,ABS (unpublished) Causes of Death Australia,rate (AS),11,np,20.7,34.4,20.4,np,np,29.1,20.2,
CtG14A.2,2009-2013,Mortality due to suicide,26,All people,Non-Indigenous people,All areas,Suicide deaths,five-year aggregate,Rate per 100000 people,,,Non-Indigenous people,All people,,,ABS (unpublished) Causes of Death Australia,rate (AS),9,np,12.6,11.9,11.5,np,np,11.7,10.7,
CtG14A.2,2009-2013,Mortality due to suicide,62,All people,Non-Indigenous people,All areas,Suicide deaths,five-year aggregate,Rate per 100000 people,,,Non-Indigenous people,All people,,,ABS (unpublished) Causes of Death Australia,rate (AS),9,np,12.6,11.9,11.5,np,np,11.7,10.7,
CtG14A.2,2009-2013,Mortality due to suicide,94,All people,Non-Indigenous people,All areas,Suicide deaths,five-year aggregate,Rate per 100000 people,,,Non-Indigenous people,All people,,,ABS (unpublished) Causes of Death Australia,rate (AS),9,np,12.6,11.9,11.5,np,np,11.7,10.7,
CtG14A.2,2009-2013,Mortality due to suicide,35,All people,Non-Indigenous people,All areas,Suicide deaths,five-year aggregate,Rate per 100000 people,,,Non-Indigenous people,All people,,,ABS (unpublished) Causes of Death Australia,rate (AS),9,np,12.6,11.9,11.5,np,np,11.7,10.7,
CtG14A.2,2009-2013,Mortality due to suicide,97,All people,Non-Indigenous people,All areas,Suicide deaths,five-year aggregate,Rate per 100000 people,,,Non-Indigenous people,All people,,,ABS (unpublished) Causes of Death Australia,rate (AS),9,np,12.6,11.9,11.5,np,np,11.7,10.7,
CtG14A.2,2009-2013,Mortality due to suicide,30,All people,Aboriginal and Torres Strait Islander people,All areas,Suicide deaths,five-year aggregate,Number,,,Aboriginal and Torres Strait Islander people,All people,,,ABS (unpublished) Causes of Death Australia,no.,104,28,190,157,37,4,2,115,603,
CtG14A.2,2009-2013,Mortality due to suicide,61,All people,Aboriginal and Torres Strait Islander people,All areas,Suicide deaths,five-year aggregate,Number,,,Aboriginal and Torres Strait Islander people,All people,,,ABS (unpublished) Causes of Death Australia,no.,104,28,190,157,37,4,2,115,603,
CtG14A.2,2009-2013,Mortality due to suicide,19,All people,Aboriginal and Torres Strait Islander people,All areas,Suicide deaths,five-year aggregate,Number,,,Aboriginal and Torres Strait Islander people,All people,,,ABS (unpublished) Causes of Death Australia,no.,104,28,190,157,37,4,2,115,603,
CtG14A.2,2009-2013,Mortality due to suicide,95,All people,Aboriginal and Torres Strait Islander people,All areas,Suicide deaths,five-year aggregate,Number,,,Aboriginal and Torres Strait Islander people,All people,,,ABS (unpublished) Causes of Death Australia,no.,104,28,190,157,37,4,2,115,603,
CtG14A.2,2009-2013,Mortality due to suicide,28,All people,Aboriginal and Torres Strait Islander people,All areas,Suicide deaths,five-year aggregate,Number,,,Aboriginal and Torres Strait Islander people,All people,,,ABS (unpublished) Causes of Death Australia,no.,104,28,190,157,37,4,2,115,603,
CtG14A.2,2009-2013,Mortality due to suicide,14,All people,Non-Indigenous people,All areas,Suicide deaths,five-year aggregate,Number,,,Non-Indigenous people,All people,,,ABS (unpublished) Causes of Death Australia,no.,3213,2676,2720,1366,935,359,158,92,8326,
CtG14A.2,2009-2013,Mortality due to suicide,61,All people,Non-Indigenous people,All areas,Suicide deaths,five-year aggregate,Number,,,Non-Indigenous people,All people,,,ABS (unpublished) Causes of Death Australia,no.,3213,2676,2720,1366,935,359,158,92,8326,
CtG14A.2,2009-2013,Mortality due to suicide,27,All people,Non-Indigenous people,All areas,Suicide deaths,five-year aggregate,Number,,,Non-Indigenous people,All people,,,ABS (unpublished) Causes of Death Australia,no.,3213,2676,2720,1366,935,359,158,92,8326,
CtG14A.2,2009-2013,Mortality due to suicide,74,All people,Non-Indigenous people,All areas,Suicide deaths,five-year aggregate,Number,,,Non-Indigenous people,All people,,,ABS (unpublished) Causes of Death Australia,no.,3213,2676,2720,1366,935,359,158,92,8326,
CtG14A.2,2009-2013,Mortality due to suicide,100,All people,Non-Indigenous people,All areas,Suicide deaths,five-year aggregate,Number,,,Non-Indigenous people,All people,,,ABS (unpublished) Causes of Death Australia,no.,3213,2676,2720,1366,935,359,158,92,8326,
CtG14A.4,2018-2022,Mortality due to suicide,89,Males,Aboriginal and Torres Strait Islander people,All areas,Suicide deaths,five-year aggregate,Rate per 100000 people,,,Aboriginal and Torres Strait Islander people,Males,,,ABS (unpublished) Causes of Death Australia,rate (AS),34.8,np,42.3,56.3,36.8,np,np,46.3,41.5,
CtG14A.4,2018-2022,Mortality due to suicide,100,Males,Aboriginal and Torres Strait Islander people,All areas,Suicide deaths,five-year aggregate,Rate per 100000 people,,,Aboriginal and Torres Strait Islander people,Males,,,ABS (unpublished) Causes of Death Australia,rate (AS),34.8,np,42.3,56.3,36.8,np,np,46.3,41.5,
CtG14A.4,2018-2022,Mortality due to suicide,78,Males,Aboriginal and Torres Strait Islander people,All areas,Suicide deaths,five-year aggregate,Rate per 100000 people,,,Aboriginal and Torres Strait Islander people,Males,,,ABS (unpublished) Causes of Death Australia,rate (AS),34.8,np,42.3,56.3,36.8,np,np,46.3,41.5,
CtG14A.4,2018-2022,Mortality due to suicide,37,Males,Aboriginal and Torres Strait Islander people,All areas,Suicide deaths,five-year aggregate,Rate per 100000 people,,,Aboriginal and Torres Strait Islander people,Males,,,ABS (unpublished) Causes of Death Australia,rate (AS),34.8,np,42.3,56.3,36.8,np,np,46.3,41.5,
CtG14A.4,2018-2022,Mortality due to suicide,91,Males,Aboriginal and Torres Strait Islander people,All areas,Suicide deaths,five-year aggregate,Rate per 100000 people,,,Aboriginal and Torres Strait Islander people,Males,,,ABS (unpublished) Causes of Death Australia,rate (AS),34.8,np,42.3,56.3,36.8,np,np,46.3,41.5,
CtG14A.4,2018-2022,Mortality due to suicide,87,Females,Aboriginal and Torres Strait Islander people,All areas,Suicide deaths,five-year aggregate,Rate per 100000 people,,,Aboriginal and Torres Strait Islander people,Females,,,ABS (unpublished) Causes of Death Australia,rate (AS),11.3,np,14.4,20,np,np,np,17.6,14.1,
CtG14A.4,2018-2022,Mortality due to suicide,65,Females,Aboriginal and Torres Strait Islander people,All areas,Suicide deaths,five-year aggregate,Rate per 100000 people,,,Aboriginal and Torres Strait Islander people,Females,,,ABS (unpublished) Causes of Death Australia,rate (AS),11.3,np,14.4,20,np,np,np,17.6,14.1,
CtG14A.4,2018-2022,Mortality due to suicide,44,Females,Aboriginal and Torres Strait Islander people,All areas,Suicide deaths,five-year aggregate,Rate per 100000 people,,,Aboriginal and Torres Strait Islander people,Females,,,ABS (unpublished) Causes of Death Australia,rate (AS),11.3,np,14.4,20,np,np,np,17.6,14.1,
CtG14A.4,2018-2022,Mortality due to suicide,18,Females,Aboriginal and Torres Strait Islander people,All areas,Suicide deaths,five-year aggregate,Rate per 100000 people,,,Aboriginal and Torres Strait Islander people,Females,,,ABS (unpublished) Causes of Death Australia,rate (AS),11.3,np,14.4,20,np,np,np,17.6,14.1,
CtG14A.4,2018-2022,Mortality due to suicide,15,Females,Aboriginal and Torres Strait Islander people,All areas,Suicide deaths,five-year aggregate,Rate per 100000 people,,,Aboriginal and Torres Strait Islander people,Females,,,ABS (unpublished) Causes of Death Australia,rate (AS),11.3,np,14.4,20,np,np,np,17.6,14.1,
CtG14A.4,2018-2022,Mortality due to suicide,51,Males,Non-Indigenous people,All areas,Suicide deaths,five-year aggregate,Rate per 100000 people,,,Non-Indigenous people,Males,,,ABS (unpublished) Causes of Death Australia,rate (AS),16.1,np,22.8,19.7,19.6,np,np,18.4,18.9,
CtG14A.4,2018-2022,Mortality due to suicide,23,Males,Non-Indigenous people,All areas,Suicide deaths,five-year aggregate,Rate per 100000 people,,,Non-Indigenous people,Males,,,ABS (unpublished) Causes of Death Australia,rate (AS),16.1,np,22.8,19.7,19.6,np,np,18.4,18.9,
CtG14A.4,2018-2022,Mortality due to suicide,39,Males,Non-Indigenous people,All areas,Suicide deaths,five-year aggregate,Rate per 100000 people,,,Non-Indigenous people,Males,,,ABS (unpublished) Causes of Death Australia,rate (AS),16.1,np,22.8,19.7,19.6,np,np,18.4,18.9,
CtG14A.4,2018-2022,Mortality due to suicide,54,Males,Non-Indigenous people,All areas,Suicide deaths,five-year aggregate,Rate per 100000 people,,,Non-Indigenous people,Males,,,ABS (unpublished) Causes of Death Australia,rate (AS),16.1,np,22.8,19.7,19.6,np,np,18.4,18.9,
CtG14A.4,2018-2022,Mortality due to suicide,3,Males,Non-Indigenous people,All areas,Suicide deaths,five-year aggregate,Rate per 100000 people,,,Non-Indigenous people,Males,,,ABS (unpublished) Causes of Death Australia,rate (AS),16.1,np,22.8,19.7,19.6,np,np,18.4,18.9,
CtG14A.4,2018-2022,Mortality due to suicide,29,Females,Non-Indigenous people,All areas,Suicide deaths,five-year aggregate,Rate per 100000 people,,,Non-Indigenous people,Females,,,ABS (unpublished) Causes of Death Australia,rate (AS),5,np,6.5,6.7,5.8,np,np,8.4,5.8,
CtG14A.4,2018-2022,Mortality due to suicide,21,Females,Non-Indigenous people,All areas,Suicide deaths,five-year aggregate,Rate per 100000 people,,,Non-Indigenous people,Females,,,ABS (unpublished) Causes of Death Australia,rate (AS),5,np,6.5,6.7,5.8,np,np,8.4,5.8,
CtG14A.4,2018-2022,Mortality due to suicide,62,Females,Non-Indigenous people,All areas,Suicide deaths,five-year aggregate,Rate per 100000 people,,,Non-Indigenous people,Females,,,ABS (unpublished) Causes of Death Australia,rate (AS),5,np,6.5,6.7,5.8,np,np,8.4,5.8,
CtG14A.4,2018-2022,Mortality due to suicide,100,Females,Non-Indigenous people,All areas,Suicide deaths,five-year aggregate,Rate per 100000 people,,,Non-Indigenous people,Females,,,ABS (unpublished) Causes of Death Australia,rate (AS),5,np,6.5,6.7,5.8,np,np,8.4,5.8,
CtG14A.4,2018-2022,Mortality due to suicide,75,Females,Non-Indigenous people,All areas,Suicide deaths,five-year aggregate,Rate per 100000 people,,,Non-Indigenous people,Females,,,ABS (unpublished) Causes of Death Australia,rate (AS),5,np,6.5,6.7,5.8,np,np,8.4,5.8,
CtG14A.4,2018-2022,Mortality due to suicide,73,Males,Aboriginal and Torres Strait Islander people,All areas,Suicide deaths,five-year aggregate,Number,,,Aboriginal and Torres Strait Islander people,Males,,,ABS (unpublished) Causes of Death Australia,no.,206,57,234,144,36,11,7,91,np,
CtG14A.4,2018-2022,Mortality due to suicide,62,Males,Aboriginal and Torres Strait Islander people,All areas,Suicide deaths,five-year aggregate,Number,,,Aboriginal and Torres Strait Islander people,Males,,,ABS (unpublished) Causes of Death Australia,no.,206,57,234,144,36,11,7,91,np,
CtG14A.4,2018-2022,Mortality due to suicide,1,Males,Aboriginal and Torres Strait Islander people,All areas,Suicide deaths,five-year aggregate,Number,,,Aboriginal and Torres Strait Islander people,Males,,,ABS (unpublished) Causes of Death Australia,no.,206,57,234,144,36,11,7,91,np,
CtG14A.4,2018-2022,Mortality due to suicide,17,Males,Aboriginal and Torres Strait Islander people,All areas,Suicide deaths,five-year aggregate,Number,,,Aboriginal and Torres Strait Islander people,Males,,,ABS (unpublished) Causes of Death Australia,no.,206,57,234,144,36,11,7,91,np,
CtG14A.4,2018-2022,Mortality due to suicide,89,Males,Aboriginal and Torres Strait Islander people,All areas,Suicide deaths,five-year aggregate,Number,,,Aboriginal and Torres Strait Islander people,Males,,,ABS (unpublished) Causes of Death Australia,no.,206,57,234,144,36,11,7,91,np,
CtG14A.4,2018-2022,Mortality due to suicide,36,Females,Aboriginal and Torres Strait Islander people,All areas,Suicide deaths,five-year aggregate,Number,,,Aboriginal and Torres Strait Islander people,Females,,,ABS (unpublished) Causes of Death Australia,no.,70,27,88,54,15,1,1,39,np,
CtG14A.4,2018-2022,Mortality due to suicide,28,Females,Aboriginal and Torres Strait Islander people,All areas,Suicide deaths,five-year aggregate,Number,,,Aboriginal and Torres Strait Islander people,Females,,,ABS (unpublished) Causes of Death Australia,no.,70,27,88,54,15,1,1,39,np,
CtG14A.4,2018-2022,Mortality due to suicide,12,Females,Aboriginal and Torres Strait Islander people,All areas,Suicide deaths,five-year aggregate,Number,,,Aboriginal and Torres Strait Islander people,Females,,,ABS (unpublished) Causes of Death Australia,no.,70,27,88,54,15,1,1,39,np,
CtG14A.4,2018-2022,Mortality due to suicide,20,Females,Aboriginal and Torres Strait Islander people,All areas,Suicide deaths,five-year aggregate,Number,,,Aboriginal and Torres Strait Islander people,Females,,,ABS (unpublished) Causes of Death Australia,no.,70,27,88,54,15,1,1,39,np,
CtG14A.4,2018-2022,Mortality due to suicide,55,Females,Aboriginal and Torres Strait Islander people,All areas,Suicide deaths,five-year aggregate,Number,,,Aboriginal and Torres Strait Islander people,Females,,,ABS (unpublished) Causes of Death Australia,no.,70,27,88,54,15,1,1,39,np,
CtG14A.4,2017-2021,Mortality due to suicide,1,Males,Aboriginal and Torres Strait Islander people,All areas,Suicide deaths,five-year aggregate,Rate per 100000 people,,,Aboriginal and Torres Strait Islander people,Males,,,ABS (unpublished) Causes of Death Australia,rate (AS),33,np,43.5,48.6,31.5,np,np,45.3,39.8,
CtG14A.4,2017-2021,Mortality due to suicide,88,Males,Aboriginal and Torres Strait Islander people,All areas,Suicide deaths,five-year aggregate,Rate per 100000 people,,,Aboriginal and Torres Strait Islander people,Males,,,ABS (unpublished) Causes of Death Australia,rate (AS),33,np,43.5,48.6,31.5,np,np,45.3,39.8,
CtG14A.4,2017-2021,Mortality due to suicide,7,Males,Aboriginal and Torres Strait Islander people,All areas,Suicide deaths,five-year aggregate,Rate per 100000 people,,,Aboriginal and Torres Strait Islander people,Males,,,ABS (unpublished) Causes of Death Australia,rate (AS),33,np,43.5,48.6,31.5,np,np,45.3,39.8,
CtG14A.4,2017-2021,Mortality due to suicide,74,Males,Aboriginal and Torres Strait Islander people,All areas,Suicide deaths,five-year aggregate,Rate per 100000 people,,,Aboriginal and Torres Strait Islander people,Males,,,ABS (unpublished) Causes of Death Australia,rate (AS),33,np,43.5,48.6,31.5,np,np,45.3,39.8,
CtG14A.4,2017-2021,Mortality due to suicide,11,Males,Aboriginal and Torres Strait Islander people,All areas,Suicide deaths,five-year aggregate,Rate per 100000 people,,,Aboriginal and Torres Strait Islander people,Males,,,ABS (unpublished) Causes of Death Australia,rate (AS),33,np,43.5,48.6,31.5,np,np,45.3,39.8,
CtG14A.4,2017-2021,Mortality due to suicide,39,Females,Aboriginal and Torres Strait Islander people,All areas,Suicide deaths,five-year aggregate,Rate per 100000 people,,,Aboriginal and Torres Strait Islander people,Females,,,ABS (unpublished) Causes of Death Australia,rate (AS),9.3,np,13.5,21,np,np,np,16.8,13.5,
CtG14A.4,2017-2021,Mortality due to suicide,86,Females,Aboriginal and Torres Strait Islander people,All areas,Suicide deaths,five-year aggregate,Rate per 100000 people,,,Aboriginal and Torres Strait Islander people,Females,,,ABS (unpublished) Causes of Death Australia,rate (AS),9.3,np,13.5,21,np,np,np,16.8,13.5,
CtG14A.4,2017-2021,Mortality due to suicide,79,Females,Aboriginal and Torres Strait Islander people,All areas,Suicide deaths,five-year aggregate,Rate per 100000 people,,,Aboriginal and Torres Strait Islander people,Females,,,ABS (unpublished) Causes of Death Australia,rate (AS),9.3,np,13.5,21,np,np,np,16.8,13.5,
CtG14A.4,2017-2021,Mortality due to suicide,40,Females,Aboriginal and Torres Strait Islander people,All areas,Suicide deaths,five-year aggregate,Rate per 100000 people,,,Aboriginal and Torres Strait Islander people,Females,,,ABS (unpublished) Causes of Death Australia,rate (AS),9.3,np,13.5,21,np,np,np,16.8,13.5,
CtG14A.4,2017-2021,Mortality due to suicide,45,Females,Aboriginal and Torres Strait Islander people,All areas,Suicide deaths,five-year aggregate,Rate per 100000 people,,,Aboriginal and Torres Strait Islander people,Females,,,ABS (unpublished) Causes of Death Australia,rate (AS),9.3,np,13.5,21,np,np,np,16.8,13.5,
CtG14A.4,2017-2021,Mortality due to suicide,97,Males,Non-Indigenous people,All areas,Suicide deaths,five-year aggregate,Rate per 100000 people,,,Non-Indigenous people,Males,,,ABS (unpublished) Causes of Death Australia,rate (AS),16.2,np,23.2,20.6,19.3,np,np,17.4,19.1,
CtG14A.4,2017-2021,Mortality due to suicide,52,Males,Non-Indigenous people,All areas,Suicide deaths,five-year aggregate,Rate per 100000 people,,,Non-Indigenous people,Males,,,ABS (unpublished) Causes of Death Australia,rate (AS),16.2,np,23.2,20.6,19.3,np,np,17.4,19.1,
CtG14A.4,2017-2021,Mortality due to suicide,94,Males,Non-Indigenous people,All areas,Suicide deaths,five-year aggregate,Rate per 100000 people,,,Non-Indigenous people,Males,,,ABS (unpublished) Causes of Death Australia,rate (AS),16.2,np,23.2,20.6,19.3,np,np,17.4,19.1,
CtG14A.4,2017-2021,Mortality due to suicide,31,Males,Non-Indigenous people,All areas,Suicide deaths,five-year aggregate,Rate per 100000 people,,,Non-Indigenous people,Males,,,ABS (unpublished) Causes of Death Australia,rate (AS),16.2,np,23.2,20.6,19.3,np,np,17.4,19.1,
CtG14A.4,2017-2021,Mortality due to suicide,15,Males,Non-Indigenous people,All areas,Suicide deaths,five-year aggregate,Rate per 100000 people,,,Non-Indigenous people,Males,,,ABS (unpublished) Causes of Death Australia,rate (AS),16.2,np,23.2,20.6,19.3,np,np,17.4,19.1,
CtG14A.4,2017-2021,Mortality due to suicide,28,Females,Non-Indigenous people,All areas,Suicide deaths,five-year aggregate,Rate per 100000 people,,,Non-Indigenous people,Females,,,ABS (unpublished) Causes of Death Australia,rate (AS),5.1,np,6.7,6.8,5.8,np,np,9.6,5.9,
CtG14A.4,2017-2021,Mortality due to suicide,96,Females,Non-Indigenous people,All areas,Suicide deaths,five-year aggregate,Rate per 100000 people,,,Non-Indigenous people,Females,,,ABS (unpublished) Causes of Death Australia,rate (AS),5.1,np,6.7,6.8,5.8,np,np,9.6,5.9,
CtG14A.4,2017-2021,Mortality due to suicide,0,Females,Non-Indigenous people,All areas,Suicide deaths,five-year aggregate,Rate per 100000 people,,,Non-Indigenous people,Females,,,ABS (unpublished) Causes of Death Australia,rate (AS),5.1,np,6.7,6.8,5.8,np,np,9.6,5.9,
CtG14A.4,2017-2021,Mortality due to suicide,54,Females,Non-Indigenous people,All areas,Suicide deaths,five-year aggregate,Rate per 100000 people,,,Non-Indigenous people,Females,,,ABS (unpublished) Causes of Death Australia,rate (AS),5.1,np,6.7,6.8,5.8,np,np,9.6,5.9,
CtG14A.4,2017-2021,Mortality due to suicide,2,Females,Non-Indigenous people,All areas,Suicide deaths,five-year aggregate,Rate per 100000 people,,,Non-Indigenous people,Females,,,ABS (unpublished) Causes of Death Australia,rate (AS),5.1,np,6.7,6.8,5.8,np,np,9.6,5.9,
CtG14A.4,2017-2021,Mortality due to suicide,43,Males,Aboriginal and Torres Strait Islander people,All areas,Suicide deaths,five-year aggregate,Number,,,Aboriginal and Torres Strait Islander people,Males,,,ABS (unpublished) Causes of Death Australia,no.,195,46,234,123,32,8,8,92,np,
CtG14A.4,2017-2021,Mortality due to suicide,87,Males,Aboriginal and Torres Strait Islander people,All areas,Suicide deaths,five-year aggregate,Number,,,Aboriginal and Torres Strait Islander people,Males,,,ABS (unpublished) Causes of Death Australia,no.,195,46,234,123,32,8,8,92,np,
CtG14A.4,2017-2021,Mortality due to suicide,46,Males,Aboriginal and Torres Strait Islander people,All areas,Suicide deaths,five-year aggregate,Number,,,Aboriginal and Torres Strait Islander people,Males,,,ABS (unpublished) Causes of Death Australia,no.,195,46,234,123,32,8,8,92,np,
CtG14A.4,2017-2021,Mortality due to suicide,24,Males,Aboriginal and Torres Strait Islander people,All areas,Suicide deaths,five-year aggregate,Number,,,Aboriginal and Torres Strait Islander people,Males,,,ABS (unpublished) Causes of Death Australia,no.,195,46,234,123,32,8,8,92,np,
CtG14A.4,2017-2021,Mortality due to suicide,16,Males,Aboriginal and Torres Strait Islander people,All areas,Suicide deaths,five-year aggregate,Number,,,Aboriginal and Torres Strait Islander people,Males,,,ABS (unpublished) Causes of Death Australia,no.,195,46,234,123,32,8,8,92,np,
CtG14A.4,2017-2021,Mortality due to suicide,52,Females,Aboriginal and Torres Strait Islander people,All areas,Suicide deaths,five-year aggregate,Number,,,Aboriginal and Torres Strait Islander people,Females,,,ABS (unpublished) Causes of Death Australia,no.,57,22,84,56,19,4,2,37,np,
CtG14A.4,2017-2021,Mortality due to suicide,1,Females,Aboriginal and Torres Strait Islander people,All areas,Suicide deaths,five-year aggregate,Number,,,Aboriginal and Torres Strait Islander people,Females,,,ABS (unpublished) Causes of Death Australia,no.,57,22,84,56,19,4,2,37,np,
CtG14A.4,2017-2021,Mortality due to suicide,31,Females,Aboriginal and Torres Strait Islander people,All areas,Suicide deaths,five-year aggregate,Number,,,Aboriginal and Torres Strait Islander people,Females,,,ABS (unpublished) Causes of Death Australia,no.,57,22,84,56,19,4,2,37,np,
CtG14A.4,2017-2021,Mortality due to suicide,37,Females,Aboriginal and Torres Strait Islander people,All areas,Suicide deaths,five-year aggregate,Number,,,Aboriginal and Torres Strait Islander people,Females,,,ABS (unpublished) Causes of Death Australia,no.,57,22,84,56,19,4,2,37,np,
CtG14A.4,2017-2021,Mortality due to suicide,35,Females,Aboriginal and Torres Strait Islander people,All areas,Suicide deaths,five-year aggregate,Number,,,Aboriginal and Torres Strait Islander people,Females,,,ABS (unpublished) Causes of Death Australia,no.,57,22,84,56,19,4,2,37,np,
CtG14A.4,2016-2020,Mortality due to suicide,31,Males,Aboriginal and Torres Strait Islander people,All areas,Suicide deaths,five-year aggregate,Rate per 100000 people,,,Aboriginal and Torres Strait Islander people,Males,,,ABS (unpublished) Causes of Death Australia,rate (AS),32.5,np,43.8,45.6,29.2,np,np,43.3,39.2,
CtG14A.4,2016-2020,Mortality due to suicide,81,Males,Aboriginal and Torres Strait Islander people,All areas,Suicide deaths,five-year aggregate,Rate per 100000 people,,,Aboriginal and Torres Strait Islander people,Males,,,ABS (unpublished) Causes of Death Australia,rate (AS),32.5,np,43.8,45.6,29.2,np,np,43.3,39.2,
CtG14A.4,2016-2020,Mortality due to suicide,47,Males,Aboriginal and Torres Strait Islander people,All areas,Suicide deaths,five-year aggregate,Rate per 100000 people,,,Aboriginal and Torres Strait Islander people,Males,,,ABS (unpublished) Causes of Death Australia,rate (AS),32.5,np,43.8,45.6,29.2,np,np,43.3,39.2,
CtG14A.4,2016-2020,Mortality due to suicide,30,Males,Aboriginal and Torres Strait Islander people,All areas,Suicide deaths,five-year aggregate,Rate per 100000 people,,,Aboriginal and Torres Strait Islander people,Males,,,ABS (unpublished) Causes of Death Australia,rate (AS),32.5,np,43.8,45.6,29.2,np,np,43.3,39.2,
CtG14A.4,2016-2020,Mortality due to suicide,75,Males,Aboriginal and Torres Strait Islander people,All areas,Suicide deaths,five-year aggregate,Rate per 100000 people,,,Aboriginal and Torres Strait Islander people,Males,,,ABS (unpublished) Causes of Death Australia,rate (AS),32.5,np,43.8,45.6,29.2,np,np,43.3,39.2,
CtG14A.4,2016-2020,Mortality due to suicide,43,Females,Aboriginal and Torres Strait Islander people,All areas,Suicide deaths,five-year aggregate,Rate per 100000 people,,,Aboriginal and Torres Strait Islander people,Females,,,ABS (unpublished) Causes of Death Australia,rate (AS),8.3,np,13.1,20.5,np,np,np,14.2,12.5,
CtG14A.4,2016-2020,Mortality due to suicide,50,Females,Aboriginal and Torres Strait Islander people,All areas,Suicide deaths,five-year aggregate,Rate per 100000 people,,,Aboriginal and Torres Strait Islander people,Females,,,ABS (unpublished) Causes of Death Australia,rate (AS),8.3,np,13.1,20.5,np,np,np,14.2,12.5,
CtG14A.4,2016-2020,Mortality due to suicide,55,Females,Aboriginal and Torres Strait Islander people,All areas,Suicide deaths,five-year aggregate,Rate per 100000 people,,,Aboriginal and Torres Strait Islander people,Females,,,ABS (unpublished) Causes of Death Australia,rate (AS),8.3,np,13.1,20.5,np,np,np,14.2,12.5,
CtG14A.4,2016-2020,Mortality due to suicide,7,Females,Aboriginal and Torres Strait Islander people,All areas,Suicide deaths,five-year aggregate,Rate per 100000 people,,,Aboriginal and Torres Strait Islander people,Females,,,ABS (unpublished) Causes of Death Australia,rate (AS),8.3,np,13.1,20.5,np,np,np,14.2,12.5,
CtG14A.4,2016-2020,Mortality due to suicide,30,Females,Aboriginal and Torres Strait Islander people,All areas,Suicide deaths,five-year aggregate,Rate per 100000 people,,,Aboriginal and Torres Strait Islander people,Females,,,ABS (unpublished) Causes of Death Australia,rate (AS),8.3,np,13.1,20.5,np,np,np,14.2,12.5,
CtG14A.4,2016-2020,Mortality due to suicide,6,Males,Non-Indigenous people,All areas,Suicide deaths,five-year aggregate,Rate per 100000 people,,,Non-Indigenous people,Males,,,ABS (unpublished) Causes of Death Australia,rate (AS),16.3,np,23.1,20.4,19.3,np,np,19.7,19.2,
CtG14A.4,2016-2020,Mortality due to suicide,31,Males,Non-Indigenous people,All areas,Suicide deaths,five-year aggregate,Rate per 100000 people,,,Non-Indigenous people,Males,,,ABS (unpublished) Causes of Death Australia,rate (AS),16.3,np,23.1,20.4,19.3,np,np,19.7,19.2,
CtG14A.4,2016-2020,Mortality due to suicide,51,Males,Non-Indigenous people,All areas,Suicide deaths,five-year aggregate,Rate per 100000 people,,,Non-Indigenous people,Males,,,ABS (unpublished) Causes of Death Australia,rate (AS),16.3,np,23.1,20.4,19.3,np,np,19.7,19.2,
CtG14A.4,2016-2020,Mortality due to suicide,32,Males,Non-Indigenous people,All areas,Suicide deaths,five-year aggregate,Rate per 100000 people,,,Non-Indigenous people,Males,,,ABS (unpublished) Causes of Death Australia,rate (AS),16.3,np,23.1,20.4,19.3,np,np,19.7,19.2,
CtG14A.4,2016-2020,Mortality due to suicide,82,Males,Non-Indigenous people,All areas,Suicide deaths,five-year aggregate,Rate per 100000 people,,,Non-Indigenous people,Males,,,ABS (unpublished) Causes of Death Australia,rate (AS),16.3,np,23.1,20.4,19.3,np,np,19.7,19.2,
CtG14A.4,2016-2020,Mortality due to suicide,47,Females,Non-Indigenous people,All areas,Suicide deaths,five-year aggregate,Rate per 100000 people,,,Non-Indigenous people,Females,,,ABS (unpublished) Causes of Death Australia,rate (AS),5,np,6.5,6.9,6.2,np,np,8.7,5.9,
CtG14A.4,2016-2020,Mortality due to suicide,27,Females,Non-Indigenous people,All areas,Suicide deaths,five-year aggregate,Rate per 100000 people,,,Non-Indigenous people,Females,,,ABS (unpublished) Causes of Death Australia,rate (AS),5,np,6.5,6.9,6.2,np,np,8.7,5.9,
CtG14A.4,2016-2020,Mortality due to suicide,12,Females,Non-Indigenous people,All areas,Suicide deaths,five-year aggregate,Rate per 100000 people,,,Non-Indigenous people,Females,,,ABS (unpublished) Causes of Death Australia,rate (AS),5,np,6.5,6.9,6.2,np,np,8.7,5.9,
CtG14A.4,2016-2020,Mortality due to suicide,26,Females,Non-Indigenous people,All areas,Suicide deaths,five-year aggregate,Rate per 100000 people,,,Non-Indigenous people,Females,,,ABS (unpublished) Causes of Death Australia,rate (AS),5,np,6.5,6.9,6.2,np,np,8.7,5.9,
CtG14A.4,2016-2020,Mortality due to suicide,90,Females,Non-Indigenous people,All areas,Suicide deaths,five-year aggregate,Rate per 100000 people,,,Non-Indigenous people,Females,,,ABS (unpublished) Causes of Death Australia,rate (AS),5,np,6.5,6.9,6.2,np,np,8.7,5.9,
CtG14A.4,2016-2020,Mortality due to suicide,21,Males,Aboriginal and Torres Strait Islander people,All areas,Suicide deaths,five-year aggregate,Number,,,Aboriginal and Torres Strait Islander people,Males,,,ABS (unpublished) Causes of Death Australia,no.,187,38,231,121,28,6,7,92,np,
CtG14A.4,2016-2020,Mortality due to suicide,19,Males,Aboriginal and Torres Strait Islander people,All areas,Suicide deaths,five-year aggregate,Number,,,Aboriginal and Torres Strait Islander people,Males,,,ABS (unpublished) Causes of Death Australia,no.,187,38,231,121,28,6,7,92,np,
CtG14A.4,2016-2020,Mortality due to suicide,76,Males,Aboriginal and Torres Strait Islander people,All areas,Suicide deaths,five-year aggregate,Number,,,Aboriginal and Torres Strait Islander people,Males,,,ABS (unpublished) Causes of Death Australia,no.,187,38,231,121,28,6,7,92,np,
CtG14A.4,2016-2020,Mortality due to suicide,43,Males,Aboriginal and Torres Strait Islander people,All areas,Suicide deaths,five-year aggregate,Number,,,Aboriginal and Torres Strait Islander people,Males,,,ABS (unpublished) Causes of Death Australia,no.,187,38,231,121,28,6,7,92,np,
CtG14A.4,2016-2020,Mortality due to suicide,45,Males,Aboriginal and Torres Strait Islander people,All areas,Suicide deaths,five-year aggregate,Number,,,Aboriginal and Torres Strait Islander people,Males,,,ABS (unpublished) Causes of Death Australia,no.,187,38,231,121,28,6,7,92,np,
CtG14A.4,2016-2020,Mortality due to suicide,95,Females,Aboriginal and Torres Strait Islander people,All areas,Suicide deaths,five-year aggregate,Number,,,Aboriginal and Torres Strait Islander people,Females,,,ABS (unpublished) Causes of Death Australia,no.,51,19,81,57,14,3,4,31,np,
CtG14A.4,2016-2020,Mortality due to suicide,14,Females,Aboriginal and Torres Strait Islander people,All areas,Suicide deaths,five-year aggregate,Number,,,Aboriginal and Torres Strait Islander people,Females,,,ABS (unpublished) Causes of Death Australia,no.,51,19,81,57,14,3,4,31,np,
CtG14A.4,2016-2020,Mortality due to suicide,72,Females,Aboriginal and Torres Strait Islander people,All areas,Suicide deaths,five-year aggregate,Number,,,Aboriginal and Torres Strait Islander people,Females,,,ABS (unpublished) Causes of Death Australia,no.,51,19,81,57,14,3,4,31,np,
CtG14A.4,2016-2020,Mortality due to suicide,14,Females,Aboriginal and Torres Strait Islander people,All areas,Suicide deaths,five-year aggregate,Number,,,Aboriginal and Torres Strait Islander people,Females,,,ABS (unpublished) Causes of Death Australia,no.,51,19,81,57,14,3,4,31,np,
CtG14A.4,2016-2020,Mortality due to suicide,50,Females,Aboriginal and Torres Strait Islander people,All areas,Suicide deaths,five-year aggregate,Number,,,Aboriginal and Torres Strait Islander people,Females,,,ABS (unpublished) Causes of Death Australia,no.,51,19,81,57,14,3,4,31,np,
CtG14A.4,2015-2019,Mortality due to suicide,15,Males,Aboriginal and Torres Strait Islander people,All areas,Suicide deaths,five-year aggregate,Rate per 100000 people,,,Aboriginal and Torres Strait Islander people,Males,,,ABS (unpublished) Causes of Death Australia,rate (AS),31.8,np,41.8,48.2,26.7,np,np,37.5,38,
CtG14A.4,2015-2019,Mortality due to suicide,8,Males,Aboriginal and Torres Strait Islander people,All areas,Suicide deaths,five-year aggregate,Rate per 100000 people,,,Aboriginal and Torres Strait Islander people,Males,,,ABS (unpublished) Causes of Death Australia,rate (AS),31.8,np,41.8,48.2,26.7,np,np,37.5,38,
CtG14A.4,2015-2019,Mortality due to suicide,34,Males,Aboriginal and Torres Strait Islander people,All areas,Suicide deaths,five-year aggregate,Rate per 100000 people,,,Aboriginal and Torres Strait Islander people,Males,,,ABS (unpublished) Causes of Death Australia,rate (AS),31.8,np,41.8,48.2,26.7,np,np,37.5,38,
CtG14A.4,2015-2019,Mortality due to suicide,73,Males,Aboriginal and Torres Strait Islander people,All areas,Suicide deaths,five-year aggregate,Rate per 100000 people,,,Aboriginal and Torres Strait Islander people,Males,,,ABS (unpublished) Causes of Death Australia,rate (AS),31.8,np,41.8,48.2,26.7,np,np,37.5,38,
CtG14A.4,2015-2019,Mortality due to suicide,38,Males,Aboriginal and Torres Strait Islander people,All areas,Suicide deaths,five-year aggregate,Rate per 100000 people,,,Aboriginal and Torres Strait Islander people,Males,,,ABS (unpublished) Causes of Death Australia,rate (AS),31.8,np,41.8,48.2,26.7,np,np,37.5,38,
CtG14A.4,2015-2019,Mortality due to suicide,96,Females,Aboriginal and Torres Strait Islander people,All areas,Suicide deaths,five-year aggregate,Rate per 100000 people,,,Aboriginal and Torres Strait Islander people,Females,,,ABS (unpublished) Causes of Death Australia,rate (AS),8.7,np,12.1,20.6,np,np,np,13.4,12.4,
CtG14A.4,2015-2019,Mortality due to suicide,29,Females,Aboriginal and Torres Strait Islander people,All areas,Suicide deaths,five-year aggregate,Rate per 100000 people,,,Aboriginal and Torres Strait Islander people,Females,,,ABS (unpublished) Causes of Death Australia,rate (AS),8.7,np,12.1,20.6,np,np,np,13.4,12.4,
CtG14A.4,2015-2019,Mortality due to suicide,20,Females,Aboriginal and Torres Strait Islander people,All areas,Suicide deaths,five-year aggregate,Rate per 100000 people,,,Aboriginal and Torres Strait Islander people,Females,,,ABS (unpublished) Causes of Death Australia,rate (AS),8.7,np,12.1,20.6,np,np,np,13.4,12.4,
CtG14A.4,2015-2019,Mortality due to suicide,71,Females,Aboriginal and Torres Strait Islander people,All areas,Suicide deaths,five-year aggregate,Rate per 100000 people,,,Aboriginal and Torres Strait Islander people,Females,,,ABS (unpublished) Causes of Death Australia,rate (AS),8.7,np,12.1,20.6,np,np,np,13.4,12.4,
CtG14A.4,2015-2019,Mortality due to suicide,56,Females,Aboriginal and Torres Strait Islander people,All areas,Suicide deaths,five-year aggregate,Rate per 100000 people,,,Aboriginal and Torres Strait Islander people,Females,,,ABS (unpublished) Causes of Death Australia,rate (AS),8.7,np,12.1,20.6,np,np,np,13.4,12.4,
CtG14A.4,2015-2019,Mortality due to suicide,83,Males,Non-Indigenous people,All areas,Suicide deaths,five-year aggregate,Rate per 100000 people,,,Non-Indigenous people,Males,,,ABS (unpublished) Causes of Death Australia,rate (AS),16.7,np,23.4,20.3,19.2,np,np,22.8,19.4,
CtG14A.4,2015-2019,Mortality due to suicide,13,Males,Non-Indigenous people,All areas,Suicide deaths,five-year aggregate,Rate per 100000 people,,,Non-Indigenous people,Males,,,ABS (unpublished) Causes of Death Australia,rate (AS),16.7,np,23.4,20.3,19.2,np,np,22.8,19.4,
CtG14A.4,2015-2019,Mortality due to suicide,93,Males,Non-Indigenous people,All areas,Suicide deaths,five-year aggregate,Rate per 100000 people,,,Non-Indigenous people,Males,,,ABS (unpublished) Causes of Death Australia,rate (AS),16.7,np,23.4,20.3,19.2,np,np,22.8,19.4,
CtG14A.4,2015-2019,Mortality due to suicide,98,Males,Non-Indigenous people,All areas,Suicide deaths,five-year aggregate,Rate per 100000 people,,,Non-Indigenous people,Males,,,ABS (unpublished) Causes of Death Australia,rate (AS),16.7,np,23.4,20.3,19.2,np,np,22.8,19.4,
CtG14A.4,2015-2019,Mortality due to suicide,54,Males,Non-Indigenous people,All areas,Suicide deaths,five-year aggregate,Rate per 100000 people,,,Non-Indigenous people,Males,,,ABS (unpublished) Causes of Death Australia,rate (AS),16.7,np,23.4,20.3,19.2,np,np,22.8,19.4,
CtG14A.4,2015-2019,Mortality due to suicide,98,Females,Non-Indigenous people,All areas,Suicide deaths,five-year aggregate,Rate per 100000 people,,,Non-Indigenous people,Females,,,ABS (unpublished) Causes of Death Australia,rate (AS),5,np,6.9,7.2,6.4,np,np,8.4,6,
CtG14A.4,2015-2019,Mortality due to suicide,34,Females,Non-Indigenous people,All areas,Suicide deaths,five-year aggregate,Rate per 100000 people,,,Non-Indigenous people,Females,,,ABS (unpublished) Causes of Death Australia,rate (AS),5,np,6.9,7.2,6.4,np,np,8.4,6,
CtG14A.4,2015-2019,Mortality due to suicide,73,Females,Non-Indigenous people,All areas,Suicide deaths,five-year aggregate,Rate per 100000 people,,,Non-Indigenous people,Females,,,ABS (unpublished) Causes of Death Australia,rate (AS),5,np,6.9,7.2,6.4,np,np,8.4,6,
CtG14A.4,2015-2019,Mortality due to suicide,0,Females,Non-Indigenous people,All areas,Suicide deaths,five-year aggregate,Rate per 100000 people,,,Non-Indigenous people,Females,,,ABS (unpublished) Causes of Death Australia,rate (AS),5,np,6.9,7.2,6.4,np,np,8.4,6,
CtG14A.4,2015-2019,Mortality due to suicide,55,Females,Non-Indigenous people,All areas,Suicide deaths,five-year aggregate,Rate per 100000 people,,,Non-Indigenous people,Females,,,ABS (unpublished) Causes of Death Australia,rate (AS),5,np,6.9,7.2,6.4,np,np,8.4,6,
CtG14A.4,2015-2019,Mortality due to suicide,25,Males,Aboriginal and Torres Strait Islander people,All areas,Suicide deaths,five-year aggregate,Number,,,Aboriginal and Torres Strait Islander people,Males,,,ABS (unpublished) Causes of Death Australia,no.,172,28,222,125,24,2,7,80,np,
CtG14A.4,2015-2019,Mortality due to suicide,15,Males,Aboriginal and Torres Strait Islander people,All areas,Suicide deaths,five-year aggregate,Number,,,Aboriginal and Torres Strait Islander people,Males,,,ABS (unpublished) Causes of Death Australia,no.,172,28,222,125,24,2,7,80,np,
CtG14A.4,2015-2019,Mortality due to suicide,50,Males,Aboriginal and Torres Strait Islander people,All areas,Suicide deaths,five-year aggregate,Number,,,Aboriginal and Torres Strait Islander people,Males,,,ABS (unpublished) Causes of Death Australia,no.,172,28,222,125,24,2,7,80,np,
CtG14A.4,2015-2019,Mortality due to suicide,52,Males,Aboriginal and Torres Strait Islander people,All areas,Suicide deaths,five-year aggregate,Number,,,Aboriginal and Torres Strait Islander people,Males,,,ABS (unpublished) Causes of Death Australia,no.,172,28,222,125,24,2,7,80,np,
CtG14A.4,2015-2019,Mortality due to suicide,80,Males,Aboriginal and Torres Strait Islander people,All areas,Suicide deaths,five-year aggregate,Number,,,Aboriginal and Torres Strait Islander people,Males,,,ABS (unpublished) Causes of Death Australia,no.,172,28,222,125,24,2,7,80,np,
CtG14A.4,2015-2019,Mortality due to suicide,3,Females,Aboriginal and Torres Strait Islander people,All areas,Suicide deaths,five-year aggregate,Number,,,Aboriginal and Torres Strait Islander people,Females,,,ABS (unpublished) Causes of Death Australia,no.,53,15,73,57,15,1,3,29,np,
CtG14A.4,2015-2019,Mortality due to suicide,12,Females,Aboriginal and Torres Strait Islander people,All areas,Suicide deaths,five-year aggregate,Number,,,Aboriginal and Torres Strait Islander people,Females,,,ABS (unpublished) Causes of Death Australia,no.,53,15,73,57,15,1,3,29,np,
CtG14A.4,2015-2019,Mortality due to suicide,43,Females,Aboriginal and Torres Strait Islander people,All areas,Suicide deaths,five-year aggregate,Number,,,Aboriginal and Torres Strait Islander people,Females,,,ABS (unpublished) Causes of Death Australia,no.,53,15,73,57,15,1,3,29,np,
CtG14A.4,2015-2019,Mortality due to suicide,86,Females,Aboriginal and Torres Strait Islander people,All areas,Suicide deaths,five-year aggregate,Number,,,Aboriginal and Torres Strait Islander people,Females,,,ABS (unpublished) Causes of Death Australia,no.,53,15,73,57,15,1,3,29,np,
CtG14A.4,2015-2019,Mortality due to suicide,91,Females,Aboriginal and Torres Strait Islander people,All areas,Suicide deaths,five-year aggregate,Number,,,Aboriginal and Torres Strait Islander people,Females,,,ABS (unpublished) Causes of Death Australia,no.,53,15,73,57,15,1,3,29,np,
CtG14A.4,2014-2018,Mortality due to suicide,42,Males,Aboriginal and Torres Strait Islander people,All areas,Suicide deaths,five-year aggregate,Rate per 100000 people,,,Aboriginal and Torres Strait Islander people,Males,,,ABS (unpublished) Causes of Death Australia,rate (AS),28.7,np,38.9,55.4,np,np,np,35.2,36.5,
CtG14A.4,2014-2018,Mortality due to suicide,5,Males,Aboriginal and Torres Strait Islander people,All areas,Suicide deaths,five-year aggregate,Rate per 100000 people,,,Aboriginal and Torres Strait Islander people,Males,,,ABS (unpublished) Causes of Death Australia,rate (AS),28.7,np,38.9,55.4,np,np,np,35.2,36.5,
CtG14A.4,2014-2018,Mortality due to suicide,89,Males,Aboriginal and Torres Strait Islander people,All areas,Suicide deaths,five-year aggregate,Rate per 100000 people,,,Aboriginal and Torres Strait Islander people,Males,,,ABS (unpublished) Causes of Death Australia,rate (AS),28.7,np,38.9,55.4,np,np,np,35.2,36.5,
CtG14A.4,2014-2018,Mortality due to suicide,2,Males,Aboriginal and Torres Strait Islander people,All areas,Suicide deaths,five-year aggregate,Rate per 100000 people,,,Aboriginal and Torres Strait Islander people,Males,,,ABS (unpublished) Causes of Death Australia,rate (AS),28.7,np,38.9,55.4,np,np,np,35.2,36.5,
CtG14A.4,2014-2018,Mortality due to suicide,97,Males,Aboriginal and Torres Strait Islander people,All areas,Suicide deaths,five-year aggregate,Rate per 100000 people,,,Aboriginal and Torres Strait Islander people,Males,,,ABS (unpublished) Causes of Death Australia,rate (AS),28.7,np,38.9,55.4,np,np,np,35.2,36.5,
CtG14A.4,2014-2018,Mortality due to suicide,45,Females,Aboriginal and Torres Strait Islander people,All areas,Suicide deaths,five-year aggregate,Rate per 100000 people,,,Aboriginal and Torres Strait Islander people,Females,,,ABS (unpublished) Causes of Death Australia,rate (AS),7.1,np,10,20.9,np,np,np,16.4,11.9,
CtG14A.4,2014-2018,Mortality due to suicide,94,Females,Aboriginal and Torres Strait Islander people,All areas,Suicide deaths,five-year aggregate,Rate per 100000 people,,,Aboriginal and Torres Strait Islander people,Females,,,ABS (unpublished) Causes of Death Australia,rate (AS),7.1,np,10,20.9,np,np,np,16.4,11.9,
CtG14A.4,2014-2018,Mortality due to suicide,81,Females,Aboriginal and Torres Strait Islander people,All areas,Suicide deaths,five-year aggregate,Rate per 100000 people,,,Aboriginal and Torres Strait Islander people,Females,,,ABS (unpublished) Causes of Death Australia,rate (AS),7.1,np,10,20.9,np,np,np,16.4,11.9,
CtG14A.4,2014-2018,Mortality due to suicide,25,Females,Aboriginal and Torres Strait Islander people,All areas,Suicide deaths,five-year aggregate,Rate per 100000 people,,,Aboriginal and Torres Strait Islander people,Females,,,ABS (unpublished) Causes of Death Australia,rate (AS),7.1,np,10,20.9,np,np,np,16.4,11.9,
CtG14A.4,2014-2018,Mortality due to suicide,94,Females,Aboriginal and Torres Strait Islander people,All areas,Suicide deaths,five-year aggregate,Rate per 100000 people,,,Aboriginal and Torres Strait Islander people,Females,,,ABS (unpublished) Causes of Death Australia,rate (AS),7.1,np,10,20.9,np,np,np,16.4,11.9,
CtG14A.4,2014-2018,Mortality due to suicide,34,Males,Non-Indigenous people,All areas,Suicide deaths,five-year aggregate,Rate per 100000 people,,,Non-Indigenous people,Males,,,ABS (unpublished) Causes of Death Australia,rate (AS),16.5,np,23,19.6,19.3,np,np,23.2,19.1,
CtG14A.4,2014-2018,Mortality due to suicide,30,Males,Non-Indigenous people,All areas,Suicide deaths,five-year aggregate,Rate per 100000 people,,,Non-Indigenous people,Males,,,ABS (unpublished) Causes of Death Australia,rate (AS),16.5,np,23,19.6,19.3,np,np,23.2,19.1,
CtG14A.4,2014-2018,Mortality due to suicide,56,Males,Non-Indigenous people,All areas,Suicide deaths,five-year aggregate,Rate per 100000 people,,,Non-Indigenous people,Males,,,ABS (unpublished) Causes of Death Australia,rate (AS),16.5,np,23,19.6,19.3,np,np,23.2,19.1,
CtG14A.4,2014-2018,Mortality due to suicide,20,Males,Non-Indigenous people,All areas,Suicide deaths,five-year aggregate,Rate per 100000 people,,,Non-Indigenous people,Males,,,ABS (unpublished) Causes of Death Australia,rate (AS),16.5,np,23,19.6,19.3,np,np,23.2,19.1,
CtG14A.4,2014-2018,Mortality due to suicide,89,Males,Non-Indigenous people,All areas,Suicide deaths,five-year aggregate,Rate per 100000 people,,,Non-Indigenous people,Males,,,ABS (unpublished) Causes of Death Australia,rate (AS),16.5,np,23,19.6,19.3,np,np,23.2,19.1,
CtG14A.4,2014-2018,Mortality due to suicide,69,Females,Non-Indigenous people,All areas,Suicide deaths,five-year aggregate,Rate per 100000 people,,,Non-Indigenous people,Females,,,ABS (unpublished) Causes of Death Australia,rate (AS),5.1,np,6.7,6.9,6.6,np,np,8.5,6,
CtG14A.4,2014-2018,Mortality due to suicide,72,Females,Non-Indigenous people,All areas,Suicide deaths,five-year aggregate,Rate per 100000 people,,,Non-Indigenous people,Females,,,ABS (unpublished) Causes of Death Australia,rate (AS),5.1,np,6.7,6.9,6.6,np,np,8.5,6,
CtG14A.4,2014-2018,Mortality due to suicide,85,Females,Non-Indigenous people,All areas,Suicide deaths,five-year aggregate,Rate per 100000 people,,,Non-Indigenous people,Females,,,ABS (unpublished) Causes of Death Australia,rate (AS),5.1,np,6.7,6.9,6.6,np,np,8.5,6,
CtG14A.4,2014-2018,Mortality due to suicide,7,Females,Non-Indigenous people,All areas,Suicide deaths,five-year aggregate,Rate per 100000 people,,,Non-Indigenous people,Females,,,ABS (unpublished) Causes of Death Australia,rate (AS),5.1,np,6.7,6.9,6.6,np,np,8.5,6,
CtG14A.4,2014-2018,Mortality due to suicide,85,Females,Non-Indigenous people,All areas,Suicide deaths,five-year aggregate,Rate per 100000 people,,,Non-Indigenous people,Females,,,ABS (unpublished) Causes of Death Australia,rate (AS),5.1,np,6.7,6.9,6.6,np,np,8.5,6,
CtG14A.4,2014-2018,Mortality due to suicide,47,Males,Aboriginal and Torres Strait Islander people,All areas,Suicide deaths,five-year aggregate,Number,,,Aboriginal and Torres Strait Islander people,Males,,,ABS (unpublished) Causes of Death Australia,no.,152,24,201,143,19,4,6,73,np,
CtG14A.4,2014-2018,Mortality due to suicide,49,Males,Aboriginal and Torres Strait Islander people,All areas,Suicide deaths,five-year aggregate,Number,,,Aboriginal and Torres Strait Islander people,Males,,,ABS (unpublished) Causes of Death Australia,no.,152,24,201,143,19,4,6,73,np,
CtG14A.4,2014-2018,Mortality due to suicide,59,Males,Aboriginal and Torres Strait Islander people,All areas,Suicide deaths,five-year aggregate,Number,,,Aboriginal and Torres Strait Islander people,Males,,,ABS (unpublished) Causes of Death Australia,no.,152,24,201,143,19,4,6,73,np,
CtG14A.4,2014-2018,Mortality due to suicide,11,Males,Aboriginal and Torres Strait Islander people,All areas,Suicide deaths,five-year aggregate,Number,,,Aboriginal and Torres Strait Islander people,Males,,,ABS (unpublished) Causes of Death Australia,no.,152,24,201,143,19,4,6,73,np,
CtG14A.4,2014-2018,Mortality due to suicide,45,Males,Aboriginal and Torres Strait Islander people,All areas,Suicide deaths,five-year aggregate,Number,,,Aboriginal and Torres Strait Islander people,Males,,,ABS (unpublished) Causes of Death Australia,no.,152,24,201,143,19,4,6,73,np,
CtG14A.4,2014-2018,Mortality due to suicide,51,Females,Aboriginal and Torres Strait Islander people,All areas,Suicide deaths,five-year aggregate,Number,,,Aboriginal and Torres Strait Islander people,Females,,,ABS (unpublished) Causes of Death Australia,no.,44,13,60,56,18,1,4,35,np,
CtG14A.4,2014-2018,Mortality due to suicide,46,Females,Aboriginal and Torres Strait Islander people,All areas,Suicide deaths,five-year aggregate,Number,,,Aboriginal and Torres Strait Islander people,Females,,,ABS (unpublished) Causes of Death Australia,no.,44,13,60,56,18,1,4,35,np,
CtG14A.4,2014-2018,Mortality due to suicide,22,Females,Aboriginal and Torres Strait Islander people,All areas,Suicide deaths,five-year aggregate,Number,,,Aboriginal and Torres Strait Islander people,Females,,,ABS (unpublished) Causes of Death Australia,no.,44,13,60,56,18,1,4,35,np,
CtG14A.4,2014-2018,Mortality due to suicide,45,Females,Aboriginal and Torres Strait Islander people,All areas,Suicide deaths,five-year aggregate,Number,,,Aboriginal and Torres Strait Islander people,Females,,,ABS (unpublished) Causes of Death Australia,no.,44,13,60,56,18,1,4,35,np,
CtG14A.4,2014-2018,Mortality due to suicide,71,Females,Aboriginal and Torres Strait Islander people,All areas,Suicide deaths,five-year aggregate,Number,,,Aboriginal and Torres Strait Islander people,Females,,,ABS (unpublished) Causes of Death Australia,no.,44,13,60,56,18,1,4,35,np,
CtG14A.5,2018-2022,Mortality due to suicide,5,All people,Aboriginal and Torres Strait Islander people,All areas,Suicide deaths,five-year aggregate,Rate per 100000 people,,,Aboriginal and Torres Strait Islander people,All people,5-17 years old,,ABS (unpublished) Causes of Death Australia,rate,4.5,np,8.9,9.6,np,np,np,12.9,7.3,
CtG14A.5,2018-2022,Mortality due to suicide,5,All people,Aboriginal and Torres Strait Islander people,All areas,Suicide deaths,five-year aggregate,Rate per 100000 people,,,Aboriginal and Torres Strait Islander people,All people,5-17 years old,,ABS (unpublished) Causes of Death Australia,rate,4.5,np,8.9,9.6,np,np,np,12.9,7.3,
CtG14A.5,2018-2022,Mortality due to suicide,5,All people,Aboriginal and Torres Strait Islander people,All areas,Suicide deaths,five-year aggregate,Rate per 100000 people,,,Aboriginal and Torres Strait Islander people,All people,5-17 years old,,ABS (unpublished) Causes of Death Australia,rate,4.5,np,8.9,9.6,np,np,np,12.9,7.3,
CtG14A.5,2018-2022,Mortality due to suicide,5,All people,Aboriginal and Torres Strait Islander people,All areas,Suicide deaths,five-year aggregate,Rate per 100000 people,,,Aboriginal and Torres Strait Islander people,All people,5-17 years old,,ABS (unpublished) Causes of Death Australia,rate,4.5,np,8.9,9.6,np,np,np,12.9,7.3,
CtG14A.5,2018-2022,Mortality due to suicide,5,All people,Aboriginal and Torres Strait Islander people,All areas,Suicide deaths,five-year aggregate,Rate per 100000 people,,,Aboriginal and Torres Strait Islander people,All people,5-17 years old,,ABS (unpublished) Causes of Death Australia,rate,4.5,np,8.9,9.6,np,np,np,12.9,7.3,
CtG14A.5,2018-2022,Mortality due to suicide,18,All people,Aboriginal and Torres Strait Islander people,All areas,Suicide deaths,five-year aggregate,Rate per 100000 people,,,Aboriginal and Torres Strait Islander people,All people,18-24 years old,,ABS (unpublished) Causes of Death Australia,rate,24.5,np,60.5,50.5,52.3,np,np,92.4,48.1,
CtG14A.5,2018-2022,Mortality due to suicide,18,All people,Aboriginal and Torres Strait Islander people,All areas,Suicide deaths,five-year aggregate,Rate per 100000 people,,,Aboriginal and Torres Strait Islander people,All people,18-24 years old,,ABS (unpublished) Causes of Death Australia,rate,24.5,np,60.5,50.5,52.3,np,np,92.4,48.1,
CtG14A.5,2018-2022,Mortality due to suicide,18,All people,Aboriginal and Torres Strait Islander people,All areas,Suicide deaths,five-year aggregate,Rate per 100000 people,,,Aboriginal and Torres Strait Islander people,All people,18-24 years old,,ABS (unpublished) Causes of Death Australia,rate,24.5,np,60.5,50.5,52.3,np,np,92.4,48.1,
CtG14A.5,2018-2022,Mortality due to suicide,18,All people,Aboriginal and Torres Strait Islander people,All areas,Suicide deaths,five-year aggregate,Rate per 100000 people,,,Aboriginal and Torres Strait Islander people,All people,18-24 years old,,ABS (unpublished) Causes of Death Australia,rate,24.5,np,60.5,50.5,52.3,np,np,92.4,48.1,
CtG14A.5,2018-2022,Mortality due to suicide,18,All people,Aboriginal and Torres Strait Islander people,All areas,Suicide deaths,five-year aggregate,Rate per 100000 people,,,Aboriginal and Torres Strait Islander people,All people,18-24 years old,,ABS (unpublished) Causes of Death Australia,rate,24.5,np,60.5,50.5,52.3,np,np,92.4,48.1,
CtG14A.5,2018-2022,Mortality due to suicide,25,All people,Aboriginal and Torres Strait Islander people,All areas,Suicide deaths,five-year aggregate,Rate per 100000 people,,,Aboriginal and Torres Strait Islander people,All people,25-34 years old,,ABS (unpublished) Causes of Death Australia,rate,34.7,np,47.5,87,39.7,np,np,46.9,48.4,
CtG14A.5,2018-2022,Mortality due to suicide,25,All people,Aboriginal and Torres Strait Islander people,All areas,Suicide deaths,five-year aggregate,Rate per 100000 people,,,Aboriginal and Torres Strait Islander people,All people,25-34 years old,,ABS (unpublished) Causes of Death Australia,rate,34.7,np,47.5,87,39.7,np,np,46.9,48.4,
CtG14A.5,2018-2022,Mortality due to suicide,25,All people,Aboriginal and Torres Strait Islander people,All areas,Suicide deaths,five-year aggregate,Rate per 100000 people,,,Aboriginal and Torres Strait Islander people,All people,25-34 years old,,ABS (unpublished) Causes of Death Australia,rate,34.7,np,47.5,87,39.7,np,np,46.9,48.4,
CtG14A.5,2018-2022,Mortality due to suicide,25,All people,Aboriginal and Torres Strait Islander people,All areas,Suicide deaths,five-year aggregate,Rate per 100000 people,,,Aboriginal and Torres Strait Islander people,All people,25-34 years old,,ABS (unpublished) Causes of Death Australia,rate,34.7,np,47.5,87,39.7,np,np,46.9,48.4,
CtG14A.5,2018-2022,Mortality due to suicide,25,All people,Aboriginal and Torres Strait Islander people,All areas,Suicide deaths,five-year aggregate,Rate per 100000 people,,,Aboriginal and Torres Strait Islander people,All people,25-34 years old,,ABS (unpublished) Causes of Death Australia,rate,34.7,np,47.5,87,39.7,np,np,46.9,48.4,
CtG14A.5,2018-2022,Mortality due to suicide,35,All people,Aboriginal and Torres Strait Islander people,All areas,Suicide deaths,five-year aggregate,Rate per 100000 people,,,Aboriginal and Torres Strait Islander people,All people,35-44 years old,,ABS (unpublished) Causes of Death Australia,rate,48.6,np,54.9,69.6,43.2,np,np,39.9,52.3,
CtG14A.5,2018-2022,Mortality due to suicide,35,All people,Aboriginal and Torres Strait Islander people,All areas,Suicide deaths,five-year aggregate,Rate per 100000 people,,,Aboriginal and Torres Strait Islander people,All people,35-44 years old,,ABS (unpublished) Causes of Death Australia,rate,48.6,np,54.9,69.6,43.2,np,np,39.9,52.3,
CtG14A.5,2018-2022,Mortality due to suicide,35,All people,Aboriginal and Torres Strait Islander people,All areas,Suicide deaths,five-year aggregate,Rate per 100000 people,,,Aboriginal and Torres Strait Islander people,All people,35-44 years old,,ABS (unpublished) Causes of Death Australia,rate,48.6,np,54.9,69.6,43.2,np,np,39.9,52.3,
CtG14A.5,2018-2022,Mortality due to suicide,35,All people,Aboriginal and Torres Strait Islander people,All areas,Suicide deaths,five-year aggregate,Rate per 100000 people,,,Aboriginal and Torres Strait Islander people,All people,35-44 years old,,ABS (unpublished) Causes of Death Australia,rate,48.6,np,54.9,69.6,43.2,np,np,39.9,52.3,
CtG14A.5,2018-2022,Mortality due to suicide,35,All people,Aboriginal and Torres Strait Islander people,All areas,Suicide deaths,five-year aggregate,Rate per 100000 people,,,Aboriginal and Torres Strait Islander people,All people,35-44 years old,,ABS (unpublished) Causes of Death Australia,rate,48.6,np,54.9,69.6,43.2,np,np,39.9,52.3,
CtG14A.5,2018-2022,Mortality due to suicide,45,All people,Aboriginal and Torres Strait Islander people,All areas,Suicide deaths,five-year aggregate,Rate per 100000 people,,,Aboriginal and Torres Strait Islander people,All people,45+ years old,,ABS (unpublished) Causes of Death Australia,rate,21.8,np,16.2,24.7,18.2,np,np,22.3,20.3,
CtG14A.5,2018-2022,Mortality due to suicide,45,All people,Aboriginal and Torres Strait Islander people,All areas,Suicide deaths,five-year aggregate,Rate per 100000 people,,,Aboriginal and Torres Strait Islander people,All people,45+ years old,,ABS (unpublished) Causes of Death Australia,rate,21.8,np,16.2,24.7,18.2,np,np,22.3,20.3,
CtG14A.5,2018-2022,Mortality due to suicide,45,All people,Aboriginal and Torres Strait Islander people,All areas,Suicide deaths,five-year aggregate,Rate per 100000 people,,,Aboriginal and Torres Strait Islander people,All people,45+ years old,,ABS (unpublished) Causes of Death Australia,rate,21.8,np,16.2,24.7,18.2,np,np,22.3,20.3,
CtG14A.5,2018-2022,Mortality due to suicide,45,All people,Aboriginal and Torres Strait Islander people,All areas,Suicide deaths,five-year aggregate,Rate per 100000 people,,,Aboriginal and Torres Strait Islander people,All people,45+ years old,,ABS (unpublished) Causes of Death Australia,rate,21.8,np,16.2,24.7,18.2,np,np,22.3,20.3,
CtG14A.5,2018-2022,Mortality due to suicide,45,All people,Aboriginal and Torres Strait Islander people,All areas,Suicide deaths,five-year aggregate,Rate per 100000 people,,,Aboriginal and Torres Strait Islander people,All people,45+ years old,,ABS (unpublished) Causes of Death Australia,rate,21.8,np,16.2,24.7,18.2,np,np,22.3,20.3,
CtG14A.5,2018-2022,Mortality due to suicide,5,All people,Non-Indigenous people,All areas,Suicide deaths,five-year aggregate,Rate per 100000 people,,,Non-Indigenous people,All people,5-17 years old,,ABS (unpublished) Causes of Death Australia,rate,1.9,np,2.4,2.1,2.4,np,np,4,2.2,
CtG14A.5,2018-2022,Mortality due to suicide,5,All people,Non-Indigenous people,All areas,Suicide deaths,five-year aggregate,Rate per 100000 people,,,Non-Indigenous people,All people,5-17 years old,,ABS (unpublished) Causes of Death Australia,rate,1.9,np,2.4,2.1,2.4,np,np,4,2.2,
CtG14A.5,2018-2022,Mortality due to suicide,5,All people,Non-Indigenous people,All areas,Suicide deaths,five-year aggregate,Rate per 100000 people,,,Non-Indigenous people,All people,5-17 years old,,ABS (unpublished) Causes of Death Australia,rate,1.9,np,2.4,2.1,2.4,np,np,4,2.2,
CtG14A.5,2018-2022,Mortality due to suicide,5,All people,Non-Indigenous people,All areas,Suicide deaths,five-year aggregate,Rate per 100000 people,,,Non-Indigenous people,All people,5-17 years old,,ABS (unpublished) Causes of Death Australia,rate,1.9,np,2.4,2.1,2.4,np,np,4,2.2,
CtG14A.5,2018-2022,Mortality due to suicide,5,All people,Non-Indigenous people,All areas,Suicide deaths,five-year aggregate,Rate per 100000 people,,,Non-Indigenous people,All people,5-17 years old,,ABS (unpublished) Causes of Death Australia,rate,1.9,np,2.4,2.1,2.4,np,np,4,2.2,
CtG14A.5,2018-2022,Mortality due to suicide,18,All people,Non-Indigenous people,All areas,Suicide deaths,five-year aggregate,Rate per 100000 people,,,Non-Indigenous people,All people,18-24 years old,,ABS (unpublished) Causes of Death Australia,rate,11.7,np,16.9,15.3,13.9,np,np,24.1,14,
CtG14A.5,2018-2022,Mortality due to suicide,18,All people,Non-Indigenous people,All areas,Suicide deaths,five-year aggregate,Rate per 100000 people,,,Non-Indigenous people,All people,18-24 years old,,ABS (unpublished) Causes of Death Australia,rate,11.7,np,16.9,15.3,13.9,np,np,24.1,14,
CtG14A.5,2018-2022,Mortality due to suicide,18,All people,Non-Indigenous people,All areas,Suicide deaths,five-year aggregate,Rate per 100000 people,,,Non-Indigenous people,All people,18-24 years old,,ABS (unpublished) Causes of Death Australia,rate,11.7,np,16.9,15.3,13.9,np,np,24.1,14,
CtG14A.5,2018-2022,Mortality due to suicide,18,All people,Non-Indigenous people,All areas,Suicide deaths,five-year aggregate,Rate per 100000 people,,,Non-Indigenous people,All people,18-24 years old,,ABS (unpublished) Causes of Death Australia,rate,11.7,np,16.9,15.3,13.9,np,np,24.1,14,
CtG14A.5,2018-2022,Mortality due to suicide,18,All people,Non-Indigenous people,All areas,Suicide deaths,five-year aggregate,Rate per 100000 people,,,Non-Indigenous people,All people,18-24 years old,,ABS (unpublished) Causes of Death Australia,rate,11.7,np,16.9,15.3,13.9,np,np,24.1,14,
CtG14A.5,2018-2022,Mortality due to suicide,25,All people,Non-Indigenous people,All areas,Suicide deaths,five-year aggregate,Rate per 100000 people,,,Non-Indigenous people,All people,25-34 years old,,ABS (unpublished) Causes of Death Australia,rate,12.3,np,17.5,18,16.5,np,np,11.2,15,
CtG14A.5,2018-2022,Mortality due to suicide,25,All people,Non-Indigenous people,All areas,Suicide deaths,five-year aggregate,Rate per 100000 people,,,Non-Indigenous people,All people,25-34 years old,,ABS (unpublished) Causes of Death Australia,rate,12.3,np,17.5,18,16.5,np,np,11.2,15,
CtG14A.5,2018-2022,Mortality due to suicide,25,All people,Non-Indigenous people,All areas,Suicide deaths,five-year aggregate,Rate per 100000 people,,,Non-Indigenous people,All people,25-34 years old,,ABS (unpublished) Causes of Death Australia,rate,12.3,np,17.5,18,16.5,np,np,11.2,15,
CtG14A.5,2018-2022,Mortality due to suicide,25,All people,Non-Indigenous people,All areas,Suicide deaths,five-year aggregate,Rate per 100000 people,,,Non-Indigenous people,All people,25-34 years old,,ABS (unpublished) Causes of Death Australia,rate,12.3,np,17.5,18,16.5,np,np,11.2,15,
CtG14A.5,2018-2022,Mortality due to suicide,25,All people,Non-Indigenous people,All areas,Suicide deaths,five-year aggregate,Rate per 100000 people,,,Non-Indigenous people,All people,25-34 years old,,ABS (unpublished) Causes of Death Australia,rate,12.3,np,17.5,18,16.5,np,np,11.2,15,
CtG14A.5,2018-2022,Mortality due to suicide,35,All people,Non-Indigenous people,All areas,Suicide deaths,five-year aggregate,Rate per 100000 people,,,Non-Indigenous people,All people,35-44 years old,,ABS (unpublished) Causes of Death Australia,rate,13.8,np,20.9,17.5,18.4,np,np,12.5,16.8,
CtG14A.5,2018-2022,Mortality due to suicide,35,All people,Non-Indigenous people,All areas,Suicide deaths,five-year aggregate,Rate per 100000 people,,,Non-Indigenous people,All people,35-44 years old,,ABS (unpublished) Causes of Death Australia,rate,13.8,np,20.9,17.5,18.4,np,np,12.5,16.8,
CtG14A.5,2018-2022,Mortality due to suicide,35,All people,Non-Indigenous people,All areas,Suicide deaths,five-year aggregate,Rate per 100000 people,,,Non-Indigenous people,All people,35-44 years old,,ABS (unpublished) Causes of Death Australia,rate,13.8,np,20.9,17.5,18.4,np,np,12.5,16.8,
CtG14A.5,2018-2022,Mortality due to suicide,35,All people,Non-Indigenous people,All areas,Suicide deaths,five-year aggregate,Rate per 100000 people,,,Non-Indigenous people,All people,35-44 years old,,ABS (unpublished) Causes of Death Australia,rate,13.8,np,20.9,17.5,18.4,np,np,12.5,16.8,
CtG14A.5,2018-2022,Mortality due to suicide,35,All people,Non-Indigenous people,All areas,Suicide deaths,five-year aggregate,Rate per 100000 people,,,Non-Indigenous people,All people,35-44 years old,,ABS (unpublished) Causes of Death Australia,rate,13.8,np,20.9,17.5,18.4,np,np,12.5,16.8,
CtG14A.5,2018-2022,Mortality due to suicide,45,All people,Non-Indigenous people,All areas,Suicide deaths,five-year aggregate,Rate per 100000 people,,,Non-Indigenous people,All people,45+ years old,,ABS (unpublished) Causes of Death Australia,rate,13.9,np,18,16.2,15,np,np,19.1,15.6,
CtG14A.5,2018-2022,Mortality due to suicide,45,All people,Non-Indigenous people,All areas,Suicide deaths,five-year aggregate,Rate per 100000 people,,,Non-Indigenous people,All people,45+ years old,,ABS (unpublished) Causes of Death Australia,rate,13.9,np,18,16.2,15,np,np,19.1,15.6,
CtG14A.5,2018-2022,Mortality due to suicide,45,All people,Non-Indigenous people,All areas,Suicide deaths,five-year aggregate,Rate per 100000 people,,,Non-Indigenous people,All people,45+ years old,,ABS (unpublished) Causes of Death Australia,rate,13.9,np,18,16.2,15,np,np,19.1,15.6,
CtG14A.5,2018-2022,Mortality due to suicide,45,All people,Non-Indigenous people,All areas,Suicide deaths,five-year aggregate,Rate per 100000 people,,,Non-Indigenous people,All people,45+ years old,,ABS (unpublished) Causes of Death Australia,rate,13.9,np,18,16.2,15,np,np,19.1,15.6,
CtG14A.5,2018-2022,Mortality due to suicide,45,All people,Non-Indigenous people,All areas,Suicide deaths,five-year aggregate,Rate per 100000 people,,,Non-Indigenous people,All people,45+ years old,,ABS (unpublished) Causes of Death Australia,rate,13.9,np,18,16.2,15,np,np,19.1,15.6,
CtG14A.5,2018-2022,Mortality due to suicide,5,All people,Aboriginal and Torres Strait Islander people,All areas,Suicide deaths,five-year aggregate,Number,,,Aboriginal and Torres Strait Islander people,All people,5-17 years old,,ABS (unpublished) Causes of Death Australia,no.,18,1,31,14,2,0,0,12,np,
CtG14A.5,2018-2022,Mortality due to suicide,5,All people,Aboriginal and Torres Strait Islander people,All areas,Suicide deaths,five-year aggregate,Number,,,Aboriginal and Torres Strait Islander people,All people,5-17 years old,,ABS (unpublished) Causes of Death Australia,no.,18,1,31,14,2,0,0,12,np,
CtG14A.5,2018-2022,Mortality due to suicide,5,All people,Aboriginal and Torres Strait Islander people,All areas,Suicide deaths,five-year aggregate,Number,,,Aboriginal and Torres Strait Islander people,All people,5-17 years old,,ABS (unpublished) Causes of Death Australia,no.,18,1,31,14,2,0,0,12,np,
CtG14A.5,2018-2022,Mortality due to suicide,5,All people,Aboriginal and Torres Strait Islander people,All areas,Suicide deaths,five-year aggregate,Number,,,Aboriginal and Torres Strait Islander people,All people,5-17 years old,,ABS (unpublished) Causes of Death Australia,no.,18,1,31,14,2,0,0,12,np,
CtG14A.5,2018-2022,Mortality due to suicide,5,All people,Aboriginal and Torres Strait Islander people,All areas,Suicide deaths,five-year aggregate,Number,,,Aboriginal and Torres Strait Islander people,All people,5-17 years old,,ABS (unpublished) Causes of Death Australia,no.,18,1,31,14,2,0,0,12,np,
CtG14A.5,2018-2022,Mortality due to suicide,18,All people,Aboriginal and Torres Strait Islander people,All areas,Suicide deaths,five-year aggregate,Number,,,Aboriginal and Torres Strait Islander people,All people,18-24 years old,,ABS (unpublished) Causes of Death Australia,no.,46,14,97,35,16,2,3,45,np,
CtG14A.5,2018-2022,Mortality due to suicide,18,All people,Aboriginal and Torres Strait Islander people,All areas,Suicide deaths,five-year aggregate,Number,,,Aboriginal and Torres Strait Islander people,All people,18-24 years old,,ABS (unpublished) Causes of Death Australia,no.,46,14,97,35,16,2,3,45,np,
CtG14A.5,2018-2022,Mortality due to suicide,18,All people,Aboriginal and Torres Strait Islander people,All areas,Suicide deaths,five-year aggregate,Number,,,Aboriginal and Torres Strait Islander people,All people,18-24 years old,,ABS (unpublished) Causes of Death Australia,no.,46,14,97,35,16,2,3,45,np,
CtG14A.5,2018-2022,Mortality due to suicide,18,All people,Aboriginal and Torres Strait Islander people,All areas,Suicide deaths,five-year aggregate,Number,,,Aboriginal and Torres Strait Islander people,All people,18-24 years old,,ABS (unpublished) Causes of Death Australia,no.,46,14,97,35,16,2,3,45,np,
CtG14A.5,2018-2022,Mortality due to suicide,18,All people,Aboriginal and Torres Strait Islander people,All areas,Suicide deaths,five-year aggregate,Number,,,Aboriginal and Torres Strait Islander people,All people,18-24 years old,,ABS (unpublished) Causes of Death Australia,no.,46,14,97,35,16,2,3,45,np,
CtG14A.5,2018-2022,Mortality due to suicide,25,All people,Aboriginal and Torres Strait Islander people,All areas,Suicide deaths,five-year aggregate,Number,,,Aboriginal and Torres Strait Islander people,All people,25-34 years old,,ABS (unpublished) Causes of Death Australia,no.,73,31,84,77,14,6,3,32,np,
CtG14A.5,2018-2022,Mortality due to suicide,25,All people,Aboriginal and Torres Strait Islander people,All areas,Suicide deaths,five-year aggregate,Number,,,Aboriginal and Torres Strait Islander people,All people,25-34 years old,,ABS (unpublished) Causes of Death Australia,no.,73,31,84,77,14,6,3,32,np,
CtG14A.5,2018-2022,Mortality due to suicide,25,All people,Aboriginal and Torres Strait Islander people,All areas,Suicide deaths,five-year aggregate,Number,,,Aboriginal and Torres Strait Islander people,All people,25-34 years old,,ABS (unpublished) Causes of Death Australia,no.,73,31,84,77,14,6,3,32,np,
CtG14A.5,2018-2022,Mortality due to suicide,25,All people,Aboriginal and Torres Strait Islander people,All areas,Suicide deaths,five-year aggregate,Number,,,Aboriginal and Torres Strait Islander people,All people,25-34 years old,,ABS (unpublished) Causes of Death Australia,no.,73,31,84,77,14,6,3,32,np,
CtG14A.5,2018-2022,Mortality due to suicide,25,All people,Aboriginal and Torres Strait Islander people,All areas,Suicide deaths,five-year aggregate,Number,,,Aboriginal and Torres Strait Islander people,All people,25-34 years old,,ABS (unpublished) Causes of Death Australia,no.,73,31,84,77,14,6,3,32,np,
CtG14A.5,2018-2022,Mortality due to suicide,35,All people,Aboriginal and Torres Strait Islander people,All areas,Suicide deaths,five-year aggregate,Number,,,Aboriginal and Torres Strait Islander people,All people,35-44 years old,,ABS (unpublished) Causes of Death Australia,no.,68,15,68,43,10,2,4,21,np,
CtG14A.5,2018-2022,Mortality due to suicide,35,All people,Aboriginal and Torres Strait Islander people,All areas,Suicide deaths,five-year aggregate,Number,,,Aboriginal and Torres Strait Islander people,All people,35-44 years old,,ABS (unpublished) Causes of Death Australia,no.,68,15,68,43,10,2,4,21,np,
CtG14A.5,2018-2022,Mortality due to suicide,35,All people,Aboriginal and Torres Strait Islander people,All areas,Suicide deaths,five-year aggregate,Number,,,Aboriginal and Torres Strait Islander people,All people,35-44 years old,,ABS (unpublished) Causes of Death Australia,no.,68,15,68,43,10,2,4,21,np,
CtG14A.5,2018-2022,Mortality due to suicide,35,All people,Aboriginal and Torres Strait Islander people,All areas,Suicide deaths,five-year aggregate,Number,,,Aboriginal and Torres Strait Islander people,All people,35-44 years old,,ABS (unpublished) Causes of Death Australia,no.,68,15,68,43,10,2,4,21,np,
CtG14A.5,2018-2022,Mortality due to suicide,35,All people,Aboriginal and Torres Strait Islander people,All areas,Suicide deaths,five-year aggregate,Number,,,Aboriginal and Torres Strait Islander people,All people,35-44 years old,,ABS (unpublished) Causes of Death Australia,no.,68,15,68,43,10,2,4,21,np,
CtG14A.5,2018-2022,Mortality due to suicide,45,All people,Aboriginal and Torres Strait Islander people,All areas,Suicide deaths,five-year aggregate,Number,,,Aboriginal and Torres Strait Islander people,All people,45+ years old,,ABS (unpublished) Causes of Death Australia,no.,71,22,42,29,9,3,2,20,np,
CtG14A.5,2018-2022,Mortality due to suicide,45,All people,Aboriginal and Torres Strait Islander people,All areas,Suicide deaths,five-year aggregate,Number,,,Aboriginal and Torres Strait Islander people,All people,45+ years old,,ABS (unpublished) Causes of Death Australia,no.,71,22,42,29,9,3,2,20,np,
CtG14A.5,2018-2022,Mortality due to suicide,45,All people,Aboriginal and Torres Strait Islander people,All areas,Suicide deaths,five-year aggregate,Number,,,Aboriginal and Torres Strait Islander people,All people,45+ years old,,ABS (unpublished) Causes of Death Australia,no.,71,22,42,29,9,3,2,20,np,
CtG14A.5,2018-2022,Mortality due to suicide,45,All people,Aboriginal and Torres Strait Islander people,All areas,Suicide deaths,five-year aggregate,Number,,,Aboriginal and Torres Strait Islander people,All people,45+ years old,,ABS (unpublished) Causes of Death Australia,no.,71,22,42,29,9,3,2,20,np,
CtG14A.5,2018-2022,Mortality due to suicide,45,All people,Aboriginal and Torres Strait Islander people,All areas,Suicide deaths,five-year aggregate,Number,,,Aboriginal and Torres Strait Islander people,All people,45+ years old,,ABS (unpublished) Causes of Death Australia,no.,71,22,42,29,9,3,2,20,np,
CtG14A.5,2017-2021,Mortality due to suicide,5,All people,Aboriginal and Torres Strait Islander people,All areas,Suicide deaths,five-year aggregate,Rate per 100000 people,,,Aboriginal and Torres Strait Islander people,All people,5-17 years old,,ABS (unpublished) Causes of Death Australia,rate,4.3,np,7.8,11,np,np,np,14.9,7.4,
CtG14A.5,2017-2021,Mortality due to suicide,5,All people,Aboriginal and Torres Strait Islander people,All areas,Suicide deaths,five-year aggregate,Rate per 100000 people,,,Aboriginal and Torres Strait Islander people,All people,5-17 years old,,ABS (unpublished) Causes of Death Australia,rate,4.3,np,7.8,11,np,np,np,14.9,7.4,
CtG14A.5,2017-2021,Mortality due to suicide,5,All people,Aboriginal and Torres Strait Islander people,All areas,Suicide deaths,five-year aggregate,Rate per 100000 people,,,Aboriginal and Torres Strait Islander people,All people,5-17 years old,,ABS (unpublished) Causes of Death Australia,rate,4.3,np,7.8,11,np,np,np,14.9,7.4,
CtG14A.5,2017-2021,Mortality due to suicide,5,All people,Aboriginal and Torres Strait Islander people,All areas,Suicide deaths,five-year aggregate,Rate per 100000 people,,,Aboriginal and Torres Strait Islander people,All people,5-17 years old,,ABS (unpublished) Causes of Death Australia,rate,4.3,np,7.8,11,np,np,np,14.9,7.4,
CtG14A.5,2017-2021,Mortality due to suicide,5,All people,Aboriginal and Torres Strait Islander people,All areas,Suicide deaths,five-year aggregate,Rate per 100000 people,,,Aboriginal and Torres Strait Islander people,All people,5-17 years old,,ABS (unpublished) Causes of Death Australia,rate,4.3,np,7.8,11,np,np,np,14.9,7.4,
CtG14A.5,2017-2021,Mortality due to suicide,18,All people,Aboriginal and Torres Strait Islander people,All areas,Suicide deaths,five-year aggregate,Rate per 100000 people,,,Aboriginal and Torres Strait Islander people,All people,18-24 years old,,ABS (unpublished) Causes of Death Australia,rate,26.9,np,67.5,45.7,53.4,np,np,91.1,50.5,
CtG14A.5,2017-2021,Mortality due to suicide,18,All people,Aboriginal and Torres Strait Islander people,All areas,Suicide deaths,five-year aggregate,Rate per 100000 people,,,Aboriginal and Torres Strait Islander people,All people,18-24 years old,,ABS (unpublished) Causes of Death Australia,rate,26.9,np,67.5,45.7,53.4,np,np,91.1,50.5,
CtG14A.5,2017-2021,Mortality due to suicide,18,All people,Aboriginal and Torres Strait Islander people,All areas,Suicide deaths,five-year aggregate,Rate per 100000 people,,,Aboriginal and Torres Strait Islander people,All people,18-24 years old,,ABS (unpublished) Causes of Death Australia,rate,26.9,np,67.5,45.7,53.4,np,np,91.1,50.5,
CtG14A.5,2017-2021,Mortality due to suicide,18,All people,Aboriginal and Torres Strait Islander people,All areas,Suicide deaths,five-year aggregate,Rate per 100000 people,,,Aboriginal and Torres Strait Islander people,All people,18-24 years old,,ABS (unpublished) Causes of Death Australia,rate,26.9,np,67.5,45.7,53.4,np,np,91.1,50.5,
CtG14A.5,2017-2021,Mortality due to suicide,18,All people,Aboriginal and Torres Strait Islander people,All areas,Suicide deaths,five-year aggregate,Rate per 100000 people,,,Aboriginal and Torres Strait Islander people,All people,18-24 years old,,ABS (unpublished) Causes of Death Australia,rate,26.9,np,67.5,45.7,53.4,np,np,91.1,50.5,
CtG14A.5,2017-2021,Mortality due to suicide,25,All people,Aboriginal and Torres Strait Islander people,All areas,Suicide deaths,five-year aggregate,Rate per 100000 people,,,Aboriginal and Torres Strait Islander people,All people,25-34 years old,,ABS (unpublished) Causes of Death Australia,rate,33.3,np,47.1,83.4,34.8,np,np,51.9,47.5,
CtG14A.5,2017-2021,Mortality due to suicide,25,All people,Aboriginal and Torres Strait Islander people,All areas,Suicide deaths,five-year aggregate,Rate per 100000 people,,,Aboriginal and Torres Strait Islander people,All people,25-34 years old,,ABS (unpublished) Causes of Death Australia,rate,33.3,np,47.1,83.4,34.8,np,np,51.9,47.5,
CtG14A.5,2017-2021,Mortality due to suicide,25,All people,Aboriginal and Torres Strait Islander people,All areas,Suicide deaths,five-year aggregate,Rate per 100000 people,,,Aboriginal and Torres Strait Islander people,All people,25-34 years old,,ABS (unpublished) Causes of Death Australia,rate,33.3,np,47.1,83.4,34.8,np,np,51.9,47.5,
CtG14A.5,2017-2021,Mortality due to suicide,25,All people,Aboriginal and Torres Strait Islander people,All areas,Suicide deaths,five-year aggregate,Rate per 100000 people,,,Aboriginal and Torres Strait Islander people,All people,25-34 years old,,ABS (unpublished) Causes of Death Australia,rate,33.3,np,47.1,83.4,34.8,np,np,51.9,47.5,
CtG14A.5,2017-2021,Mortality due to suicide,25,All people,Aboriginal and Torres Strait Islander people,All areas,Suicide deaths,five-year aggregate,Rate per 100000 people,,,Aboriginal and Torres Strait Islander people,All people,25-34 years old,,ABS (unpublished) Causes of Death Australia,rate,33.3,np,47.1,83.4,34.8,np,np,51.9,47.5,
CtG14A.5,2017-2021,Mortality due to suicide,35,All people,Aboriginal and Torres Strait Islander people,All areas,Suicide deaths,five-year aggregate,Rate per 100000 people,,,Aboriginal and Torres Strait Islander people,All people,35-44 years old,,ABS (unpublished) Causes of Death Australia,rate,40.1,np,51.6,62.8,57.7,np,np,37,47.7,
CtG14A.5,2017-2021,Mortality due to suicide,35,All people,Aboriginal and Torres Strait Islander people,All areas,Suicide deaths,five-year aggregate,Rate per 100000 people,,,Aboriginal and Torres Strait Islander people,All people,35-44 years old,,ABS (unpublished) Causes of Death Australia,rate,40.1,np,51.6,62.8,57.7,np,np,37,47.7,
CtG14A.5,2017-2021,Mortality due to suicide,35,All people,Aboriginal and Torres Strait Islander people,All areas,Suicide deaths,five-year aggregate,Rate per 100000 people,,,Aboriginal and Torres Strait Islander people,All people,35-44 years old,,ABS (unpublished) Causes of Death Australia,rate,40.1,np,51.6,62.8,57.7,np,np,37,47.7,
CtG14A.5,2017-2021,Mortality due to suicide,35,All people,Aboriginal and Torres Strait Islander people,All areas,Suicide deaths,five-year aggregate,Rate per 100000 people,,,Aboriginal and Torres Strait Islander people,All people,35-44 years old,,ABS (unpublished) Causes of Death Australia,rate,40.1,np,51.6,62.8,57.7,np,np,37,47.7,
CtG14A.5,2017-2021,Mortality due to suicide,35,All people,Aboriginal and Torres Strait Islander people,All areas,Suicide deaths,five-year aggregate,Rate per 100000 people,,,Aboriginal and Torres Strait Islander people,All people,35-44 years old,,ABS (unpublished) Causes of Death Australia,rate,40.1,np,51.6,62.8,57.7,np,np,37,47.7,
CtG14A.5,2017-2021,Mortality due to suicide,45,All people,Aboriginal and Torres Strait Islander people,All areas,Suicide deaths,five-year aggregate,Rate per 100000 people,,,Aboriginal and Torres Strait Islander people,All people,45+ years old,,ABS (unpublished) Causes of Death Australia,rate,19.8,np,16.8,19.3,14.6,np,np,19.4,18.5,
CtG14A.5,2017-2021,Mortality due to suicide,45,All people,Aboriginal and Torres Strait Islander people,All areas,Suicide deaths,five-year aggregate,Rate per 100000 people,,,Aboriginal and Torres Strait Islander people,All people,45+ years old,,ABS (unpublished) Causes of Death Australia,rate,19.8,np,16.8,19.3,14.6,np,np,19.4,18.5,
CtG14A.5,2017-2021,Mortality due to suicide,45,All people,Aboriginal and Torres Strait Islander people,All areas,Suicide deaths,five-year aggregate,Rate per 100000 people,,,Aboriginal and Torres Strait Islander people,All people,45+ years old,,ABS (unpublished) Causes of Death Australia,rate,19.8,np,16.8,19.3,14.6,np,np,19.4,18.5,
CtG14A.5,2017-2021,Mortality due to suicide,45,All people,Aboriginal and Torres Strait Islander people,All areas,Suicide deaths,five-year aggregate,Rate per 100000 people,,,Aboriginal and Torres Strait Islander people,All people,45+ years old,,ABS (unpublished) Causes of Death Australia,rate,19.8,np,16.8,19.3,14.6,np,np,19.4,18.5,
CtG14A.5,2017-2021,Mortality due to suicide,45,All people,Aboriginal and Torres Strait Islander people,All areas,Suicide deaths,five-year aggregate,Rate per 100000 people,,,Aboriginal and Torres Strait Islander people,All people,45+ years old,,ABS (unpublished) Causes of Death Australia,rate,19.8,np,16.8,19.3,14.6,np,np,19.4,18.5,
CtG14A.5,2017-2021,Mortality due to suicide,5,All people,Non-Indigenous people,All areas,Suicide deaths,five-year aggregate,Rate per 100000 people,,,Non-Indigenous people,All people,5-17 years old,,ABS (unpublished) Causes of Death Australia,rate,2,np,2.7,2.5,2,np,np,4.8,2.3,
CtG14A.5,2017-2021,Mortality due to suicide,5,All people,Non-Indigenous people,All areas,Suicide deaths,five-year aggregate,Rate per 100000 people,,,Non-Indigenous people,All people,5-17 years old,,ABS (unpublished) Causes of Death Australia,rate,2,np,2.7,2.5,2,np,np,4.8,2.3,
CtG14A.5,2017-2021,Mortality due to suicide,5,All people,Non-Indigenous people,All areas,Suicide deaths,five-year aggregate,Rate per 100000 people,,,Non-Indigenous people,All people,5-17 years old,,ABS (unpublished) Causes of Death Australia,rate,2,np,2.7,2.5,2,np,np,4.8,2.3,
CtG14A.5,2017-2021,Mortality due to suicide,5,All people,Non-Indigenous people,All areas,Suicide deaths,five-year aggregate,Rate per 100000 people,,,Non-Indigenous people,All people,5-17 years old,,ABS (unpublished) Causes of Death Australia,rate,2,np,2.7,2.5,2,np,np,4.8,2.3,
CtG14A.5,2017-2021,Mortality due to suicide,5,All people,Non-Indigenous people,All areas,Suicide deaths,five-year aggregate,Rate per 100000 people,,,Non-Indigenous people,All people,5-17 years old,,ABS (unpublished) Causes of Death Australia,rate,2,np,2.7,2.5,2,np,np,4.8,2.3,
CtG14A.5,2017-2021,Mortality due to suicide,18,All people,Non-Indigenous people,All areas,Suicide deaths,five-year aggregate,Rate per 100000 people,,,Non-Indigenous people,All people,18-24 years old,,ABS (unpublished) Causes of Death Australia,rate,11.5,np,16.8,15.5,13.9,np,np,22.8,13.9,
CtG14A.5,2017-2021,Mortality due to suicide,18,All people,Non-Indigenous people,All areas,Suicide deaths,five-year aggregate,Rate per 100000 people,,,Non-Indigenous people,All people,18-24 years old,,ABS (unpublished) Causes of Death Australia,rate,11.5,np,16.8,15.5,13.9,np,np,22.8,13.9,
CtG14A.5,2017-2021,Mortality due to suicide,18,All people,Non-Indigenous people,All areas,Suicide deaths,five-year aggregate,Rate per 100000 people,,,Non-Indigenous people,All people,18-24 years old,,ABS (unpublished) Causes of Death Australia,rate,11.5,np,16.8,15.5,13.9,np,np,22.8,13.9,
CtG14A.5,2017-2021,Mortality due to suicide,18,All people,Non-Indigenous people,All areas,Suicide deaths,five-year aggregate,Rate per 100000 people,,,Non-Indigenous people,All people,18-24 years old,,ABS (unpublished) Causes of Death Australia,rate,11.5,np,16.8,15.5,13.9,np,np,22.8,13.9,
CtG14A.5,2017-2021,Mortality due to suicide,18,All people,Non-Indigenous people,All areas,Suicide deaths,five-year aggregate,Rate per 100000 people,,,Non-Indigenous people,All people,18-24 years old,,ABS (unpublished) Causes of Death Australia,rate,11.5,np,16.8,15.5,13.9,np,np,22.8,13.9,
CtG14A.5,2017-2021,Mortality due to suicide,25,All people,Non-Indigenous people,All areas,Suicide deaths,five-year aggregate,Rate per 100000 people,,,Non-Indigenous people,All people,25-34 years old,,ABS (unpublished) Causes of Death Australia,rate,12.3,np,17.8,18.6,16.3,np,np,13.3,15.1,
CtG14A.5,2017-2021,Mortality due to suicide,25,All people,Non-Indigenous people,All areas,Suicide deaths,five-year aggregate,Rate per 100000 people,,,Non-Indigenous people,All people,25-34 years old,,ABS (unpublished) Causes of Death Australia,rate,12.3,np,17.8,18.6,16.3,np,np,13.3,15.1,
CtG14A.5,2017-2021,Mortality due to suicide,25,All people,Non-Indigenous people,All areas,Suicide deaths,five-year aggregate,Rate per 100000 people,,,Non-Indigenous people,All people,25-34 years old,,ABS (unpublished) Causes of Death Australia,rate,12.3,np,17.8,18.6,16.3,np,np,13.3,15.1,
CtG14A.5,2017-2021,Mortality due to suicide,25,All people,Non-Indigenous people,All areas,Suicide deaths,five-year aggregate,Rate per 100000 people,,,Non-Indigenous people,All people,25-34 years old,,ABS (unpublished) Causes of Death Australia,rate,12.3,np,17.8,18.6,16.3,np,np,13.3,15.1,
CtG14A.5,2017-2021,Mortality due to suicide,25,All people,Non-Indigenous people,All areas,Suicide deaths,five-year aggregate,Rate per 100000 people,,,Non-Indigenous people,All people,25-34 years old,,ABS (unpublished) Causes of Death Australia,rate,12.3,np,17.8,18.6,16.3,np,np,13.3,15.1,
CtG14A.5,2017-2021,Mortality due to suicide,35,All people,Non-Indigenous people,All areas,Suicide deaths,five-year aggregate,Rate per 100000 people,,,Non-Indigenous people,All people,35-44 years old,,ABS (unpublished) Causes of Death Australia,rate,14.1,np,21.9,19,17.7,np,np,11.1,17.3,
CtG14A.5,2017-2021,Mortality due to suicide,35,All people,Non-Indigenous people,All areas,Suicide deaths,five-year aggregate,Rate per 100000 people,,,Non-Indigenous people,All people,35-44 years old,,ABS (unpublished) Causes of Death Australia,rate,14.1,np,21.9,19,17.7,np,np,11.1,17.3,
CtG14A.5,2017-2021,Mortality due to suicide,35,All people,Non-Indigenous people,All areas,Suicide deaths,five-year aggregate,Rate per 100000 people,,,Non-Indigenous people,All people,35-44 years old,,ABS (unpublished) Causes of Death Australia,rate,14.1,np,21.9,19,17.7,np,np,11.1,17.3,
CtG14A.5,2017-2021,Mortality due to suicide,35,All people,Non-Indigenous people,All areas,Suicide deaths,five-year aggregate,Rate per 100000 people,,,Non-Indigenous people,All people,35-44 years old,,ABS (unpublished) Causes of Death Australia,rate,14.1,np,21.9,19,17.7,np,np,11.1,17.3,
CtG14A.5,2017-2021,Mortality due to suicide,35,All people,Non-Indigenous people,All areas,Suicide deaths,five-year aggregate,Rate per 100000 people,,,Non-Indigenous people,All people,35-44 years old,,ABS (unpublished) Causes of Death Australia,rate,14.1,np,21.9,19,17.7,np,np,11.1,17.3,
CtG14A.5,2017-2021,Mortality due to suicide,45,All people,Non-Indigenous people,All areas,Suicide deaths,five-year aggregate,Rate per 100000 people,,,Non-Indigenous people,All people,45+ years old,,ABS (unpublished) Causes of Death Australia,rate,14,np,18.3,16.6,15.2,np,np,19.4,15.8,
CtG14A.5,2017-2021,Mortality due to suicide,45,All people,Non-Indigenous people,All areas,Suicide deaths,five-year aggregate,Rate per 100000 people,,,Non-Indigenous people,All people,45+ years old,,ABS (unpublished) Causes of Death Australia,rate,14,np,18.3,16.6,15.2,np,np,19.4,15.8,
CtG14A.5,2017-2021,Mortality due to suicide,45,All people,Non-Indigenous people,All areas,Suicide deaths,five-year aggregate,Rate per 100000 people,,,Non-Indigenous people,All people,45+ years old,,ABS (unpublished) Causes of Death Australia,rate,14,np,18.3,16.6,15.2,np,np,19.4,15.8,
CtG14A.5,2017-2021,Mortality due to suicide,45,All people,Non-Indigenous people,All areas,Suicide deaths,five-year aggregate,Rate per 100000 people,,,Non-Indigenous people,All people,45+ years old,,ABS (unpublished) Causes of Death Australia,rate,14,np,18.3,16.6,15.2,np,np,19.4,15.8,
CtG14A.5,2017-2021,Mortality due to suicide,45,All people,Non-Indigenous people,All areas,Suicide deaths,five-year aggregate,Rate per 100000 people,,,Non-Indigenous people,All people,45+ years old,,ABS (unpublished) Causes of Death Australia,rate,14,np,18.3,16.6,15.2,np,np,19.4,15.8,
CtG14A.5,2017-2021,Mortality due to suicide,5,All people,Aboriginal and Torres Strait Islander people,All areas,Suicide deaths,five-year aggregate,Number,,,Aboriginal and Torres Strait Islander people,All people,5-17 years old,,ABS (unpublished) Causes of Death Australia,no.,17,1,27,16,4,0,0,14,np,
CtG14A.5,2017-2021,Mortality due to suicide,5,All people,Aboriginal and Torres Strait Islander people,All areas,Suicide deaths,five-year aggregate,Number,,,Aboriginal and Torres Strait Islander people,All people,5-17 years old,,ABS (unpublished) Causes of Death Australia,no.,17,1,27,16,4,0,0,14,np,
CtG14A.5,2017-2021,Mortality due to suicide,5,All people,Aboriginal and Torres Strait Islander people,All areas,Suicide deaths,five-year aggregate,Number,,,Aboriginal and Torres Strait Islander people,All people,5-17 years old,,ABS (unpublished) Causes of Death Australia,no.,17,1,27,16,4,0,0,14,np,
CtG14A.5,2017-2021,Mortality due to suicide,5,All people,Aboriginal and Torres Strait Islander people,All areas,Suicide deaths,five-year aggregate,Number,,,Aboriginal and Torres Strait Islander people,All people,5-17 years old,,ABS (unpublished) Causes of Death Australia,no.,17,1,27,16,4,0,0,14,np,
CtG14A.5,2017-2021,Mortality due to suicide,5,All people,Aboriginal and Torres Strait Islander people,All areas,Suicide deaths,five-year aggregate,Number,,,Aboriginal and Torres Strait Islander people,All people,5-17 years old,,ABS (unpublished) Causes of Death Australia,no.,17,1,27,16,4,0,0,14,np,
CtG14A.5,2017-2021,Mortality due to suicide,18,All people,Aboriginal and Torres Strait Islander people,All areas,Suicide deaths,five-year aggregate,Number,,,Aboriginal and Torres Strait Islander people,All people,18-24 years old,,ABS (unpublished) Causes of Death Australia,no.,50,11,106,31,16,1,5,44,np,
CtG14A.5,2017-2021,Mortality due to suicide,18,All people,Aboriginal and Torres Strait Islander people,All areas,Suicide deaths,five-year aggregate,Number,,,Aboriginal and Torres Strait Islander people,All people,18-24 years old,,ABS (unpublished) Causes of Death Australia,no.,50,11,106,31,16,1,5,44,np,
CtG14A.5,2017-2021,Mortality due to suicide,18,All people,Aboriginal and Torres Strait Islander people,All areas,Suicide deaths,five-year aggregate,Number,,,Aboriginal and Torres Strait Islander people,All people,18-24 years old,,ABS (unpublished) Causes of Death Australia,no.,50,11,106,31,16,1,5,44,np,
CtG14A.5,2017-2021,Mortality due to suicide,18,All people,Aboriginal and Torres Strait Islander people,All areas,Suicide deaths,five-year aggregate,Number,,,Aboriginal and Torres Strait Islander people,All people,18-24 years old,,ABS (unpublished) Causes of Death Australia,no.,50,11,106,31,16,1,5,44,np,
CtG14A.5,2017-2021,Mortality due to suicide,18,All people,Aboriginal and Torres Strait Islander people,All areas,Suicide deaths,five-year aggregate,Number,,,Aboriginal and Torres Strait Islander people,All people,18-24 years old,,ABS (unpublished) Causes of Death Australia,no.,50,11,106,31,16,1,5,44,np,
CtG14A.5,2017-2021,Mortality due to suicide,25,All people,Aboriginal and Torres Strait Islander people,All areas,Suicide deaths,five-year aggregate,Number,,,Aboriginal and Torres Strait Islander people,All people,25-34 years old,,ABS (unpublished) Causes of Death Australia,no.,67,24,80,72,12,5,1,35,np,
CtG14A.5,2017-2021,Mortality due to suicide,25,All people,Aboriginal and Torres Strait Islander people,All areas,Suicide deaths,five-year aggregate,Number,,,Aboriginal and Torres Strait Islander people,All people,25-34 years old,,ABS (unpublished) Causes of Death Australia,no.,67,24,80,72,12,5,1,35,np,
CtG14A.5,2017-2021,Mortality due to suicide,25,All people,Aboriginal and Torres Strait Islander people,All areas,Suicide deaths,five-year aggregate,Number,,,Aboriginal and Torres Strait Islander people,All people,25-34 years old,,ABS (unpublished) Causes of Death Australia,no.,67,24,80,72,12,5,1,35,np,
CtG14A.5,2017-2021,Mortality due to suicide,25,All people,Aboriginal and Torres Strait Islander people,All areas,Suicide deaths,five-year aggregate,Number,,,Aboriginal and Torres Strait Islander people,All people,25-34 years old,,ABS (unpublished) Causes of Death Australia,no.,67,24,80,72,12,5,1,35,np,
CtG14A.5,2017-2021,Mortality due to suicide,25,All people,Aboriginal and Torres Strait Islander people,All areas,Suicide deaths,five-year aggregate,Number,,,Aboriginal and Torres Strait Islander people,All people,25-34 years old,,ABS (unpublished) Causes of Death Australia,no.,67,24,80,72,12,5,1,35,np,
CtG14A.5,2017-2021,Mortality due to suicide,35,All people,Aboriginal and Torres Strait Islander people,All areas,Suicide deaths,five-year aggregate,Number,,,Aboriginal and Torres Strait Islander people,All people,35-44 years old,,ABS (unpublished) Causes of Death Australia,no.,55,13,63,38,13,0,1,19,np,
CtG14A.5,2017-2021,Mortality due to suicide,35,All people,Aboriginal and Torres Strait Islander people,All areas,Suicide deaths,five-year aggregate,Number,,,Aboriginal and Torres Strait Islander people,All people,35-44 years old,,ABS (unpublished) Causes of Death Australia,no.,55,13,63,38,13,0,1,19,np,
CtG14A.5,2017-2021,Mortality due to suicide,35,All people,Aboriginal and Torres Strait Islander people,All areas,Suicide deaths,five-year aggregate,Number,,,Aboriginal and Torres Strait Islander people,All people,35-44 years old,,ABS (unpublished) Causes of Death Australia,no.,55,13,63,38,13,0,1,19,np,
CtG14A.5,2017-2021,Mortality due to suicide,35,All people,Aboriginal and Torres Strait Islander people,All areas,Suicide deaths,five-year aggregate,Number,,,Aboriginal and Torres Strait Islander people,All people,35-44 years old,,ABS (unpublished) Causes of Death Australia,no.,55,13,63,38,13,0,1,19,np,
CtG14A.5,2017-2021,Mortality due to suicide,35,All people,Aboriginal and Torres Strait Islander people,All areas,Suicide deaths,five-year aggregate,Number,,,Aboriginal and Torres Strait Islander people,All people,35-44 years old,,ABS (unpublished) Causes of Death Australia,no.,55,13,63,38,13,0,1,19,np,
CtG14A.5,2017-2021,Mortality due to suicide,45,All people,Aboriginal and Torres Strait Islander people,All areas,Suicide deaths,five-year aggregate,Number,,,Aboriginal and Torres Strait Islander people,All people,45+ years old,,ABS (unpublished) Causes of Death Australia,no.,63,18,42,22,7,3,4,17,np,
CtG14A.5,2017-2021,Mortality due to suicide,45,All people,Aboriginal and Torres Strait Islander people,All areas,Suicide deaths,five-year aggregate,Number,,,Aboriginal and Torres Strait Islander people,All people,45+ years old,,ABS (unpublished) Causes of Death Australia,no.,63,18,42,22,7,3,4,17,np,
CtG14A.5,2017-2021,Mortality due to suicide,45,All people,Aboriginal and Torres Strait Islander people,All areas,Suicide deaths,five-year aggregate,Number,,,Aboriginal and Torres Strait Islander people,All people,45+ years old,,ABS (unpublished) Causes of Death Australia,no.,63,18,42,22,7,3,4,17,np,
CtG14A.5,2017-2021,Mortality due to suicide,45,All people,Aboriginal and Torres Strait Islander people,All areas,Suicide deaths,five-year aggregate,Number,,,Aboriginal and Torres Strait Islander people,All people,45+ years old,,ABS (unpublished) Causes of Death Australia,no.,63,18,42,22,7,3,4,17,np,
CtG14A.5,2017-2021,Mortality due to suicide,45,All people,Aboriginal and Torres Strait Islander people,All areas,Suicide deaths,five-year aggregate,Number,,,Aboriginal and Torres Strait Islander people,All people,45+ years old,,ABS (unpublished) Causes of Death Australia,no.,63,18,42,22,7,3,4,17,np,
CtG14A.5,2016-2020,Mortality due to suicide,5,All people,Aboriginal and Torres Strait Islander people,All areas,Suicide deaths,five-year aggregate,Rate per 100000 people,,,Aboriginal and Torres Strait Islander people,All people,5-17 years old,,ABS (unpublished) Causes of Death Australia,rate,4.3,np,7.9,13.2,np,np,np,13.7,7.7,
CtG14A.5,2016-2020,Mortality due to suicide,5,All people,Aboriginal and Torres Strait Islander people,All areas,Suicide deaths,five-year aggregate,Rate per 100000 people,,,Aboriginal and Torres Strait Islander people,All people,5-17 years old,,ABS (unpublished) Causes of Death Australia,rate,4.3,np,7.9,13.2,np,np,np,13.7,7.7,
CtG14A.5,2016-2020,Mortality due to suicide,5,All people,Aboriginal and Torres Strait Islander people,All areas,Suicide deaths,five-year aggregate,Rate per 100000 people,,,Aboriginal and Torres Strait Islander people,All people,5-17 years old,,ABS (unpublished) Causes of Death Australia,rate,4.3,np,7.9,13.2,np,np,np,13.7,7.7,
CtG14A.5,2016-2020,Mortality due to suicide,5,All people,Aboriginal and Torres Strait Islander people,All areas,Suicide deaths,five-year aggregate,Rate per 100000 people,,,Aboriginal and Torres Strait Islander people,All people,5-17 years old,,ABS (unpublished) Causes of Death Australia,rate,4.3,np,7.9,13.2,np,np,np,13.7,7.7,
CtG14A.5,2016-2020,Mortality due to suicide,5,All people,Aboriginal and Torres Strait Islander people,All areas,Suicide deaths,five-year aggregate,Rate per 100000 people,,,Aboriginal and Torres Strait Islander people,All people,5-17 years old,,ABS (unpublished) Causes of Death Australia,rate,4.3,np,7.9,13.2,np,np,np,13.7,7.7,
CtG14A.5,2016-2020,Mortality due to suicide,18,All people,Aboriginal and Torres Strait Islander people,All areas,Suicide deaths,five-year aggregate,Rate per 100000 people,,,Aboriginal and Torres Strait Islander people,All people,18-24 years old,,ABS (unpublished) Causes of Death Australia,rate,28.5,np,70.1,57,37.4,np,np,81.7,51.6,
CtG14A.5,2016-2020,Mortality due to suicide,18,All people,Aboriginal and Torres Strait Islander people,All areas,Suicide deaths,five-year aggregate,Rate per 100000 people,,,Aboriginal and Torres Strait Islander people,All people,18-24 years old,,ABS (unpublished) Causes of Death Australia,rate,28.5,np,70.1,57,37.4,np,np,81.7,51.6,
CtG14A.5,2016-2020,Mortality due to suicide,18,All people,Aboriginal and Torres Strait Islander people,All areas,Suicide deaths,five-year aggregate,Rate per 100000 people,,,Aboriginal and Torres Strait Islander people,All people,18-24 years old,,ABS (unpublished) Causes of Death Australia,rate,28.5,np,70.1,57,37.4,np,np,81.7,51.6,
CtG14A.5,2016-2020,Mortality due to suicide,18,All people,Aboriginal and Torres Strait Islander people,All areas,Suicide deaths,five-year aggregate,Rate per 100000 people,,,Aboriginal and Torres Strait Islander people,All people,18-24 years old,,ABS (unpublished) Causes of Death Australia,rate,28.5,np,70.1,57,37.4,np,np,81.7,51.6,
CtG14A.5,2016-2020,Mortality due to suicide,18,All people,Aboriginal and Torres Strait Islander people,All areas,Suicide deaths,five-year aggregate,Rate per 100000 people,,,Aboriginal and Torres Strait Islander people,All people,18-24 years old,,ABS (unpublished) Causes of Death Australia,rate,28.5,np,70.1,57,37.4,np,np,81.7,51.6,
CtG14A.5,2016-2020,Mortality due to suicide,25,All people,Aboriginal and Torres Strait Islander people,All areas,Suicide deaths,five-year aggregate,Rate per 100000 people,,,Aboriginal and Torres Strait Islander people,All people,25-34 years old,,ABS (unpublished) Causes of Death Australia,rate,29.5,np,47.1,86.9,23.8,np,np,54,46.4,
CtG14A.5,2016-2020,Mortality due to suicide,25,All people,Aboriginal and Torres Strait Islander people,All areas,Suicide deaths,five-year aggregate,Rate per 100000 people,,,Aboriginal and Torres Strait Islander people,All people,25-34 years old,,ABS (unpublished) Causes of Death Australia,rate,29.5,np,47.1,86.9,23.8,np,np,54,46.4,
CtG14A.5,2016-2020,Mortality due to suicide,25,All people,Aboriginal and Torres Strait Islander people,All areas,Suicide deaths,five-year aggregate,Rate per 100000 people,,,Aboriginal and Torres Strait Islander people,All people,25-34 years old,,ABS (unpublished) Causes of Death Australia,rate,29.5,np,47.1,86.9,23.8,np,np,54,46.4,
CtG14A.5,2016-2020,Mortality due to suicide,25,All people,Aboriginal and Torres Strait Islander people,All areas,Suicide deaths,five-year aggregate,Rate per 100000 people,,,Aboriginal and Torres Strait Islander people,All people,25-34 years old,,ABS (unpublished) Causes of Death Australia,rate,29.5,np,47.1,86.9,23.8,np,np,54,46.4,
CtG14A.5,2016-2020,Mortality due to suicide,25,All people,Aboriginal and Torres Strait Islander people,All areas,Suicide deaths,five-year aggregate,Rate per 100000 people,,,Aboriginal and Torres Strait Islander people,All people,25-34 years old,,ABS (unpublished) Causes of Death Australia,rate,29.5,np,47.1,86.9,23.8,np,np,54,46.4,
CtG14A.5,2016-2020,Mortality due to suicide,35,All people,Aboriginal and Torres Strait Islander people,All areas,Suicide deaths,five-year aggregate,Rate per 100000 people,,,Aboriginal and Torres Strait Islander people,All people,35-44 years old,,ABS (unpublished) Causes of Death Australia,rate,35.3,np,52,52.5,54.1,np,np,41.5,45,
CtG14A.5,2016-2020,Mortality due to suicide,35,All people,Aboriginal and Torres Strait Islander people,All areas,Suicide deaths,five-year aggregate,Rate per 100000 people,,,Aboriginal and Torres Strait Islander people,All people,35-44 years old,,ABS (unpublished) Causes of Death Australia,rate,35.3,np,52,52.5,54.1,np,np,41.5,45,
CtG14A.5,2016-2020,Mortality due to suicide,35,All people,Aboriginal and Torres Strait Islander people,All areas,Suicide deaths,five-year aggregate,Rate per 100000 people,,,Aboriginal and Torres Strait Islander people,All people,35-44 years old,,ABS (unpublished) Causes of Death Australia,rate,35.3,np,52,52.5,54.1,np,np,41.5,45,
CtG14A.5,2016-2020,Mortality due to suicide,35,All people,Aboriginal and Torres Strait Islander people,All areas,Suicide deaths,five-year aggregate,Rate per 100000 people,,,Aboriginal and Torres Strait Islander people,All people,35-44 years old,,ABS (unpublished) Causes of Death Australia,rate,35.3,np,52,52.5,54.1,np,np,41.5,45,
CtG14A.5,2016-2020,Mortality due to suicide,35,All people,Aboriginal and Torres Strait Islander people,All areas,Suicide deaths,five-year aggregate,Rate per 100000 people,,,Aboriginal and Torres Strait Islander people,All people,35-44 years old,,ABS (unpublished) Causes of Death Australia,rate,35.3,np,52,52.5,54.1,np,np,41.5,45,
CtG14A.5,2016-2020,Mortality due to suicide,45,All people,Aboriginal and Torres Strait Islander people,All areas,Suicide deaths,five-year aggregate,Rate per 100000 people,,,Aboriginal and Torres Strait Islander people,All people,45+ years old,,ABS (unpublished) Causes of Death Australia,rate,20.6,np,15.8,15.4,15,np,np,16.5,17.7,
CtG14A.5,2016-2020,Mortality due to suicide,45,All people,Aboriginal and Torres Strait Islander people,All areas,Suicide deaths,five-year aggregate,Rate per 100000 people,,,Aboriginal and Torres Strait Islander people,All people,45+ years old,,ABS (unpublished) Causes of Death Australia,rate,20.6,np,15.8,15.4,15,np,np,16.5,17.7,
CtG14A.5,2016-2020,Mortality due to suicide,45,All people,Aboriginal and Torres Strait Islander people,All areas,Suicide deaths,five-year aggregate,Rate per 100000 people,,,Aboriginal and Torres Strait Islander people,All people,45+ years old,,ABS (unpublished) Causes of Death Australia,rate,20.6,np,15.8,15.4,15,np,np,16.5,17.7,
CtG14A.5,2016-2020,Mortality due to suicide,45,All people,Aboriginal and Torres Strait Islander people,All areas,Suicide deaths,five-year aggregate,Rate per 100000 people,,,Aboriginal and Torres Strait Islander people,All people,45+ years old,,ABS (unpublished) Causes of Death Australia,rate,20.6,np,15.8,15.4,15,np,np,16.5,17.7,
CtG14A.5,2016-2020,Mortality due to suicide,45,All people,Aboriginal and Torres Strait Islander people,All areas,Suicide deaths,five-year aggregate,Rate per 100000 people,,,Aboriginal and Torres Strait Islander people,All people,45+ years old,,ABS (unpublished) Causes of Death Australia,rate,20.6,np,15.8,15.4,15,np,np,16.5,17.7,
CtG14A.5,2016-2020,Mortality due to suicide,5,All people,Non-Indigenous people,All areas,Suicide deaths,five-year aggregate,Rate per 100000 people,,,Non-Indigenous people,All people,5-17 years old,,ABS (unpublished) Causes of Death Australia,rate,2,np,2.6,2.4,1.9,np,np,4.8,2.2,
CtG14A.5,2016-2020,Mortality due to suicide,5,All people,Non-Indigenous people,All areas,Suicide deaths,five-year aggregate,Rate per 100000 people,,,Non-Indigenous people,All people,5-17 years old,,ABS (unpublished) Causes of Death Australia,rate,2,np,2.6,2.4,1.9,np,np,4.8,2.2,
CtG14A.5,2016-2020,Mortality due to suicide,5,All people,Non-Indigenous people,All areas,Suicide deaths,five-year aggregate,Rate per 100000 people,,,Non-Indigenous people,All people,5-17 years old,,ABS (unpublished) Causes of Death Australia,rate,2,np,2.6,2.4,1.9,np,np,4.8,2.2,
CtG14A.5,2016-2020,Mortality due to suicide,5,All people,Non-Indigenous people,All areas,Suicide deaths,five-year aggregate,Rate per 100000 people,,,Non-Indigenous people,All people,5-17 years old,,ABS (unpublished) Causes of Death Australia,rate,2,np,2.6,2.4,1.9,np,np,4.8,2.2,
CtG14A.5,2016-2020,Mortality due to suicide,5,All people,Non-Indigenous people,All areas,Suicide deaths,five-year aggregate,Rate per 100000 people,,,Non-Indigenous people,All people,5-17 years old,,ABS (unpublished) Causes of Death Australia,rate,2,np,2.6,2.4,1.9,np,np,4.8,2.2,
CtG14A.5,2016-2020,Mortality due to suicide,18,All people,Non-Indigenous people,All areas,Suicide deaths,five-year aggregate,Rate per 100000 people,,,Non-Indigenous people,All people,18-24 years old,,ABS (unpublished) Causes of Death Australia,rate,11.8,np,16.9,14.9,13.9,np,np,23.5,14,
CtG14A.5,2016-2020,Mortality due to suicide,18,All people,Non-Indigenous people,All areas,Suicide deaths,five-year aggregate,Rate per 100000 people,,,Non-Indigenous people,All people,18-24 years old,,ABS (unpublished) Causes of Death Australia,rate,11.8,np,16.9,14.9,13.9,np,np,23.5,14,
CtG14A.5,2016-2020,Mortality due to suicide,18,All people,Non-Indigenous people,All areas,Suicide deaths,five-year aggregate,Rate per 100000 people,,,Non-Indigenous people,All people,18-24 years old,,ABS (unpublished) Causes of Death Australia,rate,11.8,np,16.9,14.9,13.9,np,np,23.5,14,
CtG14A.5,2016-2020,Mortality due to suicide,18,All people,Non-Indigenous people,All areas,Suicide deaths,five-year aggregate,Rate per 100000 people,,,Non-Indigenous people,All people,18-24 years old,,ABS (unpublished) Causes of Death Australia,rate,11.8,np,16.9,14.9,13.9,np,np,23.5,14,
CtG14A.5,2016-2020,Mortality due to suicide,18,All people,Non-Indigenous people,All areas,Suicide deaths,five-year aggregate,Rate per 100000 people,,,Non-Indigenous people,All people,18-24 years old,,ABS (unpublished) Causes of Death Australia,rate,11.8,np,16.9,14.9,13.9,np,np,23.5,14,
CtG14A.5,2016-2020,Mortality due to suicide,25,All people,Non-Indigenous people,All areas,Suicide deaths,five-year aggregate,Rate per 100000 people,,,Non-Indigenous people,All people,25-34 years old,,ABS (unpublished) Causes of Death Australia,rate,12.5,np,17.9,19.1,17.4,np,np,11.7,15.4,
CtG14A.5,2016-2020,Mortality due to suicide,25,All people,Non-Indigenous people,All areas,Suicide deaths,five-year aggregate,Rate per 100000 people,,,Non-Indigenous people,All people,25-34 years old,,ABS (unpublished) Causes of Death Australia,rate,12.5,np,17.9,19.1,17.4,np,np,11.7,15.4,
CtG14A.5,2016-2020,Mortality due to suicide,25,All people,Non-Indigenous people,All areas,Suicide deaths,five-year aggregate,Rate per 100000 people,,,Non-Indigenous people,All people,25-34 years old,,ABS (unpublished) Causes of Death Australia,rate,12.5,np,17.9,19.1,17.4,np,np,11.7,15.4,
CtG14A.5,2016-2020,Mortality due to suicide,25,All people,Non-Indigenous people,All areas,Suicide deaths,five-year aggregate,Rate per 100000 people,,,Non-Indigenous people,All people,25-34 years old,,ABS (unpublished) Causes of Death Australia,rate,12.5,np,17.9,19.1,17.4,np,np,11.7,15.4,
CtG14A.5,2016-2020,Mortality due to suicide,25,All people,Non-Indigenous people,All areas,Suicide deaths,five-year aggregate,Rate per 100000 people,,,Non-Indigenous people,All people,25-34 years old,,ABS (unpublished) Causes of Death Australia,rate,12.5,np,17.9,19.1,17.4,np,np,11.7,15.4,
CtG14A.5,2016-2020,Mortality due to suicide,35,All people,Non-Indigenous people,All areas,Suicide deaths,five-year aggregate,Rate per 100000 people,,,Non-Indigenous people,All people,35-44 years old,,ABS (unpublished) Causes of Death Australia,rate,14.5,np,22.1,18.8,18.1,np,np,13.2,17.6,
CtG14A.5,2016-2020,Mortality due to suicide,35,All people,Non-Indigenous people,All areas,Suicide deaths,five-year aggregate,Rate per 100000 people,,,Non-Indigenous people,All people,35-44 years old,,ABS (unpublished) Causes of Death Australia,rate,14.5,np,22.1,18.8,18.1,np,np,13.2,17.6,
CtG14A.5,2016-2020,Mortality due to suicide,35,All people,Non-Indigenous people,All areas,Suicide deaths,five-year aggregate,Rate per 100000 people,,,Non-Indigenous people,All people,35-44 years old,,ABS (unpublished) Causes of Death Australia,rate,14.5,np,22.1,18.8,18.1,np,np,13.2,17.6,
CtG14A.5,2016-2020,Mortality due to suicide,35,All people,Non-Indigenous people,All areas,Suicide deaths,five-year aggregate,Rate per 100000 people,,,Non-Indigenous people,All people,35-44 years old,,ABS (unpublished) Causes of Death Australia,rate,14.5,np,22.1,18.8,18.1,np,np,13.2,17.6,
CtG14A.5,2016-2020,Mortality due to suicide,35,All people,Non-Indigenous people,All areas,Suicide deaths,five-year aggregate,Rate per 100000 people,,,Non-Indigenous people,All people,35-44 years old,,ABS (unpublished) Causes of Death Australia,rate,14.5,np,22.1,18.8,18.1,np,np,13.2,17.6,
CtG14A.5,2016-2020,Mortality due to suicide,45,All people,Non-Indigenous people,All areas,Suicide deaths,five-year aggregate,Rate per 100000 people,,,Non-Indigenous people,All people,45+ years old,,ABS (unpublished) Causes of Death Australia,rate,13.8,np,17.9,16.5,15.2,np,np,20.8,15.6,
CtG14A.5,2016-2020,Mortality due to suicide,45,All people,Non-Indigenous people,All areas,Suicide deaths,five-year aggregate,Rate per 100000 people,,,Non-Indigenous people,All people,45+ years old,,ABS (unpublished) Causes of Death Australia,rate,13.8,np,17.9,16.5,15.2,np,np,20.8,15.6,
CtG14A.5,2016-2020,Mortality due to suicide,45,All people,Non-Indigenous people,All areas,Suicide deaths,five-year aggregate,Rate per 100000 people,,,Non-Indigenous people,All people,45+ years old,,ABS (unpublished) Causes of Death Australia,rate,13.8,np,17.9,16.5,15.2,np,np,20.8,15.6,
CtG14A.5,2016-2020,Mortality due to suicide,45,All people,Non-Indigenous people,All areas,Suicide deaths,five-year aggregate,Rate per 100000 people,,,Non-Indigenous people,All people,45+ years old,,ABS (unpublished) Causes of Death Australia,rate,13.8,np,17.9,16.5,15.2,np,np,20.8,15.6,
CtG14A.5,2016-2020,Mortality due to suicide,45,All people,Non-Indigenous people,All areas,Suicide deaths,five-year aggregate,Rate per 100000 people,,,Non-Indigenous people,All people,45+ years old,,ABS (unpublished) Causes of Death Australia,rate,13.8,np,17.9,16.5,15.2,np,np,20.8,15.6,
CtG14A.5,2016-2020,Mortality due to suicide,5,All people,Aboriginal and Torres Strait Islander people,All areas,Suicide deaths,five-year aggregate,Number,,,Aboriginal and Torres Strait Islander people,All people,5-17 years old,,ABS (unpublished) Causes of Death Australia,no.,17,3,27,19,2,0,0,13,np,
CtG14A.5,2016-2020,Mortality due to suicide,5,All people,Aboriginal and Torres Strait Islander people,All areas,Suicide deaths,five-year aggregate,Number,,,Aboriginal and Torres Strait Islander people,All people,5-17 years old,,ABS (unpublished) Causes of Death Australia,no.,17,3,27,19,2,0,0,13,np,
CtG14A.5,2016-2020,Mortality due to suicide,5,All people,Aboriginal and Torres Strait Islander people,All areas,Suicide deaths,five-year aggregate,Number,,,Aboriginal and Torres Strait Islander people,All people,5-17 years old,,ABS (unpublished) Causes of Death Australia,no.,17,3,27,19,2,0,0,13,np,
CtG14A.5,2016-2020,Mortality due to suicide,5,All people,Aboriginal and Torres Strait Islander people,All areas,Suicide deaths,five-year aggregate,Number,,,Aboriginal and Torres Strait Islander people,All people,5-17 years old,,ABS (unpublished) Causes of Death Australia,no.,17,3,27,19,2,0,0,13,np,
CtG14A.5,2016-2020,Mortality due to suicide,5,All people,Aboriginal and Torres Strait Islander people,All areas,Suicide deaths,five-year aggregate,Number,,,Aboriginal and Torres Strait Islander people,All people,5-17 years old,,ABS (unpublished) Causes of Death Australia,no.,17,3,27,19,2,0,0,13,np,
CtG14A.5,2016-2020,Mortality due to suicide,18,All people,Aboriginal and Torres Strait Islander people,All areas,Suicide deaths,five-year aggregate,Number,,,Aboriginal and Torres Strait Islander people,All people,18-24 years old,,ABS (unpublished) Causes of Death Australia,no.,52,12,107,38,11,3,5,39,np,
CtG14A.5,2016-2020,Mortality due to suicide,18,All people,Aboriginal and Torres Strait Islander people,All areas,Suicide deaths,five-year aggregate,Number,,,Aboriginal and Torres Strait Islander people,All people,18-24 years old,,ABS (unpublished) Causes of Death Australia,no.,52,12,107,38,11,3,5,39,np,
CtG14A.5,2016-2020,Mortality due to suicide,18,All people,Aboriginal and Torres Strait Islander people,All areas,Suicide deaths,five-year aggregate,Number,,,Aboriginal and Torres Strait Islander people,All people,18-24 years old,,ABS (unpublished) Causes of Death Australia,no.,52,12,107,38,11,3,5,39,np,
CtG14A.5,2016-2020,Mortality due to suicide,18,All people,Aboriginal and Torres Strait Islander people,All areas,Suicide deaths,five-year aggregate,Number,,,Aboriginal and Torres Strait Islander people,All people,18-24 years old,,ABS (unpublished) Causes of Death Australia,no.,52,12,107,38,11,3,5,39,np,
CtG14A.5,2016-2020,Mortality due to suicide,18,All people,Aboriginal and Torres Strait Islander people,All areas,Suicide deaths,five-year aggregate,Number,,,Aboriginal and Torres Strait Islander people,All people,18-24 years old,,ABS (unpublished) Causes of Death Australia,no.,52,12,107,38,11,3,5,39,np,
CtG14A.5,2016-2020,Mortality due to suicide,25,All people,Aboriginal and Torres Strait Islander people,All areas,Suicide deaths,five-year aggregate,Number,,,Aboriginal and Torres Strait Islander people,All people,25-34 years old,,ABS (unpublished) Causes of Death Australia,no.,57,17,77,73,8,1,4,36,np,
CtG14A.5,2016-2020,Mortality due to suicide,25,All people,Aboriginal and Torres Strait Islander people,All areas,Suicide deaths,five-year aggregate,Number,,,Aboriginal and Torres Strait Islander people,All people,25-34 years old,,ABS (unpublished) Causes of Death Australia,no.,57,17,77,73,8,1,4,36,np,
CtG14A.5,2016-2020,Mortality due to suicide,25,All people,Aboriginal and Torres Strait Islander people,All areas,Suicide deaths,five-year aggregate,Number,,,Aboriginal and Torres Strait Islander people,All people,25-34 years old,,ABS (unpublished) Causes of Death Australia,no.,57,17,77,73,8,1,4,36,np,
CtG14A.5,2016-2020,Mortality due to suicide,25,All people,Aboriginal and Torres Strait Islander people,All areas,Suicide deaths,five-year aggregate,Number,,,Aboriginal and Torres Strait Islander people,All people,25-34 years old,,ABS (unpublished) Causes of Death Australia,no.,57,17,77,73,8,1,4,36,np,
CtG14A.5,2016-2020,Mortality due to suicide,25,All people,Aboriginal and Torres Strait Islander people,All areas,Suicide deaths,five-year aggregate,Number,,,Aboriginal and Torres Strait Islander people,All people,25-34 years old,,ABS (unpublished) Causes of Death Australia,no.,57,17,77,73,8,1,4,36,np,
CtG14A.5,2016-2020,Mortality due to suicide,35,All people,Aboriginal and Torres Strait Islander people,All areas,Suicide deaths,five-year aggregate,Number,,,Aboriginal and Torres Strait Islander people,All people,35-44 years old,,ABS (unpublished) Causes of Death Australia,no.,48,12,63,31,12,1,3,21,np,
CtG14A.5,2016-2020,Mortality due to suicide,35,All people,Aboriginal and Torres Strait Islander people,All areas,Suicide deaths,five-year aggregate,Number,,,Aboriginal and Torres Strait Islander people,All people,35-44 years old,,ABS (unpublished) Causes of Death Australia,no.,48,12,63,31,12,1,3,21,np,
CtG14A.5,2016-2020,Mortality due to suicide,35,All people,Aboriginal and Torres Strait Islander people,All areas,Suicide deaths,five-year aggregate,Number,,,Aboriginal and Torres Strait Islander people,All people,35-44 years old,,ABS (unpublished) Causes of Death Australia,no.,48,12,63,31,12,1,3,21,np,
CtG14A.5,2016-2020,Mortality due to suicide,35,All people,Aboriginal and Torres Strait Islander people,All areas,Suicide deaths,five-year aggregate,Number,,,Aboriginal and Torres Strait Islander people,All people,35-44 years old,,ABS (unpublished) Causes of Death Australia,no.,48,12,63,31,12,1,3,21,np,
CtG14A.5,2016-2020,Mortality due to suicide,35,All people,Aboriginal and Torres Strait Islander people,All areas,Suicide deaths,five-year aggregate,Number,,,Aboriginal and Torres Strait Islander people,All people,35-44 years old,,ABS (unpublished) Causes of Death Australia,no.,48,12,63,31,12,1,3,21,np,
CtG14A.5,2016-2020,Mortality due to suicide,45,All people,Aboriginal and Torres Strait Islander people,All areas,Suicide deaths,five-year aggregate,Number,,,Aboriginal and Torres Strait Islander people,All people,45+ years old,,ABS (unpublished) Causes of Death Australia,no.,64,15,38,17,7,4,0,14,np,
CtG14A.5,2016-2020,Mortality due to suicide,45,All people,Aboriginal and Torres Strait Islander people,All areas,Suicide deaths,five-year aggregate,Number,,,Aboriginal and Torres Strait Islander people,All people,45+ years old,,ABS (unpublished) Causes of Death Australia,no.,64,15,38,17,7,4,0,14,np,
CtG14A.5,2016-2020,Mortality due to suicide,45,All people,Aboriginal and Torres Strait Islander people,All areas,Suicide deaths,five-year aggregate,Number,,,Aboriginal and Torres Strait Islander people,All people,45+ years old,,ABS (unpublished) Causes of Death Australia,no.,64,15,38,17,7,4,0,14,np,
CtG14A.5,2016-2020,Mortality due to suicide,45,All people,Aboriginal and Torres Strait Islander people,All areas,Suicide deaths,five-year aggregate,Number,,,Aboriginal and Torres Strait Islander people,All people,45+ years old,,ABS (unpublished) Causes of Death Australia,no.,64,15,38,17,7,4,0,14,np,
CtG14A.5,2016-2020,Mortality due to suicide,45,All people,Aboriginal and Torres Strait Islander people,All areas,Suicide deaths,five-year aggregate,Number,,,Aboriginal and Torres Strait Islander people,All people,45+ years old,,ABS (unpublished) Causes of Death Australia,no.,64,15,38,17,7,4,0,14,np,
CtG14A.5,2015-2019,Mortality due to suicide,5,All people,Aboriginal and Torres Strait Islander people,All areas,Suicide deaths,five-year aggregate,Rate per 100000 people,,,Aboriginal and Torres Strait Islander people,All people,5-17 years old,,ABS (unpublished) Causes of Death Australia,rate,4.9,np,7.1,15.4,np,np,np,14.6,8.1,
CtG14A.5,2015-2019,Mortality due to suicide,5,All people,Aboriginal and Torres Strait Islander people,All areas,Suicide deaths,five-year aggregate,Rate per 100000 people,,,Aboriginal and Torres Strait Islander people,All people,5-17 years old,,ABS (unpublished) Causes of Death Australia,rate,4.9,np,7.1,15.4,np,np,np,14.6,8.1,
CtG14A.5,2015-2019,Mortality due to suicide,5,All people,Aboriginal and Torres Strait Islander people,All areas,Suicide deaths,five-year aggregate,Rate per 100000 people,,,Aboriginal and Torres Strait Islander people,All people,5-17 years old,,ABS (unpublished) Causes of Death Australia,rate,4.9,np,7.1,15.4,np,np,np,14.6,8.1,
CtG14A.5,2015-2019,Mortality due to suicide,5,All people,Aboriginal and Torres Strait Islander people,All areas,Suicide deaths,five-year aggregate,Rate per 100000 people,,,Aboriginal and Torres Strait Islander people,All people,5-17 years old,,ABS (unpublished) Causes of Death Australia,rate,4.9,np,7.1,15.4,np,np,np,14.6,8.1,
CtG14A.5,2015-2019,Mortality due to suicide,5,All people,Aboriginal and Torres Strait Islander people,All areas,Suicide deaths,five-year aggregate,Rate per 100000 people,,,Aboriginal and Torres Strait Islander people,All people,5-17 years old,,ABS (unpublished) Causes of Death Australia,rate,4.9,np,7.1,15.4,np,np,np,14.6,8.1,
CtG14A.5,2015-2019,Mortality due to suicide,18,All people,Aboriginal and Torres Strait Islander people,All areas,Suicide deaths,five-year aggregate,Rate per 100000 people,,,Aboriginal and Torres Strait Islander people,All people,18-24 years old,,ABS (unpublished) Causes of Death Australia,rate,23.9,np,67.8,62.9,31.4,np,np,75.8,48.9,
CtG14A.5,2015-2019,Mortality due to suicide,18,All people,Aboriginal and Torres Strait Islander people,All areas,Suicide deaths,five-year aggregate,Rate per 100000 people,,,Aboriginal and Torres Strait Islander people,All people,18-24 years old,,ABS (unpublished) Causes of Death Australia,rate,23.9,np,67.8,62.9,31.4,np,np,75.8,48.9,
CtG14A.5,2015-2019,Mortality due to suicide,18,All people,Aboriginal and Torres Strait Islander people,All areas,Suicide deaths,five-year aggregate,Rate per 100000 people,,,Aboriginal and Torres Strait Islander people,All people,18-24 years old,,ABS (unpublished) Causes of Death Australia,rate,23.9,np,67.8,62.9,31.4,np,np,75.8,48.9,
CtG14A.5,2015-2019,Mortality due to suicide,18,All people,Aboriginal and Torres Strait Islander people,All areas,Suicide deaths,five-year aggregate,Rate per 100000 people,,,Aboriginal and Torres Strait Islander people,All people,18-24 years old,,ABS (unpublished) Causes of Death Australia,rate,23.9,np,67.8,62.9,31.4,np,np,75.8,48.9,
CtG14A.5,2015-2019,Mortality due to suicide,18,All people,Aboriginal and Torres Strait Islander people,All areas,Suicide deaths,five-year aggregate,Rate per 100000 people,,,Aboriginal and Torres Strait Islander people,All people,18-24 years old,,ABS (unpublished) Causes of Death Australia,rate,23.9,np,67.8,62.9,31.4,np,np,75.8,48.9,
CtG14A.5,2015-2019,Mortality due to suicide,25,All people,Aboriginal and Torres Strait Islander people,All areas,Suicide deaths,five-year aggregate,Rate per 100000 people,,,Aboriginal and Torres Strait Islander people,All people,25-34 years old,,ABS (unpublished) Causes of Death Australia,rate,33,np,49.7,86.9,21.6,np,np,47.3,47.6,
CtG14A.5,2015-2019,Mortality due to suicide,25,All people,Aboriginal and Torres Strait Islander people,All areas,Suicide deaths,five-year aggregate,Rate per 100000 people,,,Aboriginal and Torres Strait Islander people,All people,25-34 years old,,ABS (unpublished) Causes of Death Australia,rate,33,np,49.7,86.9,21.6,np,np,47.3,47.6,
CtG14A.5,2015-2019,Mortality due to suicide,25,All people,Aboriginal and Torres Strait Islander people,All areas,Suicide deaths,five-year aggregate,Rate per 100000 people,,,Aboriginal and Torres Strait Islander people,All people,25-34 years old,,ABS (unpublished) Causes of Death Australia,rate,33,np,49.7,86.9,21.6,np,np,47.3,47.6,
CtG14A.5,2015-2019,Mortality due to suicide,25,All people,Aboriginal and Torres Strait Islander people,All areas,Suicide deaths,five-year aggregate,Rate per 100000 people,,,Aboriginal and Torres Strait Islander people,All people,25-34 years old,,ABS (unpublished) Causes of Death Australia,rate,33,np,49.7,86.9,21.6,np,np,47.3,47.6,
CtG14A.5,2015-2019,Mortality due to suicide,25,All people,Aboriginal and Torres Strait Islander people,All areas,Suicide deaths,five-year aggregate,Rate per 100000 people,,,Aboriginal and Torres Strait Islander people,All people,25-34 years old,,ABS (unpublished) Causes of Death Australia,rate,33,np,49.7,86.9,21.6,np,np,47.3,47.6,
CtG14A.5,2015-2019,Mortality due to suicide,35,All people,Aboriginal and Torres Strait Islander people,All areas,Suicide deaths,five-year aggregate,Rate per 100000 people,,,Aboriginal and Torres Strait Islander people,All people,35-44 years old,,ABS (unpublished) Causes of Death Australia,rate,32.9,np,46.5,54.8,54.3,np,np,31.9,41.5,
CtG14A.5,2015-2019,Mortality due to suicide,35,All people,Aboriginal and Torres Strait Islander people,All areas,Suicide deaths,five-year aggregate,Rate per 100000 people,,,Aboriginal and Torres Strait Islander people,All people,35-44 years old,,ABS (unpublished) Causes of Death Australia,rate,32.9,np,46.5,54.8,54.3,np,np,31.9,41.5,
CtG14A.5,2015-2019,Mortality due to suicide,35,All people,Aboriginal and Torres Strait Islander people,All areas,Suicide deaths,five-year aggregate,Rate per 100000 people,,,Aboriginal and Torres Strait Islander people,All people,35-44 years old,,ABS (unpublished) Causes of Death Australia,rate,32.9,np,46.5,54.8,54.3,np,np,31.9,41.5,
CtG14A.5,2015-2019,Mortality due to suicide,35,All people,Aboriginal and Torres Strait Islander people,All areas,Suicide deaths,five-year aggregate,Rate per 100000 people,,,Aboriginal and Torres Strait Islander people,All people,35-44 years old,,ABS (unpublished) Causes of Death Australia,rate,32.9,np,46.5,54.8,54.3,np,np,31.9,41.5,
CtG14A.5,2015-2019,Mortality due to suicide,35,All people,Aboriginal and Torres Strait Islander people,All areas,Suicide deaths,five-year aggregate,Rate per 100000 people,,,Aboriginal and Torres Strait Islander people,All people,35-44 years old,,ABS (unpublished) Causes of Death Australia,rate,32.9,np,46.5,54.8,54.3,np,np,31.9,41.5,
CtG14A.5,2015-2019,Mortality due to suicide,45,All people,Aboriginal and Torres Strait Islander people,All areas,Suicide deaths,five-year aggregate,Rate per 100000 people,,,Aboriginal and Torres Strait Islander people,All people,45+ years old,,ABS (unpublished) Causes of Death Australia,rate,19,np,15.7,15,15.5,np,np,14.6,16.8,
CtG14A.5,2015-2019,Mortality due to suicide,45,All people,Aboriginal and Torres Strait Islander people,All areas,Suicide deaths,five-year aggregate,Rate per 100000 people,,,Aboriginal and Torres Strait Islander people,All people,45+ years old,,ABS (unpublished) Causes of Death Australia,rate,19,np,15.7,15,15.5,np,np,14.6,16.8,
CtG14A.5,2015-2019,Mortality due to suicide,45,All people,Aboriginal and Torres Strait Islander people,All areas,Suicide deaths,five-year aggregate,Rate per 100000 people,,,Aboriginal and Torres Strait Islander people,All people,45+ years old,,ABS (unpublished) Causes of Death Australia,rate,19,np,15.7,15,15.5,np,np,14.6,16.8,
CtG14A.5,2015-2019,Mortality due to suicide,45,All people,Aboriginal and Torres Strait Islander people,All areas,Suicide deaths,five-year aggregate,Rate per 100000 people,,,Aboriginal and Torres Strait Islander people,All people,45+ years old,,ABS (unpublished) Causes of Death Australia,rate,19,np,15.7,15,15.5,np,np,14.6,16.8,
CtG14A.5,2015-2019,Mortality due to suicide,45,All people,Aboriginal and Torres Strait Islander people,All areas,Suicide deaths,five-year aggregate,Rate per 100000 people,,,Aboriginal and Torres Strait Islander people,All people,45+ years old,,ABS (unpublished) Causes of Death Australia,rate,19,np,15.7,15,15.5,np,np,14.6,16.8,
CtG14A.5,2015-2019,Mortality due to suicide,5,All people,Non-Indigenous people,All areas,Suicide deaths,five-year aggregate,Rate per 100000 people,,,Non-Indigenous people,All people,5-17 years old,,ABS (unpublished) Causes of Death Australia,rate,1.9,np,2.6,2.4,1.6,np,np,4.1,2.2,
CtG14A.5,2015-2019,Mortality due to suicide,5,All people,Non-Indigenous people,All areas,Suicide deaths,five-year aggregate,Rate per 100000 people,,,Non-Indigenous people,All people,5-17 years old,,ABS (unpublished) Causes of Death Australia,rate,1.9,np,2.6,2.4,1.6,np,np,4.1,2.2,
CtG14A.5,2015-2019,Mortality due to suicide,5,All people,Non-Indigenous people,All areas,Suicide deaths,five-year aggregate,Rate per 100000 people,,,Non-Indigenous people,All people,5-17 years old,,ABS (unpublished) Causes of Death Australia,rate,1.9,np,2.6,2.4,1.6,np,np,4.1,2.2,
CtG14A.5,2015-2019,Mortality due to suicide,5,All people,Non-Indigenous people,All areas,Suicide deaths,five-year aggregate,Rate per 100000 people,,,Non-Indigenous people,All people,5-17 years old,,ABS (unpublished) Causes of Death Australia,rate,1.9,np,2.6,2.4,1.6,np,np,4.1,2.2,
CtG14A.5,2015-2019,Mortality due to suicide,5,All people,Non-Indigenous people,All areas,Suicide deaths,five-year aggregate,Rate per 100000 people,,,Non-Indigenous people,All people,5-17 years old,,ABS (unpublished) Causes of Death Australia,rate,1.9,np,2.6,2.4,1.6,np,np,4.1,2.2,
CtG14A.5,2015-2019,Mortality due to suicide,18,All people,Non-Indigenous people,All areas,Suicide deaths,five-year aggregate,Rate per 100000 people,,,Non-Indigenous people,All people,18-24 years old,,ABS (unpublished) Causes of Death Australia,rate,11.8,np,17.2,13.5,13.1,np,np,25.7,13.8,
CtG14A.5,2015-2019,Mortality due to suicide,18,All people,Non-Indigenous people,All areas,Suicide deaths,five-year aggregate,Rate per 100000 people,,,Non-Indigenous people,All people,18-24 years old,,ABS (unpublished) Causes of Death Australia,rate,11.8,np,17.2,13.5,13.1,np,np,25.7,13.8,
CtG14A.5,2015-2019,Mortality due to suicide,18,All people,Non-Indigenous people,All areas,Suicide deaths,five-year aggregate,Rate per 100000 people,,,Non-Indigenous people,All people,18-24 years old,,ABS (unpublished) Causes of Death Australia,rate,11.8,np,17.2,13.5,13.1,np,np,25.7,13.8,
CtG14A.5,2015-2019,Mortality due to suicide,18,All people,Non-Indigenous people,All areas,Suicide deaths,five-year aggregate,Rate per 100000 people,,,Non-Indigenous people,All people,18-24 years old,,ABS (unpublished) Causes of Death Australia,rate,11.8,np,17.2,13.5,13.1,np,np,25.7,13.8,
CtG14A.5,2015-2019,Mortality due to suicide,18,All people,Non-Indigenous people,All areas,Suicide deaths,five-year aggregate,Rate per 100000 people,,,Non-Indigenous people,All people,18-24 years old,,ABS (unpublished) Causes of Death Australia,rate,11.8,np,17.2,13.5,13.1,np,np,25.7,13.8,
CtG14A.5,2015-2019,Mortality due to suicide,25,All people,Non-Indigenous people,All areas,Suicide deaths,five-year aggregate,Rate per 100000 people,,,Non-Indigenous people,All people,25-34 years old,,ABS (unpublished) Causes of Death Australia,rate,12.5,np,18.1,18.3,17.6,np,np,12.9,15.4,
CtG14A.5,2015-2019,Mortality due to suicide,25,All people,Non-Indigenous people,All areas,Suicide deaths,five-year aggregate,Rate per 100000 people,,,Non-Indigenous people,All people,25-34 years old,,ABS (unpublished) Causes of Death Australia,rate,12.5,np,18.1,18.3,17.6,np,np,12.9,15.4,
CtG14A.5,2015-2019,Mortality due to suicide,25,All people,Non-Indigenous people,All areas,Suicide deaths,five-year aggregate,Rate per 100000 people,,,Non-Indigenous people,All people,25-34 years old,,ABS (unpublished) Causes of Death Australia,rate,12.5,np,18.1,18.3,17.6,np,np,12.9,15.4,
CtG14A.5,2015-2019,Mortality due to suicide,25,All people,Non-Indigenous people,All areas,Suicide deaths,five-year aggregate,Rate per 100000 people,,,Non-Indigenous people,All people,25-34 years old,,ABS (unpublished) Causes of Death Australia,rate,12.5,np,18.1,18.3,17.6,np,np,12.9,15.4,
CtG14A.5,2015-2019,Mortality due to suicide,25,All people,Non-Indigenous people,All areas,Suicide deaths,five-year aggregate,Rate per 100000 people,,,Non-Indigenous people,All people,25-34 years old,,ABS (unpublished) Causes of Death Australia,rate,12.5,np,18.1,18.3,17.6,np,np,12.9,15.4,
CtG14A.5,2015-2019,Mortality due to suicide,35,All people,Non-Indigenous people,All areas,Suicide deaths,five-year aggregate,Rate per 100000 people,,,Non-Indigenous people,All people,35-44 years old,,ABS (unpublished) Causes of Death Australia,rate,15.2,np,23,19.5,18.2,np,np,16.4,18.4,
CtG14A.5,2015-2019,Mortality due to suicide,35,All people,Non-Indigenous people,All areas,Suicide deaths,five-year aggregate,Rate per 100000 people,,,Non-Indigenous people,All people,35-44 years old,,ABS (unpublished) Causes of Death Australia,rate,15.2,np,23,19.5,18.2,np,np,16.4,18.4,
CtG14A.5,2015-2019,Mortality due to suicide,35,All people,Non-Indigenous people,All areas,Suicide deaths,five-year aggregate,Rate per 100000 people,,,Non-Indigenous people,All people,35-44 years old,,ABS (unpublished) Causes of Death Australia,rate,15.2,np,23,19.5,18.2,np,np,16.4,18.4,
CtG14A.5,2015-2019,Mortality due to suicide,35,All people,Non-Indigenous people,All areas,Suicide deaths,five-year aggregate,Rate per 100000 people,,,Non-Indigenous people,All people,35-44 years old,,ABS (unpublished) Causes of Death Australia,rate,15.2,np,23,19.5,18.2,np,np,16.4,18.4,
CtG14A.5,2015-2019,Mortality due to suicide,35,All people,Non-Indigenous people,All areas,Suicide deaths,five-year aggregate,Rate per 100000 people,,,Non-Indigenous people,All people,35-44 years old,,ABS (unpublished) Causes of Death Australia,rate,15.2,np,23,19.5,18.2,np,np,16.4,18.4,
CtG14A.5,2015-2019,Mortality due to suicide,45,All people,Non-Indigenous people,All areas,Suicide deaths,five-year aggregate,Rate per 100000 people,,,Non-Indigenous people,All people,45+ years old,,ABS (unpublished) Causes of Death Australia,rate,14,np,18.4,17.2,15.7,np,np,22.3,15.9,
CtG14A.5,2015-2019,Mortality due to suicide,45,All people,Non-Indigenous people,All areas,Suicide deaths,five-year aggregate,Rate per 100000 people,,,Non-Indigenous people,All people,45+ years old,,ABS (unpublished) Causes of Death Australia,rate,14,np,18.4,17.2,15.7,np,np,22.3,15.9,
CtG14A.5,2015-2019,Mortality due to suicide,45,All people,Non-Indigenous people,All areas,Suicide deaths,five-year aggregate,Rate per 100000 people,,,Non-Indigenous people,All people,45+ years old,,ABS (unpublished) Causes of Death Australia,rate,14,np,18.4,17.2,15.7,np,np,22.3,15.9,
CtG14A.5,2015-2019,Mortality due to suicide,45,All people,Non-Indigenous people,All areas,Suicide deaths,five-year aggregate,Rate per 100000 people,,,Non-Indigenous people,All people,45+ years old,,ABS (unpublished) Causes of Death Australia,rate,14,np,18.4,17.2,15.7,np,np,22.3,15.9,
CtG14A.5,2015-2019,Mortality due to suicide,45,All people,Non-Indigenous people,All areas,Suicide deaths,five-year aggregate,Rate per 100000 people,,,Non-Indigenous people,All people,45+ years old,,ABS (unpublished) Causes of Death Australia,rate,14,np,18.4,17.2,15.7,np,np,22.3,15.9,
CtG14A.5,2015-2019,Mortality due to suicide,5,All people,Aboriginal and Torres Strait Islander people,All areas,Suicide deaths,five-year aggregate,Number,,,Aboriginal and Torres Strait Islander people,All people,5-17 years old,,ABS (unpublished) Causes of Death Australia,no.,19,3,24,22,1,3,0,14,np,
CtG14A.5,2015-2019,Mortality due to suicide,5,All people,Aboriginal and Torres Strait Islander people,All areas,Suicide deaths,five-year aggregate,Number,,,Aboriginal and Torres Strait Islander people,All people,5-17 years old,,ABS (unpublished) Causes of Death Australia,no.,19,3,24,22,1,3,0,14,np,
CtG14A.5,2015-2019,Mortality due to suicide,5,All people,Aboriginal and Torres Strait Islander people,All areas,Suicide deaths,five-year aggregate,Number,,,Aboriginal and Torres Strait Islander people,All people,5-17 years old,,ABS (unpublished) Causes of Death Australia,no.,19,3,24,22,1,3,0,14,np,
CtG14A.5,2015-2019,Mortality due to suicide,5,All people,Aboriginal and Torres Strait Islander people,All areas,Suicide deaths,five-year aggregate,Number,,,Aboriginal and Torres Strait Islander people,All people,5-17 years old,,ABS (unpublished) Causes of Death Australia,no.,19,3,24,22,1,3,0,14,np,
CtG14A.5,2015-2019,Mortality due to suicide,5,All people,Aboriginal and Torres Strait Islander people,All areas,Suicide deaths,five-year aggregate,Number,,,Aboriginal and Torres Strait Islander people,All people,5-17 years old,,ABS (unpublished) Causes of Death Australia,no.,19,3,24,22,1,3,0,14,np,
CtG14A.5,2015-2019,Mortality due to suicide,18,All people,Aboriginal and Torres Strait Islander people,All areas,Suicide deaths,five-year aggregate,Number,,,Aboriginal and Torres Strait Islander people,All people,18-24 years old,,ABS (unpublished) Causes of Death Australia,no.,43,10,101,41,9,0,5,36,np,
CtG14A.5,2015-2019,Mortality due to suicide,18,All people,Aboriginal and Torres Strait Islander people,All areas,Suicide deaths,five-year aggregate,Number,,,Aboriginal and Torres Strait Islander people,All people,18-24 years old,,ABS (unpublished) Causes of Death Australia,no.,43,10,101,41,9,0,5,36,np,
CtG14A.5,2015-2019,Mortality due to suicide,18,All people,Aboriginal and Torres Strait Islander people,All areas,Suicide deaths,five-year aggregate,Number,,,Aboriginal and Torres Strait Islander people,All people,18-24 years old,,ABS (unpublished) Causes of Death Australia,no.,43,10,101,41,9,0,5,36,np,
CtG14A.5,2015-2019,Mortality due to suicide,18,All people,Aboriginal and Torres Strait Islander people,All areas,Suicide deaths,five-year aggregate,Number,,,Aboriginal and Torres Strait Islander people,All people,18-24 years old,,ABS (unpublished) Causes of Death Australia,no.,43,10,101,41,9,0,5,36,np,
CtG14A.5,2015-2019,Mortality due to suicide,18,All people,Aboriginal and Torres Strait Islander people,All areas,Suicide deaths,five-year aggregate,Number,,,Aboriginal and Torres Strait Islander people,All people,18-24 years old,,ABS (unpublished) Causes of Death Australia,no.,43,10,101,41,9,0,5,36,np,
CtG14A.5,2015-2019,Mortality due to suicide,25,All people,Aboriginal and Torres Strait Islander people,All areas,Suicide deaths,five-year aggregate,Number,,,Aboriginal and Torres Strait Islander people,All people,25-34 years old,,ABS (unpublished) Causes of Death Australia,no.,61,12,78,71,7,1,4,31,np,
CtG14A.5,2015-2019,Mortality due to suicide,25,All people,Aboriginal and Torres Strait Islander people,All areas,Suicide deaths,five-year aggregate,Number,,,Aboriginal and Torres Strait Islander people,All people,25-34 years old,,ABS (unpublished) Causes of Death Australia,no.,61,12,78,71,7,1,4,31,np,
CtG14A.5,2015-2019,Mortality due to suicide,25,All people,Aboriginal and Torres Strait Islander people,All areas,Suicide deaths,five-year aggregate,Number,,,Aboriginal and Torres Strait Islander people,All people,25-34 years old,,ABS (unpublished) Causes of Death Australia,no.,61,12,78,71,7,1,4,31,np,
CtG14A.5,2015-2019,Mortality due to suicide,25,All people,Aboriginal and Torres Strait Islander people,All areas,Suicide deaths,five-year aggregate,Number,,,Aboriginal and Torres Strait Islander people,All people,25-34 years old,,ABS (unpublished) Causes of Death Australia,no.,61,12,78,71,7,1,4,31,np,
CtG14A.5,2015-2019,Mortality due to suicide,25,All people,Aboriginal and Torres Strait Islander people,All areas,Suicide deaths,five-year aggregate,Number,,,Aboriginal and Torres Strait Islander people,All people,25-34 years old,,ABS (unpublished) Causes of Death Australia,no.,61,12,78,71,7,1,4,31,np,
CtG14A.5,2015-2019,Mortality due to suicide,35,All people,Aboriginal and Torres Strait Islander people,All areas,Suicide deaths,five-year aggregate,Number,,,Aboriginal and Torres Strait Islander people,All people,35-44 years old,,ABS (unpublished) Causes of Death Australia,no.,45,11,56,32,12,2,1,16,np,
CtG14A.5,2015-2019,Mortality due to suicide,35,All people,Aboriginal and Torres Strait Islander people,All areas,Suicide deaths,five-year aggregate,Number,,,Aboriginal and Torres Strait Islander people,All people,35-44 years old,,ABS (unpublished) Causes of Death Australia,no.,45,11,56,32,12,2,1,16,np,
CtG14A.5,2015-2019,Mortality due to suicide,35,All people,Aboriginal and Torres Strait Islander people,All areas,Suicide deaths,five-year aggregate,Number,,,Aboriginal and Torres Strait Islander people,All people,35-44 years old,,ABS (unpublished) Causes of Death Australia,no.,45,11,56,32,12,2,1,16,np,
CtG14A.5,2015-2019,Mortality due to suicide,35,All people,Aboriginal and Torres Strait Islander people,All areas,Suicide deaths,five-year aggregate,Number,,,Aboriginal and Torres Strait Islander people,All people,35-44 years old,,ABS (unpublished) Causes of Death Australia,no.,45,11,56,32,12,2,1,16,np,
CtG14A.5,2015-2019,Mortality due to suicide,35,All people,Aboriginal and Torres Strait Islander people,All areas,Suicide deaths,five-year aggregate,Number,,,Aboriginal and Torres Strait Islander people,All people,35-44 years old,,ABS (unpublished) Causes of Death Australia,no.,45,11,56,32,12,2,1,16,np,
CtG14A.5,2015-2019,Mortality due to suicide,45,All people,Aboriginal and Torres Strait Islander people,All areas,Suicide deaths,five-year aggregate,Number,,,Aboriginal and Torres Strait Islander people,All people,45+ years old,,ABS (unpublished) Causes of Death Australia,no.,57,9,36,16,7,3,0,12,np,
CtG14A.5,2015-2019,Mortality due to suicide,45,All people,Aboriginal and Torres Strait Islander people,All areas,Suicide deaths,five-year aggregate,Number,,,Aboriginal and Torres Strait Islander people,All people,45+ years old,,ABS (unpublished) Causes of Death Australia,no.,57,9,36,16,7,3,0,12,np,
CtG14A.5,2015-2019,Mortality due to suicide,45,All people,Aboriginal and Torres Strait Islander people,All areas,Suicide deaths,five-year aggregate,Number,,,Aboriginal and Torres Strait Islander people,All people,45+ years old,,ABS (unpublished) Causes of Death Australia,no.,57,9,36,16,7,3,0,12,np,
CtG14A.5,2015-2019,Mortality due to suicide,45,All people,Aboriginal and Torres Strait Islander people,All areas,Suicide deaths,five-year aggregate,Number,,,Aboriginal and Torres Strait Islander people,All people,45+ years old,,ABS (unpublished) Causes of Death Australia,no.,57,9,36,16,7,3,0,12,np,
CtG14A.5,2015-2019,Mortality due to suicide,45,All people,Aboriginal and Torres Strait Islander people,All areas,Suicide deaths,five-year aggregate,Number,,,Aboriginal and Torres Strait Islander people,All people,45+ years old,,ABS (unpublished) Causes of Death Australia,no.,57,9,36,16,7,3,0,12,np,
CtG14A.5,2014-2018,Mortality due to suicide,5,All people,Aboriginal and Torres Strait Islander people,All areas,Suicide deaths,five-year aggregate,Rate per 100000 people,,,Aboriginal and Torres Strait Islander people,All people,5-17 years old,,ABS (unpublished) Causes of Death Australia,rate,4.4,np,6.3,17,np,np,np,20.9,8.3,
CtG14A.5,2014-2018,Mortality due to suicide,5,All people,Aboriginal and Torres Strait Islander people,All areas,Suicide deaths,five-year aggregate,Rate per 100000 people,,,Aboriginal and Torres Strait Islander people,All people,5-17 years old,,ABS (unpublished) Causes of Death Australia,rate,4.4,np,6.3,17,np,np,np,20.9,8.3,
CtG14A.5,2014-2018,Mortality due to suicide,5,All people,Aboriginal and Torres Strait Islander people,All areas,Suicide deaths,five-year aggregate,Rate per 100000 people,,,Aboriginal and Torres Strait Islander people,All people,5-17 years old,,ABS (unpublished) Causes of Death Australia,rate,4.4,np,6.3,17,np,np,np,20.9,8.3,
CtG14A.5,2014-2018,Mortality due to suicide,5,All people,Aboriginal and Torres Strait Islander people,All areas,Suicide deaths,five-year aggregate,Rate per 100000 people,,,Aboriginal and Torres Strait Islander people,All people,5-17 years old,,ABS (unpublished) Causes of Death Australia,rate,4.4,np,6.3,17,np,np,np,20.9,8.3,
CtG14A.5,2014-2018,Mortality due to suicide,5,All people,Aboriginal and Torres Strait Islander people,All areas,Suicide deaths,five-year aggregate,Rate per 100000 people,,,Aboriginal and Torres Strait Islander people,All people,5-17 years old,,ABS (unpublished) Causes of Death Australia,rate,4.4,np,6.3,17,np,np,np,20.9,8.3,
CtG14A.5,2014-2018,Mortality due to suicide,18,All people,Aboriginal and Torres Strait Islander people,All areas,Suicide deaths,five-year aggregate,Rate per 100000 people,,,Aboriginal and Torres Strait Islander people,All people,18-24 years old,,ABS (unpublished) Causes of Death Australia,rate,22.7,np,61.1,75.2,21.3,np,np,61,46,
CtG14A.5,2014-2018,Mortality due to suicide,18,All people,Aboriginal and Torres Strait Islander people,All areas,Suicide deaths,five-year aggregate,Rate per 100000 people,,,Aboriginal and Torres Strait Islander people,All people,18-24 years old,,ABS (unpublished) Causes of Death Australia,rate,22.7,np,61.1,75.2,21.3,np,np,61,46,
CtG14A.5,2014-2018,Mortality due to suicide,18,All people,Aboriginal and Torres Strait Islander people,All areas,Suicide deaths,five-year aggregate,Rate per 100000 people,,,Aboriginal and Torres Strait Islander people,All people,18-24 years old,,ABS (unpublished) Causes of Death Australia,rate,22.7,np,61.1,75.2,21.3,np,np,61,46,
CtG14A.5,2014-2018,Mortality due to suicide,18,All people,Aboriginal and Torres Strait Islander people,All areas,Suicide deaths,five-year aggregate,Rate per 100000 people,,,Aboriginal and Torres Strait Islander people,All people,18-24 years old,,ABS (unpublished) Causes of Death Australia,rate,22.7,np,61.1,75.2,21.3,np,np,61,46,
CtG14A.5,2014-2018,Mortality due to suicide,18,All people,Aboriginal and Torres Strait Islander people,All areas,Suicide deaths,five-year aggregate,Rate per 100000 people,,,Aboriginal and Torres Strait Islander people,All people,18-24 years old,,ABS (unpublished) Causes of Death Australia,rate,22.7,np,61.1,75.2,21.3,np,np,61,46,
CtG14A.5,2014-2018,Mortality due to suicide,25,All people,Aboriginal and Torres Strait Islander people,All areas,Suicide deaths,five-year aggregate,Rate per 100000 people,,,Aboriginal and Torres Strait Islander people,All people,25-34 years old,,ABS (unpublished) Causes of Death Australia,rate,33.3,np,45.7,94.3,16.1,np,np,48.1,47.5,
CtG14A.5,2014-2018,Mortality due to suicide,25,All people,Aboriginal and Torres Strait Islander people,All areas,Suicide deaths,five-year aggregate,Rate per 100000 people,,,Aboriginal and Torres Strait Islander people,All people,25-34 years old,,ABS (unpublished) Causes of Death Australia,rate,33.3,np,45.7,94.3,16.1,np,np,48.1,47.5,
CtG14A.5,2014-2018,Mortality due to suicide,25,All people,Aboriginal and Torres Strait Islander people,All areas,Suicide deaths,five-year aggregate,Rate per 100000 people,,,Aboriginal and Torres Strait Islander people,All people,25-34 years old,,ABS (unpublished) Causes of Death Australia,rate,33.3,np,45.7,94.3,16.1,np,np,48.1,47.5,
CtG14A.5,2014-2018,Mortality due to suicide,25,All people,Aboriginal and Torres Strait Islander people,All areas,Suicide deaths,five-year aggregate,Rate per 100000 people,,,Aboriginal and Torres Strait Islander people,All people,25-34 years old,,ABS (unpublished) Causes of Death Australia,rate,33.3,np,45.7,94.3,16.1,np,np,48.1,47.5,
CtG14A.5,2014-2018,Mortality due to suicide,25,All people,Aboriginal and Torres Strait Islander people,All areas,Suicide deaths,five-year aggregate,Rate per 100000 people,,,Aboriginal and Torres Strait Islander people,All people,25-34 years old,,ABS (unpublished) Causes of Death Australia,rate,33.3,np,45.7,94.3,16.1,np,np,48.1,47.5,
CtG14A.5,2014-2018,Mortality due to suicide,35,All people,Aboriginal and Torres Strait Islander people,All areas,Suicide deaths,five-year aggregate,Rate per 100000 people,,,Aboriginal and Torres Strait Islander people,All people,35-44 years old,,ABS (unpublished) Causes of Death Australia,rate,23.8,np,43,58.6,71.9,np,np,36.1,39.2,
CtG14A.5,2014-2018,Mortality due to suicide,35,All people,Aboriginal and Torres Strait Islander people,All areas,Suicide deaths,five-year aggregate,Rate per 100000 people,,,Aboriginal and Torres Strait Islander people,All people,35-44 years old,,ABS (unpublished) Causes of Death Australia,rate,23.8,np,43,58.6,71.9,np,np,36.1,39.2,
CtG14A.5,2014-2018,Mortality due to suicide,35,All people,Aboriginal and Torres Strait Islander people,All areas,Suicide deaths,five-year aggregate,Rate per 100000 people,,,Aboriginal and Torres Strait Islander people,All people,35-44 years old,,ABS (unpublished) Causes of Death Australia,rate,23.8,np,43,58.6,71.9,np,np,36.1,39.2,
CtG14A.5,2014-2018,Mortality due to suicide,35,All people,Aboriginal and Torres Strait Islander people,All areas,Suicide deaths,five-year aggregate,Rate per 100000 people,,,Aboriginal and Torres Strait Islander people,All people,35-44 years old,,ABS (unpublished) Causes of Death Australia,rate,23.8,np,43,58.6,71.9,np,np,36.1,39.2,
CtG14A.5,2014-2018,Mortality due to suicide,35,All people,Aboriginal and Torres Strait Islander people,All areas,Suicide deaths,five-year aggregate,Rate per 100000 people,,,Aboriginal and Torres Strait Islander people,All people,35-44 years old,,ABS (unpublished) Causes of Death Australia,rate,23.8,np,43,58.6,71.9,np,np,36.1,39.2,
CtG14A.5,2014-2018,Mortality due to suicide,45,All people,Aboriginal and Torres Strait Islander people,All areas,Suicide deaths,five-year aggregate,Rate per 100000 people,,,Aboriginal and Torres Strait Islander people,All people,45+ years old,,ABS (unpublished) Causes of Death Australia,rate,16.3,np,13.6,17.6,16.1,np,np,12.6,15.3,
CtG14A.5,2014-2018,Mortality due to suicide,45,All people,Aboriginal and Torres Strait Islander people,All areas,Suicide deaths,five-year aggregate,Rate per 100000 people,,,Aboriginal and Torres Strait Islander people,All people,45+ years old,,ABS (unpublished) Causes of Death Australia,rate,16.3,np,13.6,17.6,16.1,np,np,12.6,15.3,
CtG14A.5,2014-2018,Mortality due to suicide,45,All people,Aboriginal and Torres Strait Islander people,All areas,Suicide deaths,five-year aggregate,Rate per 100000 people,,,Aboriginal and Torres Strait Islander people,All people,45+ years old,,ABS (unpublished) Causes of Death Australia,rate,16.3,np,13.6,17.6,16.1,np,np,12.6,15.3,
CtG14A.5,2014-2018,Mortality due to suicide,45,All people,Aboriginal and Torres Strait Islander people,All areas,Suicide deaths,five-year aggregate,Rate per 100000 people,,,Aboriginal and Torres Strait Islander people,All people,45+ years old,,ABS (unpublished) Causes of Death Australia,rate,16.3,np,13.6,17.6,16.1,np,np,12.6,15.3,
CtG14A.5,2014-2018,Mortality due to suicide,45,All people,Aboriginal and Torres Strait Islander people,All areas,Suicide deaths,five-year aggregate,Rate per 100000 people,,,Aboriginal and Torres Strait Islander people,All people,45+ years old,,ABS (unpublished) Causes of Death Australia,rate,16.3,np,13.6,17.6,16.1,np,np,12.6,15.3,
CtG14A.5,2014-2018,Mortality due to suicide,5,All people,Non-Indigenous people,All areas,Suicide deaths,five-year aggregate,Rate per 100000 people,,,Non-Indigenous people,All people,5-17 years old,,ABS (unpublished) Causes of Death Australia,rate,1.9,np,2.5,2,1.8,np,np,5.8,2.1,
CtG14A.5,2014-2018,Mortality due to suicide,5,All people,Non-Indigenous people,All areas,Suicide deaths,five-year aggregate,Rate per 100000 people,,,Non-Indigenous people,All people,5-17 years old,,ABS (unpublished) Causes of Death Australia,rate,1.9,np,2.5,2,1.8,np,np,5.8,2.1,
CtG14A.5,2014-2018,Mortality due to suicide,5,All people,Non-Indigenous people,All areas,Suicide deaths,five-year aggregate,Rate per 100000 people,,,Non-Indigenous people,All people,5-17 years old,,ABS (unpublished) Causes of Death Australia,rate,1.9,np,2.5,2,1.8,np,np,5.8,2.1,
CtG14A.5,2014-2018,Mortality due to suicide,5,All people,Non-Indigenous people,All areas,Suicide deaths,five-year aggregate,Rate per 100000 people,,,Non-Indigenous people,All people,5-17 years old,,ABS (unpublished) Causes of Death Australia,rate,1.9,np,2.5,2,1.8,np,np,5.8,2.1,
CtG14A.5,2014-2018,Mortality due to suicide,5,All people,Non-Indigenous people,All areas,Suicide deaths,five-year aggregate,Rate per 100000 people,,,Non-Indigenous people,All people,5-17 years old,,ABS (unpublished) Causes of Death Australia,rate,1.9,np,2.5,2,1.8,np,np,5.8,2.1,
CtG14A.5,2014-2018,Mortality due to suicide,18,All people,Non-Indigenous people,All areas,Suicide deaths,five-year aggregate,Rate per 100000 people,,,Non-Indigenous people,All people,18-24 years old,,ABS (unpublished) Causes of Death Australia,rate,11.6,np,16.5,13.8,12.2,np,np,22.9,13.5,
CtG14A.5,2014-2018,Mortality due to suicide,18,All people,Non-Indigenous people,All areas,Suicide deaths,five-year aggregate,Rate per 100000 people,,,Non-Indigenous people,All people,18-24 years old,,ABS (unpublished) Causes of Death Australia,rate,11.6,np,16.5,13.8,12.2,np,np,22.9,13.5,
CtG14A.5,2014-2018,Mortality due to suicide,18,All people,Non-Indigenous people,All areas,Suicide deaths,five-year aggregate,Rate per 100000 people,,,Non-Indigenous people,All people,18-24 years old,,ABS (unpublished) Causes of Death Australia,rate,11.6,np,16.5,13.8,12.2,np,np,22.9,13.5,
CtG14A.5,2014-2018,Mortality due to suicide,18,All people,Non-Indigenous people,All areas,Suicide deaths,five-year aggregate,Rate per 100000 people,,,Non-Indigenous people,All people,18-24 years old,,ABS (unpublished) Causes of Death Australia,rate,11.6,np,16.5,13.8,12.2,np,np,22.9,13.5,
CtG14A.5,2014-2018,Mortality due to suicide,18,All people,Non-Indigenous people,All areas,Suicide deaths,five-year aggregate,Rate per 100000 people,,,Non-Indigenous people,All people,18-24 years old,,ABS (unpublished) Causes of Death Australia,rate,11.6,np,16.5,13.8,12.2,np,np,22.9,13.5,
CtG14A.5,2014-2018,Mortality due to suicide,25,All people,Non-Indigenous people,All areas,Suicide deaths,five-year aggregate,Rate per 100000 people,,,Non-Indigenous people,All people,25-34 years old,,ABS (unpublished) Causes of Death Australia,rate,12.1,np,18.2,16.7,17.7,np,np,16.7,15.1,
CtG14A.5,2014-2018,Mortality due to suicide,25,All people,Non-Indigenous people,All areas,Suicide deaths,five-year aggregate,Rate per 100000 people,,,Non-Indigenous people,All people,25-34 years old,,ABS (unpublished) Causes of Death Australia,rate,12.1,np,18.2,16.7,17.7,np,np,16.7,15.1,
CtG14A.5,2014-2018,Mortality due to suicide,25,All people,Non-Indigenous people,All areas,Suicide deaths,five-year aggregate,Rate per 100000 people,,,Non-Indigenous people,All people,25-34 years old,,ABS (unpublished) Causes of Death Australia,rate,12.1,np,18.2,16.7,17.7,np,np,16.7,15.1,
CtG14A.5,2014-2018,Mortality due to suicide,25,All people,Non-Indigenous people,All areas,Suicide deaths,five-year aggregate,Rate per 100000 people,,,Non-Indigenous people,All people,25-34 years old,,ABS (unpublished) Causes of Death Australia,rate,12.1,np,18.2,16.7,17.7,np,np,16.7,15.1,
CtG14A.5,2014-2018,Mortality due to suicide,25,All people,Non-Indigenous people,All areas,Suicide deaths,five-year aggregate,Rate per 100000 people,,,Non-Indigenous people,All people,25-34 years old,,ABS (unpublished) Causes of Death Australia,rate,12.1,np,18.2,16.7,17.7,np,np,16.7,15.1,
CtG14A.5,2014-2018,Mortality due to suicide,35,All people,Non-Indigenous people,All areas,Suicide deaths,five-year aggregate,Rate per 100000 people,,,Non-Indigenous people,All people,35-44 years old,,ABS (unpublished) Causes of Death Australia,rate,15.5,np,22.3,18.9,19.5,np,np,14.9,18.3,
CtG14A.5,2014-2018,Mortality due to suicide,35,All people,Non-Indigenous people,All areas,Suicide deaths,five-year aggregate,Rate per 100000 people,,,Non-Indigenous people,All people,35-44 years old,,ABS (unpublished) Causes of Death Australia,rate,15.5,np,22.3,18.9,19.5,np,np,14.9,18.3,
CtG14A.5,2014-2018,Mortality due to suicide,35,All people,Non-Indigenous people,All areas,Suicide deaths,five-year aggregate,Rate per 100000 people,,,Non-Indigenous people,All people,35-44 years old,,ABS (unpublished) Causes of Death Australia,rate,15.5,np,22.3,18.9,19.5,np,np,14.9,18.3,
CtG14A.5,2014-2018,Mortality due to suicide,35,All people,Non-Indigenous people,All areas,Suicide deaths,five-year aggregate,Rate per 100000 people,,,Non-Indigenous people,All people,35-44 years old,,ABS (unpublished) Causes of Death Australia,rate,15.5,np,22.3,18.9,19.5,np,np,14.9,18.3,
CtG14A.5,2014-2018,Mortality due to suicide,35,All people,Non-Indigenous people,All areas,Suicide deaths,five-year aggregate,Rate per 100000 people,,,Non-Indigenous people,All people,35-44 years old,,ABS (unpublished) Causes of Death Australia,rate,15.5,np,22.3,18.9,19.5,np,np,14.9,18.3,
CtG14A.5,2014-2018,Mortality due to suicide,45,All people,Non-Indigenous people,All areas,Suicide deaths,five-year aggregate,Rate per 100000 people,,,Non-Indigenous people,All people,45+ years old,,ABS (unpublished) Causes of Death Australia,rate,14.1,np,18.2,17,15.5,np,np,23,15.9,
CtG14A.5,2014-2018,Mortality due to suicide,45,All people,Non-Indigenous people,All areas,Suicide deaths,five-year aggregate,Rate per 100000 people,,,Non-Indigenous people,All people,45+ years old,,ABS (unpublished) Causes of Death Australia,rate,14.1,np,18.2,17,15.5,np,np,23,15.9,
CtG14A.5,2014-2018,Mortality due to suicide,45,All people,Non-Indigenous people,All areas,Suicide deaths,five-year aggregate,Rate per 100000 people,,,Non-Indigenous people,All people,45+ years old,,ABS (unpublished) Causes of Death Australia,rate,14.1,np,18.2,17,15.5,np,np,23,15.9,
CtG14A.5,2014-2018,Mortality due to suicide,45,All people,Non-Indigenous people,All areas,Suicide deaths,five-year aggregate,Rate per 100000 people,,,Non-Indigenous people,All people,45+ years old,,ABS (unpublished) Causes of Death Australia,rate,14.1,np,18.2,17,15.5,np,np,23,15.9,
CtG14A.5,2014-2018,Mortality due to suicide,45,All people,Non-Indigenous people,All areas,Suicide deaths,five-year aggregate,Rate per 100000 people,,,Non-Indigenous people,All people,45+ years old,,ABS (unpublished) Causes of Death Australia,rate,14.1,np,18.2,17,15.5,np,np,23,15.9,
CtG14A.5,2014-2018,Mortality due to suicide,5,All people,Aboriginal and Torres Strait Islander people,All areas,Suicide deaths,five-year aggregate,Number,,,Aboriginal and Torres Strait Islander people,All people,5-17 years old,,ABS (unpublished) Causes of Death Australia,no.,17,2,21,24,3,3,0,20,np,
CtG14A.5,2014-2018,Mortality due to suicide,5,All people,Aboriginal and Torres Strait Islander people,All areas,Suicide deaths,five-year aggregate,Number,,,Aboriginal and Torres Strait Islander people,All people,5-17 years old,,ABS (unpublished) Causes of Death Australia,no.,17,2,21,24,3,3,0,20,np,
CtG14A.5,2014-2018,Mortality due to suicide,5,All people,Aboriginal and Torres Strait Islander people,All areas,Suicide deaths,five-year aggregate,Number,,,Aboriginal and Torres Strait Islander people,All people,5-17 years old,,ABS (unpublished) Causes of Death Australia,no.,17,2,21,24,3,3,0,20,np,
CtG14A.5,2014-2018,Mortality due to suicide,5,All people,Aboriginal and Torres Strait Islander people,All areas,Suicide deaths,five-year aggregate,Number,,,Aboriginal and Torres Strait Islander people,All people,5-17 years old,,ABS (unpublished) Causes of Death Australia,no.,17,2,21,24,3,3,0,20,np,
CtG14A.5,2014-2018,Mortality due to suicide,5,All people,Aboriginal and Torres Strait Islander people,All areas,Suicide deaths,five-year aggregate,Number,,,Aboriginal and Torres Strait Islander people,All people,5-17 years old,,ABS (unpublished) Causes of Death Australia,no.,17,2,21,24,3,3,0,20,np,
CtG14A.5,2014-2018,Mortality due to suicide,18,All people,Aboriginal and Torres Strait Islander people,All areas,Suicide deaths,five-year aggregate,Number,,,Aboriginal and Torres Strait Islander people,All people,18-24 years old,,ABS (unpublished) Causes of Death Australia,no.,40,7,89,48,6,0,5,29,np,
CtG14A.5,2014-2018,Mortality due to suicide,18,All people,Aboriginal and Torres Strait Islander people,All areas,Suicide deaths,five-year aggregate,Number,,,Aboriginal and Torres Strait Islander people,All people,18-24 years old,,ABS (unpublished) Causes of Death Australia,no.,40,7,89,48,6,0,5,29,np,
CtG14A.5,2014-2018,Mortality due to suicide,18,All people,Aboriginal and Torres Strait Islander people,All areas,Suicide deaths,five-year aggregate,Number,,,Aboriginal and Torres Strait Islander people,All people,18-24 years old,,ABS (unpublished) Causes of Death Australia,no.,40,7,89,48,6,0,5,29,np,
CtG14A.5,2014-2018,Mortality due to suicide,18,All people,Aboriginal and Torres Strait Islander people,All areas,Suicide deaths,five-year aggregate,Number,,,Aboriginal and Torres Strait Islander people,All people,18-24 years old,,ABS (unpublished) Causes of Death Australia,no.,40,7,89,48,6,0,5,29,np,
CtG14A.5,2014-2018,Mortality due to suicide,18,All people,Aboriginal and Torres Strait Islander people,All areas,Suicide deaths,five-year aggregate,Number,,,Aboriginal and Torres Strait Islander people,All people,18-24 years old,,ABS (unpublished) Causes of Death Australia,no.,40,7,89,48,6,0,5,29,np,
CtG14A.5,2014-2018,Mortality due to suicide,25,All people,Aboriginal and Torres Strait Islander people,All areas,Suicide deaths,five-year aggregate,Number,,,Aboriginal and Torres Strait Islander people,All people,25-34 years old,,ABS (unpublished) Causes of Death Australia,no.,59,12,69,75,5,0,4,31,np,
CtG14A.5,2014-2018,Mortality due to suicide,25,All people,Aboriginal and Torres Strait Islander people,All areas,Suicide deaths,five-year aggregate,Number,,,Aboriginal and Torres Strait Islander people,All people,25-34 years old,,ABS (unpublished) Causes of Death Australia,no.,59,12,69,75,5,0,4,31,np,
CtG14A.5,2014-2018,Mortality due to suicide,25,All people,Aboriginal and Torres Strait Islander people,All areas,Suicide deaths,five-year aggregate,Number,,,Aboriginal and Torres Strait Islander people,All people,25-34 years old,,ABS (unpublished) Causes of Death Australia,no.,59,12,69,75,5,0,4,31,np,
CtG14A.5,2014-2018,Mortality due to suicide,25,All people,Aboriginal and Torres Strait Islander people,All areas,Suicide deaths,five-year aggregate,Number,,,Aboriginal and Torres Strait Islander people,All people,25-34 years old,,ABS (unpublished) Causes of Death Australia,no.,59,12,69,75,5,0,4,31,np,
CtG14A.5,2014-2018,Mortality due to suicide,25,All people,Aboriginal and Torres Strait Islander people,All areas,Suicide deaths,five-year aggregate,Number,,,Aboriginal and Torres Strait Islander people,All people,25-34 years old,,ABS (unpublished) Causes of Death Australia,no.,59,12,69,75,5,0,4,31,np,
CtG14A.5,2014-2018,Mortality due to suicide,35,All people,Aboriginal and Torres Strait Islander people,All areas,Suicide deaths,five-year aggregate,Number,,,Aboriginal and Torres Strait Islander people,All people,35-44 years old,,ABS (unpublished) Causes of Death Australia,no.,33,10,52,34,16,4,1,18,np,
CtG14A.5,2014-2018,Mortality due to suicide,35,All people,Aboriginal and Torres Strait Islander people,All areas,Suicide deaths,five-year aggregate,Number,,,Aboriginal and Torres Strait Islander people,All people,35-44 years old,,ABS (unpublished) Causes of Death Australia,no.,33,10,52,34,16,4,1,18,np,
CtG14A.5,2014-2018,Mortality due to suicide,35,All people,Aboriginal and Torres Strait Islander people,All areas,Suicide deaths,five-year aggregate,Number,,,Aboriginal and Torres Strait Islander people,All people,35-44 years old,,ABS (unpublished) Causes of Death Australia,no.,33,10,52,34,16,4,1,18,np,
CtG14A.5,2014-2018,Mortality due to suicide,35,All people,Aboriginal and Torres Strait Islander people,All areas,Suicide deaths,five-year aggregate,Number,,,Aboriginal and Torres Strait Islander people,All people,35-44 years old,,ABS (unpublished) Causes of Death Australia,no.,33,10,52,34,16,4,1,18,np,
CtG14A.5,2014-2018,Mortality due to suicide,35,All people,Aboriginal and Torres Strait Islander people,All areas,Suicide deaths,five-year aggregate,Number,,,Aboriginal and Torres Strait Islander people,All people,35-44 years old,,ABS (unpublished) Causes of Death Australia,no.,33,10,52,34,16,4,1,18,np,
CtG14A.5,2014-2018,Mortality due to suicide,45,All people,Aboriginal and Torres Strait Islander people,All areas,Suicide deaths,five-year aggregate,Number,,,Aboriginal and Torres Strait Islander people,All people,45+ years old,,ABS (unpublished) Causes of Death Australia,no.,47,6,30,18,7,1,0,10,np,
CtG14A.5,2014-2018,Mortality due to suicide,45,All people,Aboriginal and Torres Strait Islander people,All areas,Suicide deaths,five-year aggregate,Number,,,Aboriginal and Torres Strait Islander people,All people,45+ years old,,ABS (unpublished) Causes of Death Australia,no.,47,6,30,18,7,1,0,10,np,
CtG14A.5,2014-2018,Mortality due to suicide,45,All people,Aboriginal and Torres Strait Islander people,All areas,Suicide deaths,five-year aggregate,Number,,,Aboriginal and Torres Strait Islander people,All people,45+ years old,,ABS (unpublished) Causes of Death Australia,no.,47,6,30,18,7,1,0,10,np,
CtG14A.5,2014-2018,Mortality due to suicide,45,All people,Aboriginal and Torres Strait Islander people,All areas,Suicide deaths,five-year aggregate,Number,,,Aboriginal and Torres Strait Islander people,All people,45+ years old,,ABS (unpublished) Causes of Death Australia,no.,47,6,30,18,7,1,0,10,np,
CtG14A.5,2014-2018,Mortality due to suicide,45,All people,Aboriginal and Torres Strait Islander people,All areas,Suicide deaths,five-year aggregate,Number,,,Aboriginal and Torres Strait Islander people,All people,45+ years old,,ABS (unpublished) Causes of Death Australia,no.,47,6,30,18,7,1,0,10,np,
CtG14A.6,2018-2022,Mortality due to suicide,5,Males,Aboriginal and Torres Strait Islander people,All areas,Suicide deaths,five-year aggregate,Rate per 100000 people,,,Aboriginal and Torres Strait Islander people,Males,5-17 years old,,ABS (unpublished) Causes of Death Australia,rate,,,,,,,,,6.1,
CtG14A.6,2018-2022,Mortality due to suicide,5,Males,Aboriginal and Torres Strait Islander people,All areas,Suicide deaths,five-year aggregate,Rate per 100000 people,,,Aboriginal and Torres Strait Islander people,Males,5-17 years old,,ABS (unpublished) Causes of Death Australia,rate,,,,,,,,,6.1,
CtG14A.6,2018-2022,Mortality due to suicide,5,Males,Aboriginal and Torres Strait Islander people,All areas,Suicide deaths,five-year aggregate,Rate per 100000 people,,,Aboriginal and Torres Strait Islander people,Males,5-17 years old,,ABS (unpublished) Causes of Death Australia,rate,,,,,,,,,6.1,
CtG14A.6,2018-2022,Mortality due to suicide,5,Males,Aboriginal and Torres Strait Islander people,All areas,Suicide deaths,five-year aggregate,Rate per 100000 people,,,Aboriginal and Torres Strait Islander people,Males,5-17 years old,,ABS (unpublished) Causes of Death Australia,rate,,,,,,,,,6.1,
CtG14A.6,2018-2022,Mortality due to suicide,5,Males,Aboriginal and Torres Strait Islander people,All areas,Suicide deaths,five-year aggregate,Rate per 100000 people,,,Aboriginal and Torres Strait Islander people,Males,5-17 years old,,ABS (unpublished) Causes of Death Australia,rate,,,,,,,,,6.1,
CtG14A.6,2018-2022,Mortality due to suicide,5,Females,Aboriginal and Torres Strait Islander people,All areas,Suicide deaths,five-year aggregate,Rate per 100000 people,,,Aboriginal and Torres Strait Islander people,Females,5-17 years old,,ABS (unpublished) Causes of Death Australia,rate,,,,,,,,,8.5,
CtG14A.6,2018-2022,Mortality due to suicide,5,Females,Aboriginal and Torres Strait Islander people,All areas,Suicide deaths,five-year aggregate,Rate per 100000 people,,,Aboriginal and Torres Strait Islander people,Females,5-17 years old,,ABS (unpublished) Causes of Death Australia,rate,,,,,,,,,8.5,
CtG14A.6,2018-2022,Mortality due to suicide,5,Females,Aboriginal and Torres Strait Islander people,All areas,Suicide deaths,five-year aggregate,Rate per 100000 people,,,Aboriginal and Torres Strait Islander people,Females,5-17 years old,,ABS (unpublished) Causes of Death Australia,rate,,,,,,,,,8.5,
CtG14A.6,2018-2022,Mortality due to suicide,5,Females,Aboriginal and Torres Strait Islander people,All areas,Suicide deaths,five-year aggregate,Rate per 100000 people,,,Aboriginal and Torres Strait Islander people,Females,5-17 years old,,ABS (unpublished) Causes of Death Australia,rate,,,,,,,,,8.5,
CtG14A.6,2018-2022,Mortality due to suicide,5,Females,Aboriginal and Torres Strait Islander people,All areas,Suicide deaths,five-year aggregate,Rate per 100000 people,,,Aboriginal and Torres Strait Islander people,Females,5-17 years old,,ABS (unpublished) Causes of Death Australia,rate,,,,,,,,,8.5,
CtG14A.6,2018-2022,Mortality due to suicide,5,Males,Non-Indigenous people,All areas,Suicide deaths,five-year aggregate,Rate per 100000 people,,,Non-Indigenous people,Males,5-17 years old,,ABS (unpublished) Causes of Death Australia,rate,,,,,,,,,2.7,
CtG14A.6,2018-2022,Mortality due to suicide,5,Males,Non-Indigenous people,All areas,Suicide deaths,five-year aggregate,Rate per 100000 people,,,Non-Indigenous people,Males,5-17 years old,,ABS (unpublished) Causes of Death Australia,rate,,,,,,,,,2.7,
CtG14A.6,2018-2022,Mortality due to suicide,5,Males,Non-Indigenous people,All areas,Suicide deaths,five-year aggregate,Rate per 100000 people,,,Non-Indigenous people,Males,5-17 years old,,ABS (unpublished) Causes of Death Australia,rate,,,,,,,,,2.7,
CtG14A.6,2018-2022,Mortality due to suicide,5,Males,Non-Indigenous people,All areas,Suicide deaths,five-year aggregate,Rate per 100000 people,,,Non-Indigenous people,Males,5-17 years old,,ABS (unpublished) Causes of Death Australia,rate,,,,,,,,,2.7,
CtG14A.6,2018-2022,Mortality due to suicide,5,Males,Non-Indigenous people,All areas,Suicide deaths,five-year aggregate,Rate per 100000 people,,,Non-Indigenous people,Males,5-17 years old,,ABS (unpublished) Causes of Death Australia,rate,,,,,,,,,2.7,
CtG14A.6,2018-2022,Mortality due to suicide,5,Females,Non-Indigenous people,All areas,Suicide deaths,five-year aggregate,Rate per 100000 people,,,Non-Indigenous people,Females,5-17 years old,,ABS (unpublished) Causes of Death Australia,rate,,,,,,,,,1.6,
CtG14A.6,2018-2022,Mortality due to suicide,5,Females,Non-Indigenous people,All areas,Suicide deaths,five-year aggregate,Rate per 100000 people,,,Non-Indigenous people,Females,5-17 years old,,ABS (unpublished) Causes of Death Australia,rate,,,,,,,,,1.6,
CtG14A.6,2018-2022,Mortality due to suicide,5,Females,Non-Indigenous people,All areas,Suicide deaths,five-year aggregate,Rate per 100000 people,,,Non-Indigenous people,Females,5-17 years old,,ABS (unpublished) Causes of Death Australia,rate,,,,,,,,,1.6,
CtG14A.6,2018-2022,Mortality due to suicide,5,Females,Non-Indigenous people,All areas,Suicide deaths,five-year aggregate,Rate per 100000 people,,,Non-Indigenous people,Females,5-17 years old,,ABS (unpublished) Causes of Death Australia,rate,,,,,,,,,1.6,
CtG14A.6,2018-2022,Mortality due to suicide,5,Females,Non-Indigenous people,All areas,Suicide deaths,five-year aggregate,Rate per 100000 people,,,Non-Indigenous people,Females,5-17 years old,,ABS (unpublished) Causes of Death Australia,rate,,,,,,,,,1.6,
CtG14A.6,2018-2022,Mortality due to suicide,18,Males,Aboriginal and Torres Strait Islander people,All areas,Suicide deaths,five-year aggregate,Rate per 100000 people,,,Aboriginal and Torres Strait Islander people,Males,18-24 years old,,ABS (unpublished) Causes of Death Australia,rate,,,,,,,,,68.1,
CtG14A.6,2018-2022,Mortality due to suicide,18,Males,Aboriginal and Torres Strait Islander people,All areas,Suicide deaths,five-year aggregate,Rate per 100000 people,,,Aboriginal and Torres Strait Islander people,Males,18-24 years old,,ABS (unpublished) Causes of Death Australia,rate,,,,,,,,,68.1,
CtG14A.6,2018-2022,Mortality due to suicide,18,Males,Aboriginal and Torres Strait Islander people,All areas,Suicide deaths,five-year aggregate,Rate per 100000 people,,,Aboriginal and Torres Strait Islander people,Males,18-24 years old,,ABS (unpublished) Causes of Death Australia,rate,,,,,,,,,68.1,
CtG14A.6,2018-2022,Mortality due to suicide,18,Males,Aboriginal and Torres Strait Islander people,All areas,Suicide deaths,five-year aggregate,Rate per 100000 people,,,Aboriginal and Torres Strait Islander people,Males,18-24 years old,,ABS (unpublished) Causes of Death Australia,rate,,,,,,,,,68.1,
CtG14A.6,2018-2022,Mortality due to suicide,18,Males,Aboriginal and Torres Strait Islander people,All areas,Suicide deaths,five-year aggregate,Rate per 100000 people,,,Aboriginal and Torres Strait Islander people,Males,18-24 years old,,ABS (unpublished) Causes of Death Australia,rate,,,,,,,,,68.1,
CtG14A.6,2018-2022,Mortality due to suicide,18,Females,Aboriginal and Torres Strait Islander people,All areas,Suicide deaths,five-year aggregate,Rate per 100000 people,,,Aboriginal and Torres Strait Islander people,Females,18-24 years old,,ABS (unpublished) Causes of Death Australia,rate,,,,,,,,,27.2,
CtG14A.6,2018-2022,Mortality due to suicide,18,Females,Aboriginal and Torres Strait Islander people,All areas,Suicide deaths,five-year aggregate,Rate per 100000 people,,,Aboriginal and Torres Strait Islander people,Females,18-24 years old,,ABS (unpublished) Causes of Death Australia,rate,,,,,,,,,27.2,
CtG14A.6,2018-2022,Mortality due to suicide,18,Females,Aboriginal and Torres Strait Islander people,All areas,Suicide deaths,five-year aggregate,Rate per 100000 people,,,Aboriginal and Torres Strait Islander people,Females,18-24 years old,,ABS (unpublished) Causes of Death Australia,rate,,,,,,,,,27.2,
CtG14A.6,2018-2022,Mortality due to suicide,18,Females,Aboriginal and Torres Strait Islander people,All areas,Suicide deaths,five-year aggregate,Rate per 100000 people,,,Aboriginal and Torres Strait Islander people,Females,18-24 years old,,ABS (unpublished) Causes of Death Australia,rate,,,,,,,,,27.2,
CtG14A.6,2018-2022,Mortality due to suicide,18,Females,Aboriginal and Torres Strait Islander people,All areas,Suicide deaths,five-year aggregate,Rate per 100000 people,,,Aboriginal and Torres Strait Islander people,Females,18-24 years old,,ABS (unpublished) Causes of Death Australia,rate,,,,,,,,,27.2,
CtG14A.6,2018-2022,Mortality due to suicide,18,Males,Non-Indigenous people,All areas,Suicide deaths,five-year aggregate,Rate per 100000 people,,,Non-Indigenous people,Males,18-24 years old,,ABS (unpublished) Causes of Death Australia,rate,,,,,,,,,20.9,
CtG14A.6,2018-2022,Mortality due to suicide,18,Males,Non-Indigenous people,All areas,Suicide deaths,five-year aggregate,Rate per 100000 people,,,Non-Indigenous people,Males,18-24 years old,,ABS (unpublished) Causes of Death Australia,rate,,,,,,,,,20.9,
CtG14A.6,2018-2022,Mortality due to suicide,18,Males,Non-Indigenous people,All areas,Suicide deaths,five-year aggregate,Rate per 100000 people,,,Non-Indigenous people,Males,18-24 years old,,ABS (unpublished) Causes of Death Australia,rate,,,,,,,,,20.9,
CtG14A.6,2018-2022,Mortality due to suicide,18,Males,Non-Indigenous people,All areas,Suicide deaths,five-year aggregate,Rate per 100000 people,,,Non-Indigenous people,Males,18-24 years old,,ABS (unpublished) Causes of Death Australia,rate,,,,,,,,,20.9,
CtG14A.6,2018-2022,Mortality due to suicide,18,Males,Non-Indigenous people,All areas,Suicide deaths,five-year aggregate,Rate per 100000 people,,,Non-Indigenous people,Males,18-24 years old,,ABS (unpublished) Causes of Death Australia,rate,,,,,,,,,20.9,
CtG14A.6,2018-2022,Mortality due to suicide,18,Females,Non-Indigenous people,All areas,Suicide deaths,five-year aggregate,Rate per 100000 people,,,Non-Indigenous people,Females,18-24 years old,,ABS (unpublished) Causes of Death Australia,rate,,,,,,,,,6.8,
CtG14A.6,2018-2022,Mortality due to suicide,18,Females,Non-Indigenous people,All areas,Suicide deaths,five-year aggregate,Rate per 100000 people,,,Non-Indigenous people,Females,18-24 years old,,ABS (unpublished) Causes of Death Australia,rate,,,,,,,,,6.8,
CtG14A.6,2018-2022,Mortality due to suicide,18,Females,Non-Indigenous people,All areas,Suicide deaths,five-year aggregate,Rate per 100000 people,,,Non-Indigenous people,Females,18-24 years old,,ABS (unpublished) Causes of Death Australia,rate,,,,,,,,,6.8,
CtG14A.6,2018-2022,Mortality due to suicide,18,Females,Non-Indigenous people,All areas,Suicide deaths,five-year aggregate,Rate per 100000 people,,,Non-Indigenous people,Females,18-24 years old,,ABS (unpublished) Causes of Death Australia,rate,,,,,,,,,6.8,
CtG14A.6,2018-2022,Mortality due to suicide,18,Females,Non-Indigenous people,All areas,Suicide deaths,five-year aggregate,Rate per 100000 people,,,Non-Indigenous people,Females,18-24 years old,,ABS (unpublished) Causes of Death Australia,rate,,,,,,,,,6.8,
CtG14A.6,2018-2022,Mortality due to suicide,25,Males,Aboriginal and Torres Strait Islander people,All areas,Suicide deaths,five-year aggregate,Rate per 100000 people,,,Aboriginal and Torres Strait Islander people,Males,25-34 years old,,ABS (unpublished) Causes of Death Australia,rate,,,,,,,,,72.1,
CtG14A.6,2018-2022,Mortality due to suicide,25,Males,Aboriginal and Torres Strait Islander people,All areas,Suicide deaths,five-year aggregate,Rate per 100000 people,,,Aboriginal and Torres Strait Islander people,Males,25-34 years old,,ABS (unpublished) Causes of Death Australia,rate,,,,,,,,,72.1,
CtG14A.6,2018-2022,Mortality due to suicide,25,Males,Aboriginal and Torres Strait Islander people,All areas,Suicide deaths,five-year aggregate,Rate per 100000 people,,,Aboriginal and Torres Strait Islander people,Males,25-34 years old,,ABS (unpublished) Causes of Death Australia,rate,,,,,,,,,72.1,
CtG14A.6,2018-2022,Mortality due to suicide,25,Males,Aboriginal and Torres Strait Islander people,All areas,Suicide deaths,five-year aggregate,Rate per 100000 people,,,Aboriginal and Torres Strait Islander people,Males,25-34 years old,,ABS (unpublished) Causes of Death Australia,rate,,,,,,,,,72.1,
CtG14A.6,2018-2022,Mortality due to suicide,25,Males,Aboriginal and Torres Strait Islander people,All areas,Suicide deaths,five-year aggregate,Rate per 100000 people,,,Aboriginal and Torres Strait Islander people,Males,25-34 years old,,ABS (unpublished) Causes of Death Australia,rate,,,,,,,,,72.1,
CtG14A.6,2018-2022,Mortality due to suicide,25,Females,Aboriginal and Torres Strait Islander people,All areas,Suicide deaths,five-year aggregate,Rate per 100000 people,,,Aboriginal and Torres Strait Islander people,Females,25-34 years old,,ABS (unpublished) Causes of Death Australia,rate,,,,,,,,,23.9,
CtG14A.6,2018-2022,Mortality due to suicide,25,Females,Aboriginal and Torres Strait Islander people,All areas,Suicide deaths,five-year aggregate,Rate per 100000 people,,,Aboriginal and Torres Strait Islander people,Females,25-34 years old,,ABS (unpublished) Causes of Death Australia,rate,,,,,,,,,23.9,
CtG14A.6,2018-2022,Mortality due to suicide,25,Females,Aboriginal and Torres Strait Islander people,All areas,Suicide deaths,five-year aggregate,Rate per 100000 people,,,Aboriginal and Torres Strait Islander people,Females,25-34 years old,,ABS (unpublished) Causes of Death Australia,rate,,,,,,,,,23.9,
CtG14A.6,2018-2022,Mortality due to suicide,25,Females,Aboriginal and Torres Strait Islander people,All areas,Suicide deaths,five-year aggregate,Rate per 100000 people,,,Aboriginal and Torres Strait Islander people,Females,25-34 years old,,ABS (unpublished) Causes of Death Australia,rate,,,,,,,,,23.9,
CtG14A.6,2018-2022,Mortality due to suicide,25,Females,Aboriginal and Torres Strait Islander people,All areas,Suicide deaths,five-year aggregate,Rate per 100000 people,,,Aboriginal and Torres Strait Islander people,Females,25-34 years old,,ABS (unpublished) Causes of Death Australia,rate,,,,,,,,,23.9,
CtG14A.6,2018-2022,Mortality due to suicide,25,Males,Non-Indigenous people,All areas,Suicide deaths,five-year aggregate,Rate per 100000 people,,,Non-Indigenous people,Males,25-34 years old,,ABS (unpublished) Causes of Death Australia,rate,,,,,,,,,23.5,
CtG14A.6,2018-2022,Mortality due to suicide,25,Males,Non-Indigenous people,All areas,Suicide deaths,five-year aggregate,Rate per 100000 people,,,Non-Indigenous people,Males,25-34 years old,,ABS (unpublished) Causes of Death Australia,rate,,,,,,,,,23.5,
CtG14A.6,2018-2022,Mortality due to suicide,25,Males,Non-Indigenous people,All areas,Suicide deaths,five-year aggregate,Rate per 100000 people,,,Non-Indigenous people,Males,25-34 years old,,ABS (unpublished) Causes of Death Australia,rate,,,,,,,,,23.5,
CtG14A.6,2018-2022,Mortality due to suicide,25,Males,Non-Indigenous people,All areas,Suicide deaths,five-year aggregate,Rate per 100000 people,,,Non-Indigenous people,Males,25-34 years old,,ABS (unpublished) Causes of Death Australia,rate,,,,,,,,,23.5,
CtG14A.6,2018-2022,Mortality due to suicide,25,Males,Non-Indigenous people,All areas,Suicide deaths,five-year aggregate,Rate per 100000 people,,,Non-Indigenous people,Males,25-34 years old,,ABS (unpublished) Causes of Death Australia,rate,,,,,,,,,23.5,
CtG14A.6,2018-2022,Mortality due to suicide,25,Females,Non-Indigenous people,All areas,Suicide deaths,five-year aggregate,Rate per 100000 people,,,Non-Indigenous people,Females,25-34 years old,,ABS (unpublished) Causes of Death Australia,rate,,,,,,,,,6.6,
CtG14A.6,2018-2022,Mortality due to suicide,25,Females,Non-Indigenous people,All areas,Suicide deaths,five-year aggregate,Rate per 100000 people,,,Non-Indigenous people,Females,25-34 years old,,ABS (unpublished) Causes of Death Australia,rate,,,,,,,,,6.6,
CtG14A.6,2018-2022,Mortality due to suicide,25,Females,Non-Indigenous people,All areas,Suicide deaths,five-year aggregate,Rate per 100000 people,,,Non-Indigenous people,Females,25-34 years old,,ABS (unpublished) Causes of Death Australia,rate,,,,,,,,,6.6,
CtG14A.6,2018-2022,Mortality due to suicide,25,Females,Non-Indigenous people,All areas,Suicide deaths,five-year aggregate,Rate per 100000 people,,,Non-Indigenous people,Females,25-34 years old,,ABS (unpublished) Causes of Death Australia,rate,,,,,,,,,6.6,
CtG14A.6,2018-2022,Mortality due to suicide,25,Females,Non-Indigenous people,All areas,Suicide deaths,five-year aggregate,Rate per 100000 people,,,Non-Indigenous people,Females,25-34 years old,,ABS (unpublished) Causes of Death Australia,rate,,,,,,,,,6.6,
CtG14A.6,2018-2022,Mortality due to suicide,35,Males,Aboriginal and Torres Strait Islander people,All areas,Suicide deaths,five-year aggregate,Rate per 100000 people,,,Aboriginal and Torres Strait Islander people,Males,35-44 years old,,ABS (unpublished) Causes of Death Australia,rate,,,,,,,,,84.9,
CtG14A.6,2018-2022,Mortality due to suicide,35,Males,Aboriginal and Torres Strait Islander people,All areas,Suicide deaths,five-year aggregate,Rate per 100000 people,,,Aboriginal and Torres Strait Islander people,Males,35-44 years old,,ABS (unpublished) Causes of Death Australia,rate,,,,,,,,,84.9,
CtG14A.6,2018-2022,Mortality due to suicide,35,Males,Aboriginal and Torres Strait Islander people,All areas,Suicide deaths,five-year aggregate,Rate per 100000 people,,,Aboriginal and Torres Strait Islander people,Males,35-44 years old,,ABS (unpublished) Causes of Death Australia,rate,,,,,,,,,84.9,
CtG14A.6,2018-2022,Mortality due to suicide,35,Males,Aboriginal and Torres Strait Islander people,All areas,Suicide deaths,five-year aggregate,Rate per 100000 people,,,Aboriginal and Torres Strait Islander people,Males,35-44 years old,,ABS (unpublished) Causes of Death Australia,rate,,,,,,,,,84.9,
CtG14A.6,2018-2022,Mortality due to suicide,35,Males,Aboriginal and Torres Strait Islander people,All areas,Suicide deaths,five-year aggregate,Rate per 100000 people,,,Aboriginal and Torres Strait Islander people,Males,35-44 years old,,ABS (unpublished) Causes of Death Australia,rate,,,,,,,,,84.9,
CtG14A.6,2018-2022,Mortality due to suicide,35,Females,Aboriginal and Torres Strait Islander people,All areas,Suicide deaths,five-year aggregate,Rate per 100000 people,,,Aboriginal and Torres Strait Islander people,Females,35-44 years old,,ABS (unpublished) Causes of Death Australia,rate,,,,,,,,,20.6,
CtG14A.6,2018-2022,Mortality due to suicide,35,Females,Aboriginal and Torres Strait Islander people,All areas,Suicide deaths,five-year aggregate,Rate per 100000 people,,,Aboriginal and Torres Strait Islander people,Females,35-44 years old,,ABS (unpublished) Causes of Death Australia,rate,,,,,,,,,20.6,
CtG14A.6,2018-2022,Mortality due to suicide,35,Females,Aboriginal and Torres Strait Islander people,All areas,Suicide deaths,five-year aggregate,Rate per 100000 people,,,Aboriginal and Torres Strait Islander people,Females,35-44 years old,,ABS (unpublished) Causes of Death Australia,rate,,,,,,,,,20.6,
CtG14A.6,2018-2022,Mortality due to suicide,35,Females,Aboriginal and Torres Strait Islander people,All areas,Suicide deaths,five-year aggregate,Rate per 100000 people,,,Aboriginal and Torres Strait Islander people,Females,35-44 years old,,ABS (unpublished) Causes of Death Australia,rate,,,,,,,,,20.6,
CtG14A.6,2018-2022,Mortality due to suicide,35,Females,Aboriginal and Torres Strait Islander people,All areas,Suicide deaths,five-year aggregate,Rate per 100000 people,,,Aboriginal and Torres Strait Islander people,Females,35-44 years old,,ABS (unpublished) Causes of Death Australia,rate,,,,,,,,,20.6,
CtG14A.6,2018-2022,Mortality due to suicide,35,Males,Non-Indigenous people,All areas,Suicide deaths,five-year aggregate,Rate per 100000 people,,,Non-Indigenous people,Males,35-44 years old,,ABS (unpublished) Causes of Death Australia,rate,,,,,,,,,25.4,
CtG14A.6,2018-2022,Mortality due to suicide,35,Males,Non-Indigenous people,All areas,Suicide deaths,five-year aggregate,Rate per 100000 people,,,Non-Indigenous people,Males,35-44 years old,,ABS (unpublished) Causes of Death Australia,rate,,,,,,,,,25.4,
CtG14A.6,2018-2022,Mortality due to suicide,35,Males,Non-Indigenous people,All areas,Suicide deaths,five-year aggregate,Rate per 100000 people,,,Non-Indigenous people,Males,35-44 years old,,ABS (unpublished) Causes of Death Australia,rate,,,,,,,,,25.4,
CtG14A.6,2018-2022,Mortality due to suicide,35,Males,Non-Indigenous people,All areas,Suicide deaths,five-year aggregate,Rate per 100000 people,,,Non-Indigenous people,Males,35-44 years old,,ABS (unpublished) Causes of Death Australia,rate,,,,,,,,,25.4,
CtG14A.6,2018-2022,Mortality due to suicide,35,Males,Non-Indigenous people,All areas,Suicide deaths,five-year aggregate,Rate per 100000 people,,,Non-Indigenous people,Males,35-44 years old,,ABS (unpublished) Causes of Death Australia,rate,,,,,,,,,25.4,
CtG14A.6,2018-2022,Mortality due to suicide,35,Females,Non-Indigenous people,All areas,Suicide deaths,five-year aggregate,Rate per 100000 people,,,Non-Indigenous people,Females,35-44 years old,,ABS (unpublished) Causes of Death Australia,rate,,,,,,,,,8.3,
CtG14A.6,2018-2022,Mortality due to suicide,35,Females,Non-Indigenous people,All areas,Suicide deaths,five-year aggregate,Rate per 100000 people,,,Non-Indigenous people,Females,35-44 years old,,ABS (unpublished) Causes of Death Australia,rate,,,,,,,,,8.3,
CtG14A.6,2018-2022,Mortality due to suicide,35,Females,Non-Indigenous people,All areas,Suicide deaths,five-year aggregate,Rate per 100000 people,,,Non-Indigenous people,Females,35-44 years old,,ABS (unpublished) Causes of Death Australia,rate,,,,,,,,,8.3,
CtG14A.6,2018-2022,Mortality due to suicide,35,Females,Non-Indigenous people,All areas,Suicide deaths,five-year aggregate,Rate per 100000 people,,,Non-Indigenous people,Females,35-44 years old,,ABS (unpublished) Causes of Death Australia,rate,,,,,,,,,8.3,
CtG14A.6,2018-2022,Mortality due to suicide,35,Females,Non-Indigenous people,All areas,Suicide deaths,five-year aggregate,Rate per 100000 people,,,Non-Indigenous people,Females,35-44 years old,,ABS (unpublished) Causes of Death Australia,rate,,,,,,,,,8.3,
CtG14A.6,2018-2022,Mortality due to suicide,45,Males,Aboriginal and Torres Strait Islander people,All areas,Suicide deaths,five-year aggregate,Rate per 100000 people,,,Aboriginal and Torres Strait Islander people,Males,45+ years old,,ABS (unpublished) Causes of Death Australia,rate,,,,,,,,,31.8,
CtG14A.6,2018-2022,Mortality due to suicide,45,Males,Aboriginal and Torres Strait Islander people,All areas,Suicide deaths,five-year aggregate,Rate per 100000 people,,,Aboriginal and Torres Strait Islander people,Males,45+ years old,,ABS (unpublished) Causes of Death Australia,rate,,,,,,,,,31.8,
CtG14A.6,2018-2022,Mortality due to suicide,45,Males,Aboriginal and Torres Strait Islander people,All areas,Suicide deaths,five-year aggregate,Rate per 100000 people,,,Aboriginal and Torres Strait Islander people,Males,45+ years old,,ABS (unpublished) Causes of Death Australia,rate,,,,,,,,,31.8,
CtG14A.6,2018-2022,Mortality due to suicide,45,Males,Aboriginal and Torres Strait Islander people,All areas,Suicide deaths,five-year aggregate,Rate per 100000 people,,,Aboriginal and Torres Strait Islander people,Males,45+ years old,,ABS (unpublished) Causes of Death Australia,rate,,,,,,,,,31.8,
CtG14A.6,2018-2022,Mortality due to suicide,45,Males,Aboriginal and Torres Strait Islander people,All areas,Suicide deaths,five-year aggregate,Rate per 100000 people,,,Aboriginal and Torres Strait Islander people,Males,45+ years old,,ABS (unpublished) Causes of Death Australia,rate,,,,,,,,,31.8,
CtG14A.6,2018-2022,Mortality due to suicide,45,Females,Aboriginal and Torres Strait Islander people,All areas,Suicide deaths,five-year aggregate,Rate per 100000 people,,,Aboriginal and Torres Strait Islander people,Females,45+ years old,,ABS (unpublished) Causes of Death Australia,rate,,,,,,,,,10.3,
CtG14A.6,2018-2022,Mortality due to suicide,45,Females,Aboriginal and Torres Strait Islander people,All areas,Suicide deaths,five-year aggregate,Rate per 100000 people,,,Aboriginal and Torres Strait Islander people,Females,45+ years old,,ABS (unpublished) Causes of Death Australia,rate,,,,,,,,,10.3,
CtG14A.6,2018-2022,Mortality due to suicide,45,Females,Aboriginal and Torres Strait Islander people,All areas,Suicide deaths,five-year aggregate,Rate per 100000 people,,,Aboriginal and Torres Strait Islander people,Females,45+ years old,,ABS (unpublished) Causes of Death Australia,rate,,,,,,,,,10.3,
CtG14A.6,2018-2022,Mortality due to suicide,45,Females,Aboriginal and Torres Strait Islander people,All areas,Suicide deaths,five-year aggregate,Rate per 100000 people,,,Aboriginal and Torres Strait Islander people,Females,45+ years old,,ABS (unpublished) Causes of Death Australia,rate,,,,,,,,,10.3,
CtG14A.6,2018-2022,Mortality due to suicide,45,Females,Aboriginal and Torres Strait Islander people,All areas,Suicide deaths,five-year aggregate,Rate per 100000 people,,,Aboriginal and Torres Strait Islander people,Females,45+ years old,,ABS (unpublished) Causes of Death Australia,rate,,,,,,,,,10.3,
CtG14A.6,2018-2022,Mortality due to suicide,45,Males,Non-Indigenous people,All areas,Suicide deaths,five-year aggregate,Rate per 100000 people,,,Non-Indigenous people,Males,45+ years old,,ABS (unpublished) Causes of Death Australia,rate,,,,,,,,,24.7,
CtG14A.6,2018-2022,Mortality due to suicide,45,Males,Non-Indigenous people,All areas,Suicide deaths,five-year aggregate,Rate per 100000 people,,,Non-Indigenous people,Males,45+ years old,,ABS (unpublished) Causes of Death Australia,rate,,,,,,,,,24.7,
CtG14A.6,2018-2022,Mortality due to suicide,45,Males,Non-Indigenous people,All areas,Suicide deaths,five-year aggregate,Rate per 100000 people,,,Non-Indigenous people,Males,45+ years old,,ABS (unpublished) Causes of Death Australia,rate,,,,,,,,,24.7,
CtG14A.6,2018-2022,Mortality due to suicide,45,Males,Non-Indigenous people,All areas,Suicide deaths,five-year aggregate,Rate per 100000 people,,,Non-Indigenous people,Males,45+ years old,,ABS (unpublished) Causes of Death Australia,rate,,,,,,,,,24.7,
CtG14A.6,2018-2022,Mortality due to suicide,45,Males,Non-Indigenous people,All areas,Suicide deaths,five-year aggregate,Rate per 100000 people,,,Non-Indigenous people,Males,45+ years old,,ABS (unpublished) Causes of Death Australia,rate,,,,,,,,,24.7,
CtG14A.6,2018-2022,Mortality due to suicide,45,Females,Non-Indigenous people,All areas,Suicide deaths,five-year aggregate,Rate per 100000 people,,,Non-Indigenous people,Females,45+ years old,,ABS (unpublished) Causes of Death Australia,rate,,,,,,,,,7.1,
CtG14A.6,2018-2022,Mortality due to suicide,45,Females,Non-Indigenous people,All areas,Suicide deaths,five-year aggregate,Rate per 100000 people,,,Non-Indigenous people,Females,45+ years old,,ABS (unpublished) Causes of Death Australia,rate,,,,,,,,,7.1,
CtG14A.6,2018-2022,Mortality due to suicide,45,Females,Non-Indigenous people,All areas,Suicide deaths,five-year aggregate,Rate per 100000 people,,,Non-Indigenous people,Females,45+ years old,,ABS (unpublished) Causes of Death Australia,rate,,,,,,,,,7.1,
CtG14A.6,2018-2022,Mortality due to suicide,45,Females,Non-Indigenous people,All areas,Suicide deaths,five-year aggregate,Rate per 100000 people,,,Non-Indigenous people,Females,45+ years old,,ABS (unpublished) Causes of Death Australia,rate,,,,,,,,,7.1,
CtG14A.6,2018-2022,Mortality due to suicide,45,Females,Non-Indigenous people,All areas,Suicide deaths,five-year aggregate,Rate per 100000 people,,,Non-Indigenous people,Females,45+ years old,,ABS (unpublished) Causes of Death Australia,rate,,,,,,,,,7.1,
CtG14A.6,2018-2022,Mortality due to suicide,44,Males,Aboriginal and Torres Strait Islander people,All areas,Suicide deaths,five-year aggregate,Rate per 100000 people,,,Aboriginal and Torres Strait Islander people,Males,All ages,,ABS (unpublished) Causes of Death Australia,rate,,,,,,,,,37.5,
CtG14A.6,2018-2022,Mortality due to suicide,58,Males,Aboriginal and Torres Strait Islander people,All areas,Suicide deaths,five-year aggregate,Rate per 100000 people,,,Aboriginal and Torres Strait Islander people,Males,All ages,,ABS (unpublished) Causes of Death Australia,rate,,,,,,,,,37.5,
CtG14A.6,2018-2022,Mortality due to suicide,88,Males,Aboriginal and Torres Strait Islander people,All areas,Suicide deaths,five-year aggregate,Rate per 100000 people,,,Aboriginal and Torres Strait Islander people,Males,All ages,,ABS (unpublished) Causes of Death Australia,rate,,,,,,,,,37.5,
CtG14A.6,2018-2022,Mortality due to suicide,99,Males,Aboriginal and Torres Strait Islander people,All areas,Suicide deaths,five-year aggregate,Rate per 100000 people,,,Aboriginal and Torres Strait Islander people,Males,All ages,,ABS (unpublished) Causes of Death Australia,rate,,,,,,,,,37.5,
CtG14A.6,2018-2022,Mortality due to suicide,96,Males,Aboriginal and Torres Strait Islander people,All areas,Suicide deaths,five-year aggregate,Rate per 100000 people,,,Aboriginal and Torres Strait Islander people,Males,All ages,,ABS (unpublished) Causes of Death Australia,rate,,,,,,,,,37.5,
CtG14A.6,2018-2022,Mortality due to suicide,57,Females,Aboriginal and Torres Strait Islander people,All areas,Suicide deaths,five-year aggregate,Rate per 100000 people,,,Aboriginal and Torres Strait Islander people,Females,All ages,,ABS (unpublished) Causes of Death Australia,rate,,,,,,,,,14,
CtG14A.6,2018-2022,Mortality due to suicide,0,Females,Aboriginal and Torres Strait Islander people,All areas,Suicide deaths,five-year aggregate,Rate per 100000 people,,,Aboriginal and Torres Strait Islander people,Females,All ages,,ABS (unpublished) Causes of Death Australia,rate,,,,,,,,,14,
CtG14A.6,2018-2022,Mortality due to suicide,9,Females,Aboriginal and Torres Strait Islander people,All areas,Suicide deaths,five-year aggregate,Rate per 100000 people,,,Aboriginal and Torres Strait Islander people,Females,All ages,,ABS (unpublished) Causes of Death Australia,rate,,,,,,,,,14,
CtG14A.6,2018-2022,Mortality due to suicide,10,Females,Aboriginal and Torres Strait Islander people,All areas,Suicide deaths,five-year aggregate,Rate per 100000 people,,,Aboriginal and Torres Strait Islander people,Females,All ages,,ABS (unpublished) Causes of Death Australia,rate,,,,,,,,,14,
CtG14A.6,2018-2022,Mortality due to suicide,28,Females,Aboriginal and Torres Strait Islander people,All areas,Suicide deaths,five-year aggregate,Rate per 100000 people,,,Aboriginal and Torres Strait Islander people,Females,All ages,,ABS (unpublished) Causes of Death Australia,rate,,,,,,,,,14,
CtG14A.6,2018-2022,Mortality due to suicide,77,Males,Non-Indigenous people,All areas,Suicide deaths,five-year aggregate,Rate per 100000 people,,,Non-Indigenous people,Males,All ages,,ABS (unpublished) Causes of Death Australia,rate,,,,,,,,,19.2,
CtG14A.6,2018-2022,Mortality due to suicide,53,Males,Non-Indigenous people,All areas,Suicide deaths,five-year aggregate,Rate per 100000 people,,,Non-Indigenous people,Males,All ages,,ABS (unpublished) Causes of Death Australia,rate,,,,,,,,,19.2,
CtG14A.6,2018-2022,Mortality due to suicide,78,Males,Non-Indigenous people,All areas,Suicide deaths,five-year aggregate,Rate per 100000 people,,,Non-Indigenous people,Males,All ages,,ABS (unpublished) Causes of Death Australia,rate,,,,,,,,,19.2,
CtG14A.6,2018-2022,Mortality due to suicide,83,Males,Non-Indigenous people,All areas,Suicide deaths,five-year aggregate,Rate per 100000 people,,,Non-Indigenous people,Males,All ages,,ABS (unpublished) Causes of Death Australia,rate,,,,,,,,,19.2,
CtG14A.6,2018-2022,Mortality due to suicide,69,Males,Non-Indigenous people,All areas,Suicide deaths,five-year aggregate,Rate per 100000 people,,,Non-Indigenous people,Males,All ages,,ABS (unpublished) Causes of Death Australia,rate,,,,,,,,,19.2,
CtG14A.6,2018-2022,Mortality due to suicide,68,Females,Non-Indigenous people,All areas,Suicide deaths,five-year aggregate,Rate per 100000 people,,,Non-Indigenous people,Females,All ages,,ABS (unpublished) Causes of Death Australia,rate,,,,,,,,,5.9,
CtG14A.6,2018-2022,Mortality due to suicide,5,Females,Non-Indigenous people,All areas,Suicide deaths,five-year aggregate,Rate per 100000 people,,,Non-Indigenous people,Females,All ages,,ABS (unpublished) Causes of Death Australia,rate,,,,,,,,,5.9,
CtG14A.6,2018-2022,Mortality due to suicide,31,Females,Non-Indigenous people,All areas,Suicide deaths,five-year aggregate,Rate per 100000 people,,,Non-Indigenous people,Females,All ages,,ABS (unpublished) Causes of Death Australia,rate,,,,,,,,,5.9,
CtG14A.6,2018-2022,Mortality due to suicide,57,Females,Non-Indigenous people,All areas,Suicide deaths,five-year aggregate,Rate per 100000 people,,,Non-Indigenous people,Females,All ages,,ABS (unpublished) Causes of Death Australia,rate,,,,,,,,,5.9,
CtG14A.6,2018-2022,Mortality due to suicide,79,Females,Non-Indigenous people,All areas,Suicide deaths,five-year aggregate,Rate per 100000 people,,,Non-Indigenous people,Females,All ages,,ABS (unpublished) Causes of Death Australia,rate,,,,,,,,,5.9,
CtG14A.6,2017-2021,Mortality due to suicide,5,Males,Aboriginal and Torres Strait Islander people,All areas,Suicide deaths,five-year aggregate,Rate per 100000 people,,,Aboriginal and Torres Strait Islander people,Males,5-17 years old,,ABS (unpublished) Causes of Death Australia,rate,,,,,,,,,6.6,
CtG14A.6,2017-2021,Mortality due to suicide,5,Males,Aboriginal and Torres Strait Islander people,All areas,Suicide deaths,five-year aggregate,Rate per 100000 people,,,Aboriginal and Torres Strait Islander people,Males,5-17 years old,,ABS (unpublished) Causes of Death Australia,rate,,,,,,,,,6.6,
CtG14A.6,2017-2021,Mortality due to suicide,5,Males,Aboriginal and Torres Strait Islander people,All areas,Suicide deaths,five-year aggregate,Rate per 100000 people,,,Aboriginal and Torres Strait Islander people,Males,5-17 years old,,ABS (unpublished) Causes of Death Australia,rate,,,,,,,,,6.6,
CtG14A.6,2017-2021,Mortality due to suicide,5,Males,Aboriginal and Torres Strait Islander people,All areas,Suicide deaths,five-year aggregate,Rate per 100000 people,,,Aboriginal and Torres Strait Islander people,Males,5-17 years old,,ABS (unpublished) Causes of Death Australia,rate,,,,,,,,,6.6,
CtG14A.6,2017-2021,Mortality due to suicide,5,Males,Aboriginal and Torres Strait Islander people,All areas,Suicide deaths,five-year aggregate,Rate per 100000 people,,,Aboriginal and Torres Strait Islander people,Males,5-17 years old,,ABS (unpublished) Causes of Death Australia,rate,,,,,,,,,6.6,
CtG14A.6,2017-2021,Mortality due to suicide,5,Females,Aboriginal and Torres Strait Islander people,All areas,Suicide deaths,five-year aggregate,Rate per 100000 people,,,Aboriginal and Torres Strait Islander people,Females,5-17 years old,,ABS (unpublished) Causes of Death Australia,rate,,,,,,,,,8.2,
CtG14A.6,2017-2021,Mortality due to suicide,5,Females,Aboriginal and Torres Strait Islander people,All areas,Suicide deaths,five-year aggregate,Rate per 100000 people,,,Aboriginal and Torres Strait Islander people,Females,5-17 years old,,ABS (unpublished) Causes of Death Australia,rate,,,,,,,,,8.2,
CtG14A.6,2017-2021,Mortality due to suicide,5,Females,Aboriginal and Torres Strait Islander people,All areas,Suicide deaths,five-year aggregate,Rate per 100000 people,,,Aboriginal and Torres Strait Islander people,Females,5-17 years old,,ABS (unpublished) Causes of Death Australia,rate,,,,,,,,,8.2,
CtG14A.6,2017-2021,Mortality due to suicide,5,Females,Aboriginal and Torres Strait Islander people,All areas,Suicide deaths,five-year aggregate,Rate per 100000 people,,,Aboriginal and Torres Strait Islander people,Females,5-17 years old,,ABS (unpublished) Causes of Death Australia,rate,,,,,,,,,8.2,
CtG14A.6,2017-2021,Mortality due to suicide,5,Females,Aboriginal and Torres Strait Islander people,All areas,Suicide deaths,five-year aggregate,Rate per 100000 people,,,Aboriginal and Torres Strait Islander people,Females,5-17 years old,,ABS (unpublished) Causes of Death Australia,rate,,,,,,,,,8.2,
CtG14A.6,2017-2021,Mortality due to suicide,5,Males,Non-Indigenous people,All areas,Suicide deaths,five-year aggregate,Rate per 100000 people,,,Non-Indigenous people,Males,5-17 years old,,ABS (unpublished) Causes of Death Australia,rate,,,,,,,,,2.9,
CtG14A.6,2017-2021,Mortality due to suicide,5,Males,Non-Indigenous people,All areas,Suicide deaths,five-year aggregate,Rate per 100000 people,,,Non-Indigenous people,Males,5-17 years old,,ABS (unpublished) Causes of Death Australia,rate,,,,,,,,,2.9,
CtG14A.6,2017-2021,Mortality due to suicide,5,Males,Non-Indigenous people,All areas,Suicide deaths,five-year aggregate,Rate per 100000 people,,,Non-Indigenous people,Males,5-17 years old,,ABS (unpublished) Causes of Death Australia,rate,,,,,,,,,2.9,
CtG14A.6,2017-2021,Mortality due to suicide,5,Males,Non-Indigenous people,All areas,Suicide deaths,five-year aggregate,Rate per 100000 people,,,Non-Indigenous people,Males,5-17 years old,,ABS (unpublished) Causes of Death Australia,rate,,,,,,,,,2.9,
CtG14A.6,2017-2021,Mortality due to suicide,5,Males,Non-Indigenous people,All areas,Suicide deaths,five-year aggregate,Rate per 100000 people,,,Non-Indigenous people,Males,5-17 years old,,ABS (unpublished) Causes of Death Australia,rate,,,,,,,,,2.9,
CtG14A.6,2017-2021,Mortality due to suicide,5,Females,Non-Indigenous people,All areas,Suicide deaths,five-year aggregate,Rate per 100000 people,,,Non-Indigenous people,Females,5-17 years old,,ABS (unpublished) Causes of Death Australia,rate,,,,,,,,,1.7,
CtG14A.6,2017-2021,Mortality due to suicide,5,Females,Non-Indigenous people,All areas,Suicide deaths,five-year aggregate,Rate per 100000 people,,,Non-Indigenous people,Females,5-17 years old,,ABS (unpublished) Causes of Death Australia,rate,,,,,,,,,1.7,
CtG14A.6,2017-2021,Mortality due to suicide,5,Females,Non-Indigenous people,All areas,Suicide deaths,five-year aggregate,Rate per 100000 people,,,Non-Indigenous people,Females,5-17 years old,,ABS (unpublished) Causes of Death Australia,rate,,,,,,,,,1.7,
CtG14A.6,2017-2021,Mortality due to suicide,5,Females,Non-Indigenous people,All areas,Suicide deaths,five-year aggregate,Rate per 100000 people,,,Non-Indigenous people,Females,5-17 years old,,ABS (unpublished) Causes of Death Australia,rate,,,,,,,,,1.7,
CtG14A.6,2017-2021,Mortality due to suicide,5,Females,Non-Indigenous people,All areas,Suicide deaths,five-year aggregate,Rate per 100000 people,,,Non-Indigenous people,Females,5-17 years old,,ABS (unpublished) Causes of Death Australia,rate,,,,,,,,,1.7,
CtG14A.6,2017-2021,Mortality due to suicide,18,Males,Aboriginal and Torres Strait Islander people,All areas,Suicide deaths,five-year aggregate,Rate per 100000 people,,,Aboriginal and Torres Strait Islander people,Males,18-24 years old,,ABS (unpublished) Causes of Death Australia,rate,,,,,,,,,72.4,
CtG14A.6,2017-2021,Mortality due to suicide,18,Males,Aboriginal and Torres Strait Islander people,All areas,Suicide deaths,five-year aggregate,Rate per 100000 people,,,Aboriginal and Torres Strait Islander people,Males,18-24 years old,,ABS (unpublished) Causes of Death Australia,rate,,,,,,,,,72.4,
CtG14A.6,2017-2021,Mortality due to suicide,18,Males,Aboriginal and Torres Strait Islander people,All areas,Suicide deaths,five-year aggregate,Rate per 100000 people,,,Aboriginal and Torres Strait Islander people,Males,18-24 years old,,ABS (unpublished) Causes of Death Australia,rate,,,,,,,,,72.4,
CtG14A.6,2017-2021,Mortality due to suicide,18,Males,Aboriginal and Torres Strait Islander people,All areas,Suicide deaths,five-year aggregate,Rate per 100000 people,,,Aboriginal and Torres Strait Islander people,Males,18-24 years old,,ABS (unpublished) Causes of Death Australia,rate,,,,,,,,,72.4,
CtG14A.6,2017-2021,Mortality due to suicide,18,Males,Aboriginal and Torres Strait Islander people,All areas,Suicide deaths,five-year aggregate,Rate per 100000 people,,,Aboriginal and Torres Strait Islander people,Males,18-24 years old,,ABS (unpublished) Causes of Death Australia,rate,,,,,,,,,72.4,
CtG14A.6,2017-2021,Mortality due to suicide,18,Females,Aboriginal and Torres Strait Islander people,All areas,Suicide deaths,five-year aggregate,Rate per 100000 people,,,Aboriginal and Torres Strait Islander people,Females,18-24 years old,,ABS (unpublished) Causes of Death Australia,rate,,,,,,,,,27.6,
CtG14A.6,2017-2021,Mortality due to suicide,18,Females,Aboriginal and Torres Strait Islander people,All areas,Suicide deaths,five-year aggregate,Rate per 100000 people,,,Aboriginal and Torres Strait Islander people,Females,18-24 years old,,ABS (unpublished) Causes of Death Australia,rate,,,,,,,,,27.6,
CtG14A.6,2017-2021,Mortality due to suicide,18,Females,Aboriginal and Torres Strait Islander people,All areas,Suicide deaths,five-year aggregate,Rate per 100000 people,,,Aboriginal and Torres Strait Islander people,Females,18-24 years old,,ABS (unpublished) Causes of Death Australia,rate,,,,,,,,,27.6,
CtG14A.6,2017-2021,Mortality due to suicide,18,Females,Aboriginal and Torres Strait Islander people,All areas,Suicide deaths,five-year aggregate,Rate per 100000 people,,,Aboriginal and Torres Strait Islander people,Females,18-24 years old,,ABS (unpublished) Causes of Death Australia,rate,,,,,,,,,27.6,
CtG14A.6,2017-2021,Mortality due to suicide,18,Females,Aboriginal and Torres Strait Islander people,All areas,Suicide deaths,five-year aggregate,Rate per 100000 people,,,Aboriginal and Torres Strait Islander people,Females,18-24 years old,,ABS (unpublished) Causes of Death Australia,rate,,,,,,,,,27.6,
CtG14A.6,2017-2021,Mortality due to suicide,18,Males,Non-Indigenous people,All areas,Suicide deaths,five-year aggregate,Rate per 100000 people,,,Non-Indigenous people,Males,18-24 years old,,ABS (unpublished) Causes of Death Australia,rate,,,,,,,,,21.1,
CtG14A.6,2017-2021,Mortality due to suicide,18,Males,Non-Indigenous people,All areas,Suicide deaths,five-year aggregate,Rate per 100000 people,,,Non-Indigenous people,Males,18-24 years old,,ABS (unpublished) Causes of Death Australia,rate,,,,,,,,,21.1,
CtG14A.6,2017-2021,Mortality due to suicide,18,Males,Non-Indigenous people,All areas,Suicide deaths,five-year aggregate,Rate per 100000 people,,,Non-Indigenous people,Males,18-24 years old,,ABS (unpublished) Causes of Death Australia,rate,,,,,,,,,21.1,
CtG14A.6,2017-2021,Mortality due to suicide,18,Males,Non-Indigenous people,All areas,Suicide deaths,five-year aggregate,Rate per 100000 people,,,Non-Indigenous people,Males,18-24 years old,,ABS (unpublished) Causes of Death Australia,rate,,,,,,,,,21.1,
CtG14A.6,2017-2021,Mortality due to suicide,18,Males,Non-Indigenous people,All areas,Suicide deaths,five-year aggregate,Rate per 100000 people,,,Non-Indigenous people,Males,18-24 years old,,ABS (unpublished) Causes of Death Australia,rate,,,,,,,,,21.1,
CtG14A.6,2017-2021,Mortality due to suicide,18,Females,Non-Indigenous people,All areas,Suicide deaths,five-year aggregate,Rate per 100000 people,,,Non-Indigenous people,Females,18-24 years old,,ABS (unpublished) Causes of Death Australia,rate,,,,,,,,,6.3,
CtG14A.6,2017-2021,Mortality due to suicide,18,Females,Non-Indigenous people,All areas,Suicide deaths,five-year aggregate,Rate per 100000 people,,,Non-Indigenous people,Females,18-24 years old,,ABS (unpublished) Causes of Death Australia,rate,,,,,,,,,6.3,
CtG14A.6,2017-2021,Mortality due to suicide,18,Females,Non-Indigenous people,All areas,Suicide deaths,five-year aggregate,Rate per 100000 people,,,Non-Indigenous people,Females,18-24 years old,,ABS (unpublished) Causes of Death Australia,rate,,,,,,,,,6.3,
CtG14A.6,2017-2021,Mortality due to suicide,18,Females,Non-Indigenous people,All areas,Suicide deaths,five-year aggregate,Rate per 100000 people,,,Non-Indigenous people,Females,18-24 years old,,ABS (unpublished) Causes of Death Australia,rate,,,,,,,,,6.3,
CtG14A.6,2017-2021,Mortality due to suicide,18,Females,Non-Indigenous people,All areas,Suicide deaths,five-year aggregate,Rate per 100000 people,,,Non-Indigenous people,Females,18-24 years old,,ABS (unpublished) Causes of Death Australia,rate,,,,,,,,,6.3,
CtG14A.6,2017-2021,Mortality due to suicide,25,Males,Aboriginal and Torres Strait Islander people,All areas,Suicide deaths,five-year aggregate,Rate per 100000 people,,,Aboriginal and Torres Strait Islander people,Males,25-34 years old,,ABS (unpublished) Causes of Death Australia,rate,,,,,,,,,70.6,
CtG14A.6,2017-2021,Mortality due to suicide,25,Males,Aboriginal and Torres Strait Islander people,All areas,Suicide deaths,five-year aggregate,Rate per 100000 people,,,Aboriginal and Torres Strait Islander people,Males,25-34 years old,,ABS (unpublished) Causes of Death Australia,rate,,,,,,,,,70.6,
CtG14A.6,2017-2021,Mortality due to suicide,25,Males,Aboriginal and Torres Strait Islander people,All areas,Suicide deaths,five-year aggregate,Rate per 100000 people,,,Aboriginal and Torres Strait Islander people,Males,25-34 years old,,ABS (unpublished) Causes of Death Australia,rate,,,,,,,,,70.6,
CtG14A.6,2017-2021,Mortality due to suicide,25,Males,Aboriginal and Torres Strait Islander people,All areas,Suicide deaths,five-year aggregate,Rate per 100000 people,,,Aboriginal and Torres Strait Islander people,Males,25-34 years old,,ABS (unpublished) Causes of Death Australia,rate,,,,,,,,,70.6,
CtG14A.6,2017-2021,Mortality due to suicide,25,Males,Aboriginal and Torres Strait Islander people,All areas,Suicide deaths,five-year aggregate,Rate per 100000 people,,,Aboriginal and Torres Strait Islander people,Males,25-34 years old,,ABS (unpublished) Causes of Death Australia,rate,,,,,,,,,70.6,
CtG14A.6,2017-2021,Mortality due to suicide,25,Females,Aboriginal and Torres Strait Islander people,All areas,Suicide deaths,five-year aggregate,Rate per 100000 people,,,Aboriginal and Torres Strait Islander people,Females,25-34 years old,,ABS (unpublished) Causes of Death Australia,rate,,,,,,,,,23.9,
CtG14A.6,2017-2021,Mortality due to suicide,25,Females,Aboriginal and Torres Strait Islander people,All areas,Suicide deaths,five-year aggregate,Rate per 100000 people,,,Aboriginal and Torres Strait Islander people,Females,25-34 years old,,ABS (unpublished) Causes of Death Australia,rate,,,,,,,,,23.9,
CtG14A.6,2017-2021,Mortality due to suicide,25,Females,Aboriginal and Torres Strait Islander people,All areas,Suicide deaths,five-year aggregate,Rate per 100000 people,,,Aboriginal and Torres Strait Islander people,Females,25-34 years old,,ABS (unpublished) Causes of Death Australia,rate,,,,,,,,,23.9,
CtG14A.6,2017-2021,Mortality due to suicide,25,Females,Aboriginal and Torres Strait Islander people,All areas,Suicide deaths,five-year aggregate,Rate per 100000 people,,,Aboriginal and Torres Strait Islander people,Females,25-34 years old,,ABS (unpublished) Causes of Death Australia,rate,,,,,,,,,23.9,
CtG14A.6,2017-2021,Mortality due to suicide,25,Females,Aboriginal and Torres Strait Islander people,All areas,Suicide deaths,five-year aggregate,Rate per 100000 people,,,Aboriginal and Torres Strait Islander people,Females,25-34 years old,,ABS (unpublished) Causes of Death Australia,rate,,,,,,,,,23.9,
CtG14A.6,2017-2021,Mortality due to suicide,25,Males,Non-Indigenous people,All areas,Suicide deaths,five-year aggregate,Rate per 100000 people,,,Non-Indigenous people,Males,25-34 years old,,ABS (unpublished) Causes of Death Australia,rate,,,,,,,,,23.9,
CtG14A.6,2017-2021,Mortality due to suicide,25,Males,Non-Indigenous people,All areas,Suicide deaths,five-year aggregate,Rate per 100000 people,,,Non-Indigenous people,Males,25-34 years old,,ABS (unpublished) Causes of Death Australia,rate,,,,,,,,,23.9,
CtG14A.6,2017-2021,Mortality due to suicide,25,Males,Non-Indigenous people,All areas,Suicide deaths,five-year aggregate,Rate per 100000 people,,,Non-Indigenous people,Males,25-34 years old,,ABS (unpublished) Causes of Death Australia,rate,,,,,,,,,23.9,
CtG14A.6,2017-2021,Mortality due to suicide,25,Males,Non-Indigenous people,All areas,Suicide deaths,five-year aggregate,Rate per 100000 people,,,Non-Indigenous people,Males,25-34 years old,,ABS (unpublished) Causes of Death Australia,rate,,,,,,,,,23.9,
CtG14A.6,2017-2021,Mortality due to suicide,25,Males,Non-Indigenous people,All areas,Suicide deaths,five-year aggregate,Rate per 100000 people,,,Non-Indigenous people,Males,25-34 years old,,ABS (unpublished) Causes of Death Australia,rate,,,,,,,,,23.9,
CtG14A.6,2017-2021,Mortality due to suicide,25,Females,Non-Indigenous people,All areas,Suicide deaths,five-year aggregate,Rate per 100000 people,,,Non-Indigenous people,Females,25-34 years old,,ABS (unpublished) Causes of Death Australia,rate,,,,,,,,,6.5,
CtG14A.6,2017-2021,Mortality due to suicide,25,Females,Non-Indigenous people,All areas,Suicide deaths,five-year aggregate,Rate per 100000 people,,,Non-Indigenous people,Females,25-34 years old,,ABS (unpublished) Causes of Death Australia,rate,,,,,,,,,6.5,
CtG14A.6,2017-2021,Mortality due to suicide,25,Females,Non-Indigenous people,All areas,Suicide deaths,five-year aggregate,Rate per 100000 people,,,Non-Indigenous people,Females,25-34 years old,,ABS (unpublished) Causes of Death Australia,rate,,,,,,,,,6.5,
CtG14A.6,2017-2021,Mortality due to suicide,25,Females,Non-Indigenous people,All areas,Suicide deaths,five-year aggregate,Rate per 100000 people,,,Non-Indigenous people,Females,25-34 years old,,ABS (unpublished) Causes of Death Australia,rate,,,,,,,,,6.5,
CtG14A.6,2017-2021,Mortality due to suicide,25,Females,Non-Indigenous people,All areas,Suicide deaths,five-year aggregate,Rate per 100000 people,,,Non-Indigenous people,Females,25-34 years old,,ABS (unpublished) Causes of Death Australia,rate,,,,,,,,,6.5,
CtG14A.6,2017-2021,Mortality due to suicide,35,Males,Aboriginal and Torres Strait Islander people,All areas,Suicide deaths,five-year aggregate,Rate per 100000 people,,,Aboriginal and Torres Strait Islander people,Males,35-44 years old,,ABS (unpublished) Causes of Death Australia,rate,,,,,,,,,77.7,
CtG14A.6,2017-2021,Mortality due to suicide,35,Males,Aboriginal and Torres Strait Islander people,All areas,Suicide deaths,five-year aggregate,Rate per 100000 people,,,Aboriginal and Torres Strait Islander people,Males,35-44 years old,,ABS (unpublished) Causes of Death Australia,rate,,,,,,,,,77.7,
CtG14A.6,2017-2021,Mortality due to suicide,35,Males,Aboriginal and Torres Strait Islander people,All areas,Suicide deaths,five-year aggregate,Rate per 100000 people,,,Aboriginal and Torres Strait Islander people,Males,35-44 years old,,ABS (unpublished) Causes of Death Australia,rate,,,,,,,,,77.7,
CtG14A.6,2017-2021,Mortality due to suicide,35,Males,Aboriginal and Torres Strait Islander people,All areas,Suicide deaths,five-year aggregate,Rate per 100000 people,,,Aboriginal and Torres Strait Islander people,Males,35-44 years old,,ABS (unpublished) Causes of Death Australia,rate,,,,,,,,,77.7,
CtG14A.6,2017-2021,Mortality due to suicide,35,Males,Aboriginal and Torres Strait Islander people,All areas,Suicide deaths,five-year aggregate,Rate per 100000 people,,,Aboriginal and Torres Strait Islander people,Males,35-44 years old,,ABS (unpublished) Causes of Death Australia,rate,,,,,,,,,77.7,
CtG14A.6,2017-2021,Mortality due to suicide,35,Females,Aboriginal and Torres Strait Islander people,All areas,Suicide deaths,five-year aggregate,Rate per 100000 people,,,Aboriginal and Torres Strait Islander people,Females,35-44 years old,,ABS (unpublished) Causes of Death Australia,rate,,,,,,,,,18.5,
CtG14A.6,2017-2021,Mortality due to suicide,35,Females,Aboriginal and Torres Strait Islander people,All areas,Suicide deaths,five-year aggregate,Rate per 100000 people,,,Aboriginal and Torres Strait Islander people,Females,35-44 years old,,ABS (unpublished) Causes of Death Australia,rate,,,,,,,,,18.5,
CtG14A.6,2017-2021,Mortality due to suicide,35,Females,Aboriginal and Torres Strait Islander people,All areas,Suicide deaths,five-year aggregate,Rate per 100000 people,,,Aboriginal and Torres Strait Islander people,Females,35-44 years old,,ABS (unpublished) Causes of Death Australia,rate,,,,,,,,,18.5,
CtG14A.6,2017-2021,Mortality due to suicide,35,Females,Aboriginal and Torres Strait Islander people,All areas,Suicide deaths,five-year aggregate,Rate per 100000 people,,,Aboriginal and Torres Strait Islander people,Females,35-44 years old,,ABS (unpublished) Causes of Death Australia,rate,,,,,,,,,18.5,
CtG14A.6,2017-2021,Mortality due to suicide,35,Females,Aboriginal and Torres Strait Islander people,All areas,Suicide deaths,five-year aggregate,Rate per 100000 people,,,Aboriginal and Torres Strait Islander people,Females,35-44 years old,,ABS (unpublished) Causes of Death Australia,rate,,,,,,,,,18.5,
CtG14A.6,2017-2021,Mortality due to suicide,35,Males,Non-Indigenous people,All areas,Suicide deaths,five-year aggregate,Rate per 100000 people,,,Non-Indigenous people,Males,35-44 years old,,ABS (unpublished) Causes of Death Australia,rate,,,,,,,,,26.4,
CtG14A.6,2017-2021,Mortality due to suicide,35,Males,Non-Indigenous people,All areas,Suicide deaths,five-year aggregate,Rate per 100000 people,,,Non-Indigenous people,Males,35-44 years old,,ABS (unpublished) Causes of Death Australia,rate,,,,,,,,,26.4,
CtG14A.6,2017-2021,Mortality due to suicide,35,Males,Non-Indigenous people,All areas,Suicide deaths,five-year aggregate,Rate per 100000 people,,,Non-Indigenous people,Males,35-44 years old,,ABS (unpublished) Causes of Death Australia,rate,,,,,,,,,26.4,
CtG14A.6,2017-2021,Mortality due to suicide,35,Males,Non-Indigenous people,All areas,Suicide deaths,five-year aggregate,Rate per 100000 people,,,Non-Indigenous people,Males,35-44 years old,,ABS (unpublished) Causes of Death Australia,rate,,,,,,,,,26.4,
CtG14A.6,2017-2021,Mortality due to suicide,35,Males,Non-Indigenous people,All areas,Suicide deaths,five-year aggregate,Rate per 100000 people,,,Non-Indigenous people,Males,35-44 years old,,ABS (unpublished) Causes of Death Australia,rate,,,,,,,,,26.4,
CtG14A.6,2017-2021,Mortality due to suicide,35,Females,Non-Indigenous people,All areas,Suicide deaths,five-year aggregate,Rate per 100000 people,,,Non-Indigenous people,Females,35-44 years old,,ABS (unpublished) Causes of Death Australia,rate,,,,,,,,,8.4,
CtG14A.6,2017-2021,Mortality due to suicide,35,Females,Non-Indigenous people,All areas,Suicide deaths,five-year aggregate,Rate per 100000 people,,,Non-Indigenous people,Females,35-44 years old,,ABS (unpublished) Causes of Death Australia,rate,,,,,,,,,8.4,
CtG14A.6,2017-2021,Mortality due to suicide,35,Females,Non-Indigenous people,All areas,Suicide deaths,five-year aggregate,Rate per 100000 people,,,Non-Indigenous people,Females,35-44 years old,,ABS (unpublished) Causes of Death Australia,rate,,,,,,,,,8.4,
CtG14A.6,2017-2021,Mortality due to suicide,35,Females,Non-Indigenous people,All areas,Suicide deaths,five-year aggregate,Rate per 100000 people,,,Non-Indigenous people,Females,35-44 years old,,ABS (unpublished) Causes of Death Australia,rate,,,,,,,,,8.4,
CtG14A.6,2017-2021,Mortality due to suicide,35,Females,Non-Indigenous people,All areas,Suicide deaths,five-year aggregate,Rate per 100000 people,,,Non-Indigenous people,Females,35-44 years old,,ABS (unpublished) Causes of Death Australia,rate,,,,,,,,,8.4,
CtG14A.6,2017-2021,Mortality due to suicide,45,Males,Aboriginal and Torres Strait Islander people,All areas,Suicide deaths,five-year aggregate,Rate per 100000 people,,,Aboriginal and Torres Strait Islander people,Males,45+ years old,,ABS (unpublished) Causes of Death Australia,rate,,,,,,,,,28.5,
CtG14A.6,2017-2021,Mortality due to suicide,45,Males,Aboriginal and Torres Strait Islander people,All areas,Suicide deaths,five-year aggregate,Rate per 100000 people,,,Aboriginal and Torres Strait Islander people,Males,45+ years old,,ABS (unpublished) Causes of Death Australia,rate,,,,,,,,,28.5,
CtG14A.6,2017-2021,Mortality due to suicide,45,Males,Aboriginal and Torres Strait Islander people,All areas,Suicide deaths,five-year aggregate,Rate per 100000 people,,,Aboriginal and Torres Strait Islander people,Males,45+ years old,,ABS (unpublished) Causes of Death Australia,rate,,,,,,,,,28.5,
CtG14A.6,2017-2021,Mortality due to suicide,45,Males,Aboriginal and Torres Strait Islander people,All areas,Suicide deaths,five-year aggregate,Rate per 100000 people,,,Aboriginal and Torres Strait Islander people,Males,45+ years old,,ABS (unpublished) Causes of Death Australia,rate,,,,,,,,,28.5,
CtG14A.6,2017-2021,Mortality due to suicide,45,Males,Aboriginal and Torres Strait Islander people,All areas,Suicide deaths,five-year aggregate,Rate per 100000 people,,,Aboriginal and Torres Strait Islander people,Males,45+ years old,,ABS (unpublished) Causes of Death Australia,rate,,,,,,,,,28.5,
CtG14A.6,2017-2021,Mortality due to suicide,45,Females,Aboriginal and Torres Strait Islander people,All areas,Suicide deaths,five-year aggregate,Rate per 100000 people,,,Aboriginal and Torres Strait Islander people,Females,45+ years old,,ABS (unpublished) Causes of Death Australia,rate,,,,,,,,,9.6,
CtG14A.6,2017-2021,Mortality due to suicide,45,Females,Aboriginal and Torres Strait Islander people,All areas,Suicide deaths,five-year aggregate,Rate per 100000 people,,,Aboriginal and Torres Strait Islander people,Females,45+ years old,,ABS (unpublished) Causes of Death Australia,rate,,,,,,,,,9.6,
CtG14A.6,2017-2021,Mortality due to suicide,45,Females,Aboriginal and Torres Strait Islander people,All areas,Suicide deaths,five-year aggregate,Rate per 100000 people,,,Aboriginal and Torres Strait Islander people,Females,45+ years old,,ABS (unpublished) Causes of Death Australia,rate,,,,,,,,,9.6,
CtG14A.6,2017-2021,Mortality due to suicide,45,Females,Aboriginal and Torres Strait Islander people,All areas,Suicide deaths,five-year aggregate,Rate per 100000 people,,,Aboriginal and Torres Strait Islander people,Females,45+ years old,,ABS (unpublished) Causes of Death Australia,rate,,,,,,,,,9.6,
CtG14A.6,2017-2021,Mortality due to suicide,45,Females,Aboriginal and Torres Strait Islander people,All areas,Suicide deaths,five-year aggregate,Rate per 100000 people,,,Aboriginal and Torres Strait Islander people,Females,45+ years old,,ABS (unpublished) Causes of Death Australia,rate,,,,,,,,,9.6,
CtG14A.6,2017-2021,Mortality due to suicide,45,Males,Non-Indigenous people,All areas,Suicide deaths,five-year aggregate,Rate per 100000 people,,,Non-Indigenous people,Males,45+ years old,,ABS (unpublished) Causes of Death Australia,rate,,,,,,,,,24.7,
CtG14A.6,2017-2021,Mortality due to suicide,45,Males,Non-Indigenous people,All areas,Suicide deaths,five-year aggregate,Rate per 100000 people,,,Non-Indigenous people,Males,45+ years old,,ABS (unpublished) Causes of Death Australia,rate,,,,,,,,,24.7,
CtG14A.6,2017-2021,Mortality due to suicide,45,Males,Non-Indigenous people,All areas,Suicide deaths,five-year aggregate,Rate per 100000 people,,,Non-Indigenous people,Males,45+ years old,,ABS (unpublished) Causes of Death Australia,rate,,,,,,,,,24.7,
CtG14A.6,2017-2021,Mortality due to suicide,45,Males,Non-Indigenous people,All areas,Suicide deaths,five-year aggregate,Rate per 100000 people,,,Non-Indigenous people,Males,45+ years old,,ABS (unpublished) Causes of Death Australia,rate,,,,,,,,,24.7,
CtG14A.6,2017-2021,Mortality due to suicide,45,Males,Non-Indigenous people,All areas,Suicide deaths,five-year aggregate,Rate per 100000 people,,,Non-Indigenous people,Males,45+ years old,,ABS (unpublished) Causes of Death Australia,rate,,,,,,,,,24.7,
CtG14A.6,2017-2021,Mortality due to suicide,45,Females,Non-Indigenous people,All areas,Suicide deaths,five-year aggregate,Rate per 100000 people,,,Non-Indigenous people,Females,45+ years old,,ABS (unpublished) Causes of Death Australia,rate,,,,,,,,,7.5,
CtG14A.6,2017-2021,Mortality due to suicide,45,Females,Non-Indigenous people,All areas,Suicide deaths,five-year aggregate,Rate per 100000 people,,,Non-Indigenous people,Females,45+ years old,,ABS (unpublished) Causes of Death Australia,rate,,,,,,,,,7.5,
CtG14A.6,2017-2021,Mortality due to suicide,45,Females,Non-Indigenous people,All areas,Suicide deaths,five-year aggregate,Rate per 100000 people,,,Non-Indigenous people,Females,45+ years old,,ABS (unpublished) Causes of Death Australia,rate,,,,,,,,,7.5,
CtG14A.6,2017-2021,Mortality due to suicide,45,Females,Non-Indigenous people,All areas,Suicide deaths,five-year aggregate,Rate per 100000 people,,,Non-Indigenous people,Females,45+ years old,,ABS (unpublished) Causes of Death Australia,rate,,,,,,,,,7.5,
CtG14A.6,2017-2021,Mortality due to suicide,45,Females,Non-Indigenous people,All areas,Suicide deaths,five-year aggregate,Rate per 100000 people,,,Non-Indigenous people,Females,45+ years old,,ABS (unpublished) Causes of Death Australia,rate,,,,,,,,,7.5,
CtG14A.6,2017-2021,Mortality due to suicide,51,Males,Aboriginal and Torres Strait Islander people,All areas,Suicide deaths,five-year aggregate,Rate per 100000 people,,,Aboriginal and Torres Strait Islander people,Males,All ages,,ABS (unpublished) Causes of Death Australia,rate,,,,,,,,,36.3,
CtG14A.6,2017-2021,Mortality due to suicide,51,Males,Aboriginal and Torres Strait Islander people,All areas,Suicide deaths,five-year aggregate,Rate per 100000 people,,,Aboriginal and Torres Strait Islander people,Males,All ages,,ABS (unpublished) Causes of Death Australia,rate,,,,,,,,,36.3,
CtG14A.6,2017-2021,Mortality due to suicide,58,Males,Aboriginal and Torres Strait Islander people,All areas,Suicide deaths,five-year aggregate,Rate per 100000 people,,,Aboriginal and Torres Strait Islander people,Males,All ages,,ABS (unpublished) Causes of Death Australia,rate,,,,,,,,,36.3,
CtG14A.6,2017-2021,Mortality due to suicide,31,Males,Aboriginal and Torres Strait Islander people,All areas,Suicide deaths,five-year aggregate,Rate per 100000 people,,,Aboriginal and Torres Strait Islander people,Males,All ages,,ABS (unpublished) Causes of Death Australia,rate,,,,,,,,,36.3,
CtG14A.6,2017-2021,Mortality due to suicide,18,Males,Aboriginal and Torres Strait Islander people,All areas,Suicide deaths,five-year aggregate,Rate per 100000 people,,,Aboriginal and Torres Strait Islander people,Males,All ages,,ABS (unpublished) Causes of Death Australia,rate,,,,,,,,,36.3,
CtG14A.6,2017-2021,Mortality due to suicide,17,Females,Aboriginal and Torres Strait Islander people,All areas,Suicide deaths,five-year aggregate,Rate per 100000 people,,,Aboriginal and Torres Strait Islander people,Females,All ages,,ABS (unpublished) Causes of Death Australia,rate,,,,,,,,,13.6,
CtG14A.6,2017-2021,Mortality due to suicide,90,Females,Aboriginal and Torres Strait Islander people,All areas,Suicide deaths,five-year aggregate,Rate per 100000 people,,,Aboriginal and Torres Strait Islander people,Females,All ages,,ABS (unpublished) Causes of Death Australia,rate,,,,,,,,,13.6,
CtG14A.6,2017-2021,Mortality due to suicide,40,Females,Aboriginal and Torres Strait Islander people,All areas,Suicide deaths,five-year aggregate,Rate per 100000 people,,,Aboriginal and Torres Strait Islander people,Females,All ages,,ABS (unpublished) Causes of Death Australia,rate,,,,,,,,,13.6,
CtG14A.6,2017-2021,Mortality due to suicide,37,Females,Aboriginal and Torres Strait Islander people,All areas,Suicide deaths,five-year aggregate,Rate per 100000 people,,,Aboriginal and Torres Strait Islander people,Females,All ages,,ABS (unpublished) Causes of Death Australia,rate,,,,,,,,,13.6,
CtG14A.6,2017-2021,Mortality due to suicide,87,Females,Aboriginal and Torres Strait Islander people,All areas,Suicide deaths,five-year aggregate,Rate per 100000 people,,,Aboriginal and Torres Strait Islander people,Females,All ages,,ABS (unpublished) Causes of Death Australia,rate,,,,,,,,,13.6,
CtG14A.6,2017-2021,Mortality due to suicide,65,Males,Non-Indigenous people,All areas,Suicide deaths,five-year aggregate,Rate per 100000 people,,,Non-Indigenous people,Males,All ages,,ABS (unpublished) Causes of Death Australia,rate,,,,,,,,,19.4,
CtG14A.6,2017-2021,Mortality due to suicide,25,Males,Non-Indigenous people,All areas,Suicide deaths,five-year aggregate,Rate per 100000 people,,,Non-Indigenous people,Males,All ages,,ABS (unpublished) Causes of Death Australia,rate,,,,,,,,,19.4,
CtG14A.6,2017-2021,Mortality due to suicide,70,Males,Non-Indigenous people,All areas,Suicide deaths,five-year aggregate,Rate per 100000 people,,,Non-Indigenous people,Males,All ages,,ABS (unpublished) Causes of Death Australia,rate,,,,,,,,,19.4,
CtG14A.6,2017-2021,Mortality due to suicide,96,Males,Non-Indigenous people,All areas,Suicide deaths,five-year aggregate,Rate per 100000 people,,,Non-Indigenous people,Males,All ages,,ABS (unpublished) Causes of Death Australia,rate,,,,,,,,,19.4,
CtG14A.6,2017-2021,Mortality due to suicide,41,Males,Non-Indigenous people,All areas,Suicide deaths,five-year aggregate,Rate per 100000 people,,,Non-Indigenous people,Males,All ages,,ABS (unpublished) Causes of Death Australia,rate,,,,,,,,,19.4,
CtG14A.6,2017-2021,Mortality due to suicide,45,Females,Non-Indigenous people,All areas,Suicide deaths,five-year aggregate,Rate per 100000 people,,,Non-Indigenous people,Females,All ages,,ABS (unpublished) Causes of Death Australia,rate,,,,,,,,,6,
CtG14A.6,2017-2021,Mortality due to suicide,85,Females,Non-Indigenous people,All areas,Suicide deaths,five-year aggregate,Rate per 100000 people,,,Non-Indigenous people,Females,All ages,,ABS (unpublished) Causes of Death Australia,rate,,,,,,,,,6,
CtG14A.6,2017-2021,Mortality due to suicide,1,Females,Non-Indigenous people,All areas,Suicide deaths,five-year aggregate,Rate per 100000 people,,,Non-Indigenous people,Females,All ages,,ABS (unpublished) Causes of Death Australia,rate,,,,,,,,,6,
CtG14A.6,2017-2021,Mortality due to suicide,48,Females,Non-Indigenous people,All areas,Suicide deaths,five-year aggregate,Rate per 100000 people,,,Non-Indigenous people,Females,All ages,,ABS (unpublished) Causes of Death Australia,rate,,,,,,,,,6,
CtG14A.6,2017-2021,Mortality due to suicide,71,Females,Non-Indigenous people,All areas,Suicide deaths,five-year aggregate,Rate per 100000 people,,,Non-Indigenous people,Females,All ages,,ABS (unpublished) Causes of Death Australia,rate,,,,,,,,,6,
CtG14A.6,2016-2020,Mortality due to suicide,5,Males,Aboriginal and Torres Strait Islander people,All areas,Suicide deaths,five-year aggregate,Rate per 100000 people,,,Aboriginal and Torres Strait Islander people,Males,5-17 years old,,ABS (unpublished) Causes of Death Australia,rate,,,,,,,,,7,
CtG14A.6,2016-2020,Mortality due to suicide,5,Males,Aboriginal and Torres Strait Islander people,All areas,Suicide deaths,five-year aggregate,Rate per 100000 people,,,Aboriginal and Torres Strait Islander people,Males,5-17 years old,,ABS (unpublished) Causes of Death Australia,rate,,,,,,,,,7,
CtG14A.6,2016-2020,Mortality due to suicide,5,Males,Aboriginal and Torres Strait Islander people,All areas,Suicide deaths,five-year aggregate,Rate per 100000 people,,,Aboriginal and Torres Strait Islander people,Males,5-17 years old,,ABS (unpublished) Causes of Death Australia,rate,,,,,,,,,7,
CtG14A.6,2016-2020,Mortality due to suicide,5,Males,Aboriginal and Torres Strait Islander people,All areas,Suicide deaths,five-year aggregate,Rate per 100000 people,,,Aboriginal and Torres Strait Islander people,Males,5-17 years old,,ABS (unpublished) Causes of Death Australia,rate,,,,,,,,,7,
CtG14A.6,2016-2020,Mortality due to suicide,5,Males,Aboriginal and Torres Strait Islander people,All areas,Suicide deaths,five-year aggregate,Rate per 100000 people,,,Aboriginal and Torres Strait Islander people,Males,5-17 years old,,ABS (unpublished) Causes of Death Australia,rate,,,,,,,,,7,
CtG14A.6,2016-2020,Mortality due to suicide,5,Females,Aboriginal and Torres Strait Islander people,All areas,Suicide deaths,five-year aggregate,Rate per 100000 people,,,Aboriginal and Torres Strait Islander people,Females,5-17 years old,,ABS (unpublished) Causes of Death Australia,rate,,,,,,,,,8.4,
CtG14A.6,2016-2020,Mortality due to suicide,5,Females,Aboriginal and Torres Strait Islander people,All areas,Suicide deaths,five-year aggregate,Rate per 100000 people,,,Aboriginal and Torres Strait Islander people,Females,5-17 years old,,ABS (unpublished) Causes of Death Australia,rate,,,,,,,,,8.4,
CtG14A.6,2016-2020,Mortality due to suicide,5,Females,Aboriginal and Torres Strait Islander people,All areas,Suicide deaths,five-year aggregate,Rate per 100000 people,,,Aboriginal and Torres Strait Islander people,Females,5-17 years old,,ABS (unpublished) Causes of Death Australia,rate,,,,,,,,,8.4,
CtG14A.6,2016-2020,Mortality due to suicide,5,Females,Aboriginal and Torres Strait Islander people,All areas,Suicide deaths,five-year aggregate,Rate per 100000 people,,,Aboriginal and Torres Strait Islander people,Females,5-17 years old,,ABS (unpublished) Causes of Death Australia,rate,,,,,,,,,8.4,
CtG14A.6,2016-2020,Mortality due to suicide,5,Females,Aboriginal and Torres Strait Islander people,All areas,Suicide deaths,five-year aggregate,Rate per 100000 people,,,Aboriginal and Torres Strait Islander people,Females,5-17 years old,,ABS (unpublished) Causes of Death Australia,rate,,,,,,,,,8.4,
CtG14A.6,2016-2020,Mortality due to suicide,5,Males,Non-Indigenous people,All areas,Suicide deaths,five-year aggregate,Rate per 100000 people,,,Non-Indigenous people,Males,5-17 years old,,ABS (unpublished) Causes of Death Australia,rate,,,,,,,,,3,
CtG14A.6,2016-2020,Mortality due to suicide,5,Males,Non-Indigenous people,All areas,Suicide deaths,five-year aggregate,Rate per 100000 people,,,Non-Indigenous people,Males,5-17 years old,,ABS (unpublished) Causes of Death Australia,rate,,,,,,,,,3,
CtG14A.6,2016-2020,Mortality due to suicide,5,Males,Non-Indigenous people,All areas,Suicide deaths,five-year aggregate,Rate per 100000 people,,,Non-Indigenous people,Males,5-17 years old,,ABS (unpublished) Causes of Death Australia,rate,,,,,,,,,3,
CtG14A.6,2016-2020,Mortality due to suicide,5,Males,Non-Indigenous people,All areas,Suicide deaths,five-year aggregate,Rate per 100000 people,,,Non-Indigenous people,Males,5-17 years old,,ABS (unpublished) Causes of Death Australia,rate,,,,,,,,,3,
CtG14A.6,2016-2020,Mortality due to suicide,5,Males,Non-Indigenous people,All areas,Suicide deaths,five-year aggregate,Rate per 100000 people,,,Non-Indigenous people,Males,5-17 years old,,ABS (unpublished) Causes of Death Australia,rate,,,,,,,,,3,
CtG14A.6,2016-2020,Mortality due to suicide,5,Females,Non-Indigenous people,All areas,Suicide deaths,five-year aggregate,Rate per 100000 people,,,Non-Indigenous people,Females,5-17 years old,,ABS (unpublished) Causes of Death Australia,rate,,,,,,,,,1.5,
CtG14A.6,2016-2020,Mortality due to suicide,5,Females,Non-Indigenous people,All areas,Suicide deaths,five-year aggregate,Rate per 100000 people,,,Non-Indigenous people,Females,5-17 years old,,ABS (unpublished) Causes of Death Australia,rate,,,,,,,,,1.5,
CtG14A.6,2016-2020,Mortality due to suicide,5,Females,Non-Indigenous people,All areas,Suicide deaths,five-year aggregate,Rate per 100000 people,,,Non-Indigenous people,Females,5-17 years old,,ABS (unpublished) Causes of Death Australia,rate,,,,,,,,,1.5,
CtG14A.6,2016-2020,Mortality due to suicide,5,Females,Non-Indigenous people,All areas,Suicide deaths,five-year aggregate,Rate per 100000 people,,,Non-Indigenous people,Females,5-17 years old,,ABS (unpublished) Causes of Death Australia,rate,,,,,,,,,1.5,
CtG14A.6,2016-2020,Mortality due to suicide,5,Females,Non-Indigenous people,All areas,Suicide deaths,five-year aggregate,Rate per 100000 people,,,Non-Indigenous people,Females,5-17 years old,,ABS (unpublished) Causes of Death Australia,rate,,,,,,,,,1.5,
CtG14A.6,2016-2020,Mortality due to suicide,18,Males,Aboriginal and Torres Strait Islander people,All areas,Suicide deaths,five-year aggregate,Rate per 100000 people,,,Aboriginal and Torres Strait Islander people,Males,18-24 years old,,ABS (unpublished) Causes of Death Australia,rate,,,,,,,,,74.6,
CtG14A.6,2016-2020,Mortality due to suicide,18,Males,Aboriginal and Torres Strait Islander people,All areas,Suicide deaths,five-year aggregate,Rate per 100000 people,,,Aboriginal and Torres Strait Islander people,Males,18-24 years old,,ABS (unpublished) Causes of Death Australia,rate,,,,,,,,,74.6,
CtG14A.6,2016-2020,Mortality due to suicide,18,Males,Aboriginal and Torres Strait Islander people,All areas,Suicide deaths,five-year aggregate,Rate per 100000 people,,,Aboriginal and Torres Strait Islander people,Males,18-24 years old,,ABS (unpublished) Causes of Death Australia,rate,,,,,,,,,74.6,
CtG14A.6,2016-2020,Mortality due to suicide,18,Males,Aboriginal and Torres Strait Islander people,All areas,Suicide deaths,five-year aggregate,Rate per 100000 people,,,Aboriginal and Torres Strait Islander people,Males,18-24 years old,,ABS (unpublished) Causes of Death Australia,rate,,,,,,,,,74.6,
CtG14A.6,2016-2020,Mortality due to suicide,18,Males,Aboriginal and Torres Strait Islander people,All areas,Suicide deaths,five-year aggregate,Rate per 100000 people,,,Aboriginal and Torres Strait Islander people,Males,18-24 years old,,ABS (unpublished) Causes of Death Australia,rate,,,,,,,,,74.6,
CtG14A.6,2016-2020,Mortality due to suicide,18,Females,Aboriginal and Torres Strait Islander people,All areas,Suicide deaths,five-year aggregate,Rate per 100000 people,,,Aboriginal and Torres Strait Islander people,Females,18-24 years old,,ABS (unpublished) Causes of Death Australia,rate,,,,,,,,,27.4,
CtG14A.6,2016-2020,Mortality due to suicide,18,Females,Aboriginal and Torres Strait Islander people,All areas,Suicide deaths,five-year aggregate,Rate per 100000 people,,,Aboriginal and Torres Strait Islander people,Females,18-24 years old,,ABS (unpublished) Causes of Death Australia,rate,,,,,,,,,27.4,
CtG14A.6,2016-2020,Mortality due to suicide,18,Females,Aboriginal and Torres Strait Islander people,All areas,Suicide deaths,five-year aggregate,Rate per 100000 people,,,Aboriginal and Torres Strait Islander people,Females,18-24 years old,,ABS (unpublished) Causes of Death Australia,rate,,,,,,,,,27.4,
CtG14A.6,2016-2020,Mortality due to suicide,18,Females,Aboriginal and Torres Strait Islander people,All areas,Suicide deaths,five-year aggregate,Rate per 100000 people,,,Aboriginal and Torres Strait Islander people,Females,18-24 years old,,ABS (unpublished) Causes of Death Australia,rate,,,,,,,,,27.4,
CtG14A.6,2016-2020,Mortality due to suicide,18,Females,Aboriginal and Torres Strait Islander people,All areas,Suicide deaths,five-year aggregate,Rate per 100000 people,,,Aboriginal and Torres Strait Islander people,Females,18-24 years old,,ABS (unpublished) Causes of Death Australia,rate,,,,,,,,,27.4,
CtG14A.6,2016-2020,Mortality due to suicide,18,Males,Non-Indigenous people,All areas,Suicide deaths,five-year aggregate,Rate per 100000 people,,,Non-Indigenous people,Males,18-24 years old,,ABS (unpublished) Causes of Death Australia,rate,,,,,,,,,21.4,
CtG14A.6,2016-2020,Mortality due to suicide,18,Males,Non-Indigenous people,All areas,Suicide deaths,five-year aggregate,Rate per 100000 people,,,Non-Indigenous people,Males,18-24 years old,,ABS (unpublished) Causes of Death Australia,rate,,,,,,,,,21.4,
CtG14A.6,2016-2020,Mortality due to suicide,18,Males,Non-Indigenous people,All areas,Suicide deaths,five-year aggregate,Rate per 100000 people,,,Non-Indigenous people,Males,18-24 years old,,ABS (unpublished) Causes of Death Australia,rate,,,,,,,,,21.4,
CtG14A.6,2016-2020,Mortality due to suicide,18,Males,Non-Indigenous people,All areas,Suicide deaths,five-year aggregate,Rate per 100000 people,,,Non-Indigenous people,Males,18-24 years old,,ABS (unpublished) Causes of Death Australia,rate,,,,,,,,,21.4,
CtG14A.6,2016-2020,Mortality due to suicide,18,Males,Non-Indigenous people,All areas,Suicide deaths,five-year aggregate,Rate per 100000 people,,,Non-Indigenous people,Males,18-24 years old,,ABS (unpublished) Causes of Death Australia,rate,,,,,,,,,21.4,
CtG14A.6,2016-2020,Mortality due to suicide,18,Females,Non-Indigenous people,All areas,Suicide deaths,five-year aggregate,Rate per 100000 people,,,Non-Indigenous people,Females,18-24 years old,,ABS (unpublished) Causes of Death Australia,rate,,,,,,,,,6.3,
CtG14A.6,2016-2020,Mortality due to suicide,18,Females,Non-Indigenous people,All areas,Suicide deaths,five-year aggregate,Rate per 100000 people,,,Non-Indigenous people,Females,18-24 years old,,ABS (unpublished) Causes of Death Australia,rate,,,,,,,,,6.3,
CtG14A.6,2016-2020,Mortality due to suicide,18,Females,Non-Indigenous people,All areas,Suicide deaths,five-year aggregate,Rate per 100000 people,,,Non-Indigenous people,Females,18-24 years old,,ABS (unpublished) Causes of Death Australia,rate,,,,,,,,,6.3,
CtG14A.6,2016-2020,Mortality due to suicide,18,Females,Non-Indigenous people,All areas,Suicide deaths,five-year aggregate,Rate per 100000 people,,,Non-Indigenous people,Females,18-24 years old,,ABS (unpublished) Causes of Death Australia,rate,,,,,,,,,6.3,
CtG14A.6,2016-2020,Mortality due to suicide,18,Females,Non-Indigenous people,All areas,Suicide deaths,five-year aggregate,Rate per 100000 people,,,Non-Indigenous people,Females,18-24 years old,,ABS (unpublished) Causes of Death Australia,rate,,,,,,,,,6.3,
CtG14A.6,2016-2020,Mortality due to suicide,25,Males,Aboriginal and Torres Strait Islander people,All areas,Suicide deaths,five-year aggregate,Rate per 100000 people,,,Aboriginal and Torres Strait Islander people,Males,25-34 years old,,ABS (unpublished) Causes of Death Australia,rate,,,,,,,,,70.6,
CtG14A.6,2016-2020,Mortality due to suicide,25,Males,Aboriginal and Torres Strait Islander people,All areas,Suicide deaths,five-year aggregate,Rate per 100000 people,,,Aboriginal and Torres Strait Islander people,Males,25-34 years old,,ABS (unpublished) Causes of Death Australia,rate,,,,,,,,,70.6,
CtG14A.6,2016-2020,Mortality due to suicide,25,Males,Aboriginal and Torres Strait Islander people,All areas,Suicide deaths,five-year aggregate,Rate per 100000 people,,,Aboriginal and Torres Strait Islander people,Males,25-34 years old,,ABS (unpublished) Causes of Death Australia,rate,,,,,,,,,70.6,
CtG14A.6,2016-2020,Mortality due to suicide,25,Males,Aboriginal and Torres Strait Islander people,All areas,Suicide deaths,five-year aggregate,Rate per 100000 people,,,Aboriginal and Torres Strait Islander people,Males,25-34 years old,,ABS (unpublished) Causes of Death Australia,rate,,,,,,,,,70.6,
CtG14A.6,2016-2020,Mortality due to suicide,25,Males,Aboriginal and Torres Strait Islander people,All areas,Suicide deaths,five-year aggregate,Rate per 100000 people,,,Aboriginal and Torres Strait Islander people,Males,25-34 years old,,ABS (unpublished) Causes of Death Australia,rate,,,,,,,,,70.6,
CtG14A.6,2016-2020,Mortality due to suicide,25,Females,Aboriginal and Torres Strait Islander people,All areas,Suicide deaths,five-year aggregate,Rate per 100000 people,,,Aboriginal and Torres Strait Islander people,Females,25-34 years old,,ABS (unpublished) Causes of Death Australia,rate,,,,,,,,,21.7,
CtG14A.6,2016-2020,Mortality due to suicide,25,Females,Aboriginal and Torres Strait Islander people,All areas,Suicide deaths,five-year aggregate,Rate per 100000 people,,,Aboriginal and Torres Strait Islander people,Females,25-34 years old,,ABS (unpublished) Causes of Death Australia,rate,,,,,,,,,21.7,
CtG14A.6,2016-2020,Mortality due to suicide,25,Females,Aboriginal and Torres Strait Islander people,All areas,Suicide deaths,five-year aggregate,Rate per 100000 people,,,Aboriginal and Torres Strait Islander people,Females,25-34 years old,,ABS (unpublished) Causes of Death Australia,rate,,,,,,,,,21.7,
CtG14A.6,2016-2020,Mortality due to suicide,25,Females,Aboriginal and Torres Strait Islander people,All areas,Suicide deaths,five-year aggregate,Rate per 100000 people,,,Aboriginal and Torres Strait Islander people,Females,25-34 years old,,ABS (unpublished) Causes of Death Australia,rate,,,,,,,,,21.7,
CtG14A.6,2016-2020,Mortality due to suicide,25,Females,Aboriginal and Torres Strait Islander people,All areas,Suicide deaths,five-year aggregate,Rate per 100000 people,,,Aboriginal and Torres Strait Islander people,Females,25-34 years old,,ABS (unpublished) Causes of Death Australia,rate,,,,,,,,,21.7,
CtG14A.6,2016-2020,Mortality due to suicide,25,Males,Non-Indigenous people,All areas,Suicide deaths,five-year aggregate,Rate per 100000 people,,,Non-Indigenous people,Males,25-34 years old,,ABS (unpublished) Causes of Death Australia,rate,,,,,,,,,24,
CtG14A.6,2016-2020,Mortality due to suicide,25,Males,Non-Indigenous people,All areas,Suicide deaths,five-year aggregate,Rate per 100000 people,,,Non-Indigenous people,Males,25-34 years old,,ABS (unpublished) Causes of Death Australia,rate,,,,,,,,,24,
CtG14A.6,2016-2020,Mortality due to suicide,25,Males,Non-Indigenous people,All areas,Suicide deaths,five-year aggregate,Rate per 100000 people,,,Non-Indigenous people,Males,25-34 years old,,ABS (unpublished) Causes of Death Australia,rate,,,,,,,,,24,
CtG14A.6,2016-2020,Mortality due to suicide,25,Males,Non-Indigenous people,All areas,Suicide deaths,five-year aggregate,Rate per 100000 people,,,Non-Indigenous people,Males,25-34 years old,,ABS (unpublished) Causes of Death Australia,rate,,,,,,,,,24,
CtG14A.6,2016-2020,Mortality due to suicide,25,Males,Non-Indigenous people,All areas,Suicide deaths,five-year aggregate,Rate per 100000 people,,,Non-Indigenous people,Males,25-34 years old,,ABS (unpublished) Causes of Death Australia,rate,,,,,,,,,24,
CtG14A.6,2016-2020,Mortality due to suicide,25,Females,Non-Indigenous people,All areas,Suicide deaths,five-year aggregate,Rate per 100000 people,,,Non-Indigenous people,Females,25-34 years old,,ABS (unpublished) Causes of Death Australia,rate,,,,,,,,,6.9,
CtG14A.6,2016-2020,Mortality due to suicide,25,Females,Non-Indigenous people,All areas,Suicide deaths,five-year aggregate,Rate per 100000 people,,,Non-Indigenous people,Females,25-34 years old,,ABS (unpublished) Causes of Death Australia,rate,,,,,,,,,6.9,
CtG14A.6,2016-2020,Mortality due to suicide,25,Females,Non-Indigenous people,All areas,Suicide deaths,five-year aggregate,Rate per 100000 people,,,Non-Indigenous people,Females,25-34 years old,,ABS (unpublished) Causes of Death Australia,rate,,,,,,,,,6.9,
CtG14A.6,2016-2020,Mortality due to suicide,25,Females,Non-Indigenous people,All areas,Suicide deaths,five-year aggregate,Rate per 100000 people,,,Non-Indigenous people,Females,25-34 years old,,ABS (unpublished) Causes of Death Australia,rate,,,,,,,,,6.9,
CtG14A.6,2016-2020,Mortality due to suicide,25,Females,Non-Indigenous people,All areas,Suicide deaths,five-year aggregate,Rate per 100000 people,,,Non-Indigenous people,Females,25-34 years old,,ABS (unpublished) Causes of Death Australia,rate,,,,,,,,,6.9,
CtG14A.6,2016-2020,Mortality due to suicide,35,Males,Aboriginal and Torres Strait Islander people,All areas,Suicide deaths,five-year aggregate,Rate per 100000 people,,,Aboriginal and Torres Strait Islander people,Males,35-44 years old,,ABS (unpublished) Causes of Death Australia,rate,,,,,,,,,75.1,
CtG14A.6,2016-2020,Mortality due to suicide,35,Males,Aboriginal and Torres Strait Islander people,All areas,Suicide deaths,five-year aggregate,Rate per 100000 people,,,Aboriginal and Torres Strait Islander people,Males,35-44 years old,,ABS (unpublished) Causes of Death Australia,rate,,,,,,,,,75.1,
CtG14A.6,2016-2020,Mortality due to suicide,35,Males,Aboriginal and Torres Strait Islander people,All areas,Suicide deaths,five-year aggregate,Rate per 100000 people,,,Aboriginal and Torres Strait Islander people,Males,35-44 years old,,ABS (unpublished) Causes of Death Australia,rate,,,,,,,,,75.1,
CtG14A.6,2016-2020,Mortality due to suicide,35,Males,Aboriginal and Torres Strait Islander people,All areas,Suicide deaths,five-year aggregate,Rate per 100000 people,,,Aboriginal and Torres Strait Islander people,Males,35-44 years old,,ABS (unpublished) Causes of Death Australia,rate,,,,,,,,,75.1,
CtG14A.6,2016-2020,Mortality due to suicide,35,Males,Aboriginal and Torres Strait Islander people,All areas,Suicide deaths,five-year aggregate,Rate per 100000 people,,,Aboriginal and Torres Strait Islander people,Males,35-44 years old,,ABS (unpublished) Causes of Death Australia,rate,,,,,,,,,75.1,
CtG14A.6,2016-2020,Mortality due to suicide,35,Females,Aboriginal and Torres Strait Islander people,All areas,Suicide deaths,five-year aggregate,Rate per 100000 people,,,Aboriginal and Torres Strait Islander people,Females,35-44 years old,,ABS (unpublished) Causes of Death Australia,rate,,,,,,,,,15.7,
CtG14A.6,2016-2020,Mortality due to suicide,35,Females,Aboriginal and Torres Strait Islander people,All areas,Suicide deaths,five-year aggregate,Rate per 100000 people,,,Aboriginal and Torres Strait Islander people,Females,35-44 years old,,ABS (unpublished) Causes of Death Australia,rate,,,,,,,,,15.7,
CtG14A.6,2016-2020,Mortality due to suicide,35,Females,Aboriginal and Torres Strait Islander people,All areas,Suicide deaths,five-year aggregate,Rate per 100000 people,,,Aboriginal and Torres Strait Islander people,Females,35-44 years old,,ABS (unpublished) Causes of Death Australia,rate,,,,,,,,,15.7,
CtG14A.6,2016-2020,Mortality due to suicide,35,Females,Aboriginal and Torres Strait Islander people,All areas,Suicide deaths,five-year aggregate,Rate per 100000 people,,,Aboriginal and Torres Strait Islander people,Females,35-44 years old,,ABS (unpublished) Causes of Death Australia,rate,,,,,,,,,15.7,
CtG14A.6,2016-2020,Mortality due to suicide,35,Females,Aboriginal and Torres Strait Islander people,All areas,Suicide deaths,five-year aggregate,Rate per 100000 people,,,Aboriginal and Torres Strait Islander people,Females,35-44 years old,,ABS (unpublished) Causes of Death Australia,rate,,,,,,,,,15.7,
CtG14A.6,2016-2020,Mortality due to suicide,35,Males,Non-Indigenous people,All areas,Suicide deaths,five-year aggregate,Rate per 100000 people,,,Non-Indigenous people,Males,35-44 years old,,ABS (unpublished) Causes of Death Australia,rate,,,,,,,,,27.2,
CtG14A.6,2016-2020,Mortality due to suicide,35,Males,Non-Indigenous people,All areas,Suicide deaths,five-year aggregate,Rate per 100000 people,,,Non-Indigenous people,Males,35-44 years old,,ABS (unpublished) Causes of Death Australia,rate,,,,,,,,,27.2,
CtG14A.6,2016-2020,Mortality due to suicide,35,Males,Non-Indigenous people,All areas,Suicide deaths,five-year aggregate,Rate per 100000 people,,,Non-Indigenous people,Males,35-44 years old,,ABS (unpublished) Causes of Death Australia,rate,,,,,,,,,27.2,
CtG14A.6,2016-2020,Mortality due to suicide,35,Males,Non-Indigenous people,All areas,Suicide deaths,five-year aggregate,Rate per 100000 people,,,Non-Indigenous people,Males,35-44 years old,,ABS (unpublished) Causes of Death Australia,rate,,,,,,,,,27.2,
CtG14A.6,2016-2020,Mortality due to suicide,35,Males,Non-Indigenous people,All areas,Suicide deaths,five-year aggregate,Rate per 100000 people,,,Non-Indigenous people,Males,35-44 years old,,ABS (unpublished) Causes of Death Australia,rate,,,,,,,,,27.2,
CtG14A.6,2016-2020,Mortality due to suicide,35,Females,Non-Indigenous people,All areas,Suicide deaths,five-year aggregate,Rate per 100000 people,,,Non-Indigenous people,Females,35-44 years old,,ABS (unpublished) Causes of Death Australia,rate,,,,,,,,,8.1,
CtG14A.6,2016-2020,Mortality due to suicide,35,Females,Non-Indigenous people,All areas,Suicide deaths,five-year aggregate,Rate per 100000 people,,,Non-Indigenous people,Females,35-44 years old,,ABS (unpublished) Causes of Death Australia,rate,,,,,,,,,8.1,
CtG14A.6,2016-2020,Mortality due to suicide,35,Females,Non-Indigenous people,All areas,Suicide deaths,five-year aggregate,Rate per 100000 people,,,Non-Indigenous people,Females,35-44 years old,,ABS (unpublished) Causes of Death Australia,rate,,,,,,,,,8.1,
CtG14A.6,2016-2020,Mortality due to suicide,35,Females,Non-Indigenous people,All areas,Suicide deaths,five-year aggregate,Rate per 100000 people,,,Non-Indigenous people,Females,35-44 years old,,ABS (unpublished) Causes of Death Australia,rate,,,,,,,,,8.1,
CtG14A.6,2016-2020,Mortality due to suicide,35,Females,Non-Indigenous people,All areas,Suicide deaths,five-year aggregate,Rate per 100000 people,,,Non-Indigenous people,Females,35-44 years old,,ABS (unpublished) Causes of Death Australia,rate,,,,,,,,,8.1,
CtG14A.6,2016-2020,Mortality due to suicide,45,Males,Aboriginal and Torres Strait Islander people,All areas,Suicide deaths,five-year aggregate,Rate per 100000 people,,,Aboriginal and Torres Strait Islander people,Males,45+ years old,,ABS (unpublished) Causes of Death Australia,rate,,,,,,,,,27.6,
CtG14A.6,2016-2020,Mortality due to suicide,45,Males,Aboriginal and Torres Strait Islander people,All areas,Suicide deaths,five-year aggregate,Rate per 100000 people,,,Aboriginal and Torres Strait Islander people,Males,45+ years old,,ABS (unpublished) Causes of Death Australia,rate,,,,,,,,,27.6,
CtG14A.6,2016-2020,Mortality due to suicide,45,Males,Aboriginal and Torres Strait Islander people,All areas,Suicide deaths,five-year aggregate,Rate per 100000 people,,,Aboriginal and Torres Strait Islander people,Males,45+ years old,,ABS (unpublished) Causes of Death Australia,rate,,,,,,,,,27.6,
CtG14A.6,2016-2020,Mortality due to suicide,45,Males,Aboriginal and Torres Strait Islander people,All areas,Suicide deaths,five-year aggregate,Rate per 100000 people,,,Aboriginal and Torres Strait Islander people,Males,45+ years old,,ABS (unpublished) Causes of Death Australia,rate,,,,,,,,,27.6,
CtG14A.6,2016-2020,Mortality due to suicide,45,Males,Aboriginal and Torres Strait Islander people,All areas,Suicide deaths,five-year aggregate,Rate per 100000 people,,,Aboriginal and Torres Strait Islander people,Males,45+ years old,,ABS (unpublished) Causes of Death Australia,rate,,,,,,,,,27.6,
CtG14A.6,2016-2020,Mortality due to suicide,45,Females,Aboriginal and Torres Strait Islander people,All areas,Suicide deaths,five-year aggregate,Rate per 100000 people,,,Aboriginal and Torres Strait Islander people,Females,45+ years old,,ABS (unpublished) Causes of Death Australia,rate,,,,,,,,,9,
CtG14A.6,2016-2020,Mortality due to suicide,45,Females,Aboriginal and Torres Strait Islander people,All areas,Suicide deaths,five-year aggregate,Rate per 100000 people,,,Aboriginal and Torres Strait Islander people,Females,45+ years old,,ABS (unpublished) Causes of Death Australia,rate,,,,,,,,,9,
CtG14A.6,2016-2020,Mortality due to suicide,45,Females,Aboriginal and Torres Strait Islander people,All areas,Suicide deaths,five-year aggregate,Rate per 100000 people,,,Aboriginal and Torres Strait Islander people,Females,45+ years old,,ABS (unpublished) Causes of Death Australia,rate,,,,,,,,,9,
CtG14A.6,2016-2020,Mortality due to suicide,45,Females,Aboriginal and Torres Strait Islander people,All areas,Suicide deaths,five-year aggregate,Rate per 100000 people,,,Aboriginal and Torres Strait Islander people,Females,45+ years old,,ABS (unpublished) Causes of Death Australia,rate,,,,,,,,,9,
CtG14A.6,2016-2020,Mortality due to suicide,45,Females,Aboriginal and Torres Strait Islander people,All areas,Suicide deaths,five-year aggregate,Rate per 100000 people,,,Aboriginal and Torres Strait Islander people,Females,45+ years old,,ABS (unpublished) Causes of Death Australia,rate,,,,,,,,,9,
CtG14A.6,2016-2020,Mortality due to suicide,45,Males,Non-Indigenous people,All areas,Suicide deaths,five-year aggregate,Rate per 100000 people,,,Non-Indigenous people,Males,45+ years old,,ABS (unpublished) Causes of Death Australia,rate,,,,,,,,,24.3,
CtG14A.6,2016-2020,Mortality due to suicide,45,Males,Non-Indigenous people,All areas,Suicide deaths,five-year aggregate,Rate per 100000 people,,,Non-Indigenous people,Males,45+ years old,,ABS (unpublished) Causes of Death Australia,rate,,,,,,,,,24.3,
CtG14A.6,2016-2020,Mortality due to suicide,45,Males,Non-Indigenous people,All areas,Suicide deaths,five-year aggregate,Rate per 100000 people,,,Non-Indigenous people,Males,45+ years old,,ABS (unpublished) Causes of Death Australia,rate,,,,,,,,,24.3,
CtG14A.6,2016-2020,Mortality due to suicide,45,Males,Non-Indigenous people,All areas,Suicide deaths,five-year aggregate,Rate per 100000 people,,,Non-Indigenous people,Males,45+ years old,,ABS (unpublished) Causes of Death Australia,rate,,,,,,,,,24.3,
CtG14A.6,2016-2020,Mortality due to suicide,45,Males,Non-Indigenous people,All areas,Suicide deaths,five-year aggregate,Rate per 100000 people,,,Non-Indigenous people,Males,45+ years old,,ABS (unpublished) Causes of Death Australia,rate,,,,,,,,,24.3,
CtG14A.6,2016-2020,Mortality due to suicide,45,Females,Non-Indigenous people,All areas,Suicide deaths,five-year aggregate,Rate per 100000 people,,,Non-Indigenous people,Females,45+ years old,,ABS (unpublished) Causes of Death Australia,rate,,,,,,,,,7.4,
CtG14A.6,2016-2020,Mortality due to suicide,45,Females,Non-Indigenous people,All areas,Suicide deaths,five-year aggregate,Rate per 100000 people,,,Non-Indigenous people,Females,45+ years old,,ABS (unpublished) Causes of Death Australia,rate,,,,,,,,,7.4,
CtG14A.6,2016-2020,Mortality due to suicide,45,Females,Non-Indigenous people,All areas,Suicide deaths,five-year aggregate,Rate per 100000 people,,,Non-Indigenous people,Females,45+ years old,,ABS (unpublished) Causes of Death Australia,rate,,,,,,,,,7.4,
CtG14A.6,2016-2020,Mortality due to suicide,45,Females,Non-Indigenous people,All areas,Suicide deaths,five-year aggregate,Rate per 100000 people,,,Non-Indigenous people,Females,45+ years old,,ABS (unpublished) Causes of Death Australia,rate,,,,,,,,,7.4,
CtG14A.6,2016-2020,Mortality due to suicide,45,Females,Non-Indigenous people,All areas,Suicide deaths,five-year aggregate,Rate per 100000 people,,,Non-Indigenous people,Females,45+ years old,,ABS (unpublished) Causes of Death Australia,rate,,,,,,,,,7.4,
CtG14A.6,2016-2020,Mortality due to suicide,96,Males,Aboriginal and Torres Strait Islander people,All areas,Suicide deaths,five-year aggregate,Rate per 100000 people,,,Aboriginal and Torres Strait Islander people,Males,All ages,,ABS (unpublished) Causes of Death Australia,rate,,,,,,,,,36.1,
CtG14A.6,2016-2020,Mortality due to suicide,90,Males,Aboriginal and Torres Strait Islander people,All areas,Suicide deaths,five-year aggregate,Rate per 100000 people,,,Aboriginal and Torres Strait Islander people,Males,All ages,,ABS (unpublished) Causes of Death Australia,rate,,,,,,,,,36.1,
CtG14A.6,2016-2020,Mortality due to suicide,73,Males,Aboriginal and Torres Strait Islander people,All areas,Suicide deaths,five-year aggregate,Rate per 100000 people,,,Aboriginal and Torres Strait Islander people,Males,All ages,,ABS (unpublished) Causes of Death Australia,rate,,,,,,,,,36.1,
CtG14A.6,2016-2020,Mortality due to suicide,60,Males,Aboriginal and Torres Strait Islander people,All areas,Suicide deaths,five-year aggregate,Rate per 100000 people,,,Aboriginal and Torres Strait Islander people,Males,All ages,,ABS (unpublished) Causes of Death Australia,rate,,,,,,,,,36.1,
CtG14A.6,2016-2020,Mortality due to suicide,13,Males,Aboriginal and Torres Strait Islander people,All areas,Suicide deaths,five-year aggregate,Rate per 100000 people,,,Aboriginal and Torres Strait Islander people,Males,All ages,,ABS (unpublished) Causes of Death Australia,rate,,,,,,,,,36.1,
CtG14A.6,2016-2020,Mortality due to suicide,95,Females,Aboriginal and Torres Strait Islander people,All areas,Suicide deaths,five-year aggregate,Rate per 100000 people,,,Aboriginal and Torres Strait Islander people,Females,All ages,,ABS (unpublished) Causes of Death Australia,rate,,,,,,,,,12.8,
CtG14A.6,2016-2020,Mortality due to suicide,62,Females,Aboriginal and Torres Strait Islander people,All areas,Suicide deaths,five-year aggregate,Rate per 100000 people,,,Aboriginal and Torres Strait Islander people,Females,All ages,,ABS (unpublished) Causes of Death Australia,rate,,,,,,,,,12.8,
CtG14A.6,2016-2020,Mortality due to suicide,43,Females,Aboriginal and Torres Strait Islander people,All areas,Suicide deaths,five-year aggregate,Rate per 100000 people,,,Aboriginal and Torres Strait Islander people,Females,All ages,,ABS (unpublished) Causes of Death Australia,rate,,,,,,,,,12.8,
CtG14A.6,2016-2020,Mortality due to suicide,56,Females,Aboriginal and Torres Strait Islander people,All areas,Suicide deaths,five-year aggregate,Rate per 100000 people,,,Aboriginal and Torres Strait Islander people,Females,All ages,,ABS (unpublished) Causes of Death Australia,rate,,,,,,,,,12.8,
CtG14A.6,2016-2020,Mortality due to suicide,49,Females,Aboriginal and Torres Strait Islander people,All areas,Suicide deaths,five-year aggregate,Rate per 100000 people,,,Aboriginal and Torres Strait Islander people,Females,All ages,,ABS (unpublished) Causes of Death Australia,rate,,,,,,,,,12.8,
CtG14A.6,2016-2020,Mortality due to suicide,97,Males,Non-Indigenous people,All areas,Suicide deaths,five-year aggregate,Rate per 100000 people,,,Non-Indigenous people,Males,All ages,,ABS (unpublished) Causes of Death Australia,rate,,,,,,,,,19.4,
CtG14A.6,2016-2020,Mortality due to suicide,69,Males,Non-Indigenous people,All areas,Suicide deaths,five-year aggregate,Rate per 100000 people,,,Non-Indigenous people,Males,All ages,,ABS (unpublished) Causes of Death Australia,rate,,,,,,,,,19.4,
CtG14A.6,2016-2020,Mortality due to suicide,14,Males,Non-Indigenous people,All areas,Suicide deaths,five-year aggregate,Rate per 100000 people,,,Non-Indigenous people,Males,All ages,,ABS (unpublished) Causes of Death Australia,rate,,,,,,,,,19.4,
CtG14A.6,2016-2020,Mortality due to suicide,55,Males,Non-Indigenous people,All areas,Suicide deaths,five-year aggregate,Rate per 100000 people,,,Non-Indigenous people,Males,All ages,,ABS (unpublished) Causes of Death Australia,rate,,,,,,,,,19.4,
CtG14A.6,2016-2020,Mortality due to suicide,26,Males,Non-Indigenous people,All areas,Suicide deaths,five-year aggregate,Rate per 100000 people,,,Non-Indigenous people,Males,All ages,,ABS (unpublished) Causes of Death Australia,rate,,,,,,,,,19.4,
CtG14A.6,2016-2020,Mortality due to suicide,55,Females,Non-Indigenous people,All areas,Suicide deaths,five-year aggregate,Rate per 100000 people,,,Non-Indigenous people,Females,All ages,,ABS (unpublished) Causes of Death Australia,rate,,,,,,,,,6,
CtG14A.6,2016-2020,Mortality due to suicide,5,Females,Non-Indigenous people,All areas,Suicide deaths,five-year aggregate,Rate per 100000 people,,,Non-Indigenous people,Females,All ages,,ABS (unpublished) Causes of Death Australia,rate,,,,,,,,,6,
CtG14A.6,2016-2020,Mortality due to suicide,55,Females,Non-Indigenous people,All areas,Suicide deaths,five-year aggregate,Rate per 100000 people,,,Non-Indigenous people,Females,All ages,,ABS (unpublished) Causes of Death Australia,rate,,,,,,,,,6,
CtG14A.6,2016-2020,Mortality due to suicide,52,Females,Non-Indigenous people,All areas,Suicide deaths,five-year aggregate,Rate per 100000 people,,,Non-Indigenous people,Females,All ages,,ABS (unpublished) Causes of Death Australia,rate,,,,,,,,,6,
CtG14A.6,2016-2020,Mortality due to suicide,50,Females,Non-Indigenous people,All areas,Suicide deaths,five-year aggregate,Rate per 100000 people,,,Non-Indigenous people,Females,All ages,,ABS (unpublished) Causes of Death Australia,rate,,,,,,,,,6,
CtG14A.6,2015-2019,Mortality due to suicide,5,Males,Aboriginal and Torres Strait Islander people,All areas,Suicide deaths,five-year aggregate,Rate per 100000 people,,,Aboriginal and Torres Strait Islander people,Males,5-17 years old,,ABS (unpublished) Causes of Death Australia,rate,,,,,,,,,7.8,
CtG14A.6,2015-2019,Mortality due to suicide,5,Males,Aboriginal and Torres Strait Islander people,All areas,Suicide deaths,five-year aggregate,Rate per 100000 people,,,Aboriginal and Torres Strait Islander people,Males,5-17 years old,,ABS (unpublished) Causes of Death Australia,rate,,,,,,,,,7.8,
CtG14A.6,2015-2019,Mortality due to suicide,5,Males,Aboriginal and Torres Strait Islander people,All areas,Suicide deaths,five-year aggregate,Rate per 100000 people,,,Aboriginal and Torres Strait Islander people,Males,5-17 years old,,ABS (unpublished) Causes of Death Australia,rate,,,,,,,,,7.8,
CtG14A.6,2015-2019,Mortality due to suicide,5,Males,Aboriginal and Torres Strait Islander people,All areas,Suicide deaths,five-year aggregate,Rate per 100000 people,,,Aboriginal and Torres Strait Islander people,Males,5-17 years old,,ABS (unpublished) Causes of Death Australia,rate,,,,,,,,,7.8,
CtG14A.6,2015-2019,Mortality due to suicide,5,Males,Aboriginal and Torres Strait Islander people,All areas,Suicide deaths,five-year aggregate,Rate per 100000 people,,,Aboriginal and Torres Strait Islander people,Males,5-17 years old,,ABS (unpublished) Causes of Death Australia,rate,,,,,,,,,7.8,
CtG14A.6,2015-2019,Mortality due to suicide,5,Females,Aboriginal and Torres Strait Islander people,All areas,Suicide deaths,five-year aggregate,Rate per 100000 people,,,Aboriginal and Torres Strait Islander people,Females,5-17 years old,,ABS (unpublished) Causes of Death Australia,rate,,,,,,,,,8.3,
CtG14A.6,2015-2019,Mortality due to suicide,5,Females,Aboriginal and Torres Strait Islander people,All areas,Suicide deaths,five-year aggregate,Rate per 100000 people,,,Aboriginal and Torres Strait Islander people,Females,5-17 years old,,ABS (unpublished) Causes of Death Australia,rate,,,,,,,,,8.3,
CtG14A.6,2015-2019,Mortality due to suicide,5,Females,Aboriginal and Torres Strait Islander people,All areas,Suicide deaths,five-year aggregate,Rate per 100000 people,,,Aboriginal and Torres Strait Islander people,Females,5-17 years old,,ABS (unpublished) Causes of Death Australia,rate,,,,,,,,,8.3,
CtG14A.6,2015-2019,Mortality due to suicide,5,Females,Aboriginal and Torres Strait Islander people,All areas,Suicide deaths,five-year aggregate,Rate per 100000 people,,,Aboriginal and Torres Strait Islander people,Females,5-17 years old,,ABS (unpublished) Causes of Death Australia,rate,,,,,,,,,8.3,
CtG14A.6,2015-2019,Mortality due to suicide,5,Females,Aboriginal and Torres Strait Islander people,All areas,Suicide deaths,five-year aggregate,Rate per 100000 people,,,Aboriginal and Torres Strait Islander people,Females,5-17 years old,,ABS (unpublished) Causes of Death Australia,rate,,,,,,,,,8.3,
CtG14A.6,2015-2019,Mortality due to suicide,5,Males,Non-Indigenous people,All areas,Suicide deaths,five-year aggregate,Rate per 100000 people,,,Non-Indigenous people,Males,5-17 years old,,ABS (unpublished) Causes of Death Australia,rate,,,,,,,,,2.8,
CtG14A.6,2015-2019,Mortality due to suicide,5,Males,Non-Indigenous people,All areas,Suicide deaths,five-year aggregate,Rate per 100000 people,,,Non-Indigenous people,Males,5-17 years old,,ABS (unpublished) Causes of Death Australia,rate,,,,,,,,,2.8,
CtG14A.6,2015-2019,Mortality due to suicide,5,Males,Non-Indigenous people,All areas,Suicide deaths,five-year aggregate,Rate per 100000 people,,,Non-Indigenous people,Males,5-17 years old,,ABS (unpublished) Causes of Death Australia,rate,,,,,,,,,2.8,
CtG14A.6,2015-2019,Mortality due to suicide,5,Males,Non-Indigenous people,All areas,Suicide deaths,five-year aggregate,Rate per 100000 people,,,Non-Indigenous people,Males,5-17 years old,,ABS (unpublished) Causes of Death Australia,rate,,,,,,,,,2.8,
CtG14A.6,2015-2019,Mortality due to suicide,5,Males,Non-Indigenous people,All areas,Suicide deaths,five-year aggregate,Rate per 100000 people,,,Non-Indigenous people,Males,5-17 years old,,ABS (unpublished) Causes of Death Australia,rate,,,,,,,,,2.8,
CtG14A.6,2015-2019,Mortality due to suicide,5,Females,Non-Indigenous people,All areas,Suicide deaths,five-year aggregate,Rate per 100000 people,,,Non-Indigenous people,Females,5-17 years old,,ABS (unpublished) Causes of Death Australia,rate,,,,,,,,,1.5,
CtG14A.6,2015-2019,Mortality due to suicide,5,Females,Non-Indigenous people,All areas,Suicide deaths,five-year aggregate,Rate per 100000 people,,,Non-Indigenous people,Females,5-17 years old,,ABS (unpublished) Causes of Death Australia,rate,,,,,,,,,1.5,
CtG14A.6,2015-2019,Mortality due to suicide,5,Females,Non-Indigenous people,All areas,Suicide deaths,five-year aggregate,Rate per 100000 people,,,Non-Indigenous people,Females,5-17 years old,,ABS (unpublished) Causes of Death Australia,rate,,,,,,,,,1.5,
CtG14A.6,2015-2019,Mortality due to suicide,5,Females,Non-Indigenous people,All areas,Suicide deaths,five-year aggregate,Rate per 100000 people,,,Non-Indigenous people,Females,5-17 years old,,ABS (unpublished) Causes of Death Australia,rate,,,,,,,,,1.5,
CtG14A.6,2015-2019,Mortality due to suicide,5,Females,Non-Indigenous people,All areas,Suicide deaths,five-year aggregate,Rate per 100000 people,,,Non-Indigenous people,Females,5-17 years old,,ABS (unpublished) Causes of Death Australia,rate,,,,,,,,,1.5,
CtG14A.6,2015-2019,Mortality due to suicide,18,Males,Aboriginal and Torres Strait Islander people,All areas,Suicide deaths,five-year aggregate,Rate per 100000 people,,,Aboriginal and Torres Strait Islander people,Males,18-24 years old,,ABS (unpublished) Causes of Death Australia,rate,,,,,,,,,68.8,
CtG14A.6,2015-2019,Mortality due to suicide,18,Males,Aboriginal and Torres Strait Islander people,All areas,Suicide deaths,five-year aggregate,Rate per 100000 people,,,Aboriginal and Torres Strait Islander people,Males,18-24 years old,,ABS (unpublished) Causes of Death Australia,rate,,,,,,,,,68.8,
CtG14A.6,2015-2019,Mortality due to suicide,18,Males,Aboriginal and Torres Strait Islander people,All areas,Suicide deaths,five-year aggregate,Rate per 100000 people,,,Aboriginal and Torres Strait Islander people,Males,18-24 years old,,ABS (unpublished) Causes of Death Australia,rate,,,,,,,,,68.8,
CtG14A.6,2015-2019,Mortality due to suicide,18,Males,Aboriginal and Torres Strait Islander people,All areas,Suicide deaths,five-year aggregate,Rate per 100000 people,,,Aboriginal and Torres Strait Islander people,Males,18-24 years old,,ABS (unpublished) Causes of Death Australia,rate,,,,,,,,,68.8,
CtG14A.6,2015-2019,Mortality due to suicide,18,Males,Aboriginal and Torres Strait Islander people,All areas,Suicide deaths,five-year aggregate,Rate per 100000 people,,,Aboriginal and Torres Strait Islander people,Males,18-24 years old,,ABS (unpublished) Causes of Death Australia,rate,,,,,,,,,68.8,
CtG14A.6,2015-2019,Mortality due to suicide,18,Females,Aboriginal and Torres Strait Islander people,All areas,Suicide deaths,five-year aggregate,Rate per 100000 people,,,Aboriginal and Torres Strait Islander people,Females,18-24 years old,,ABS (unpublished) Causes of Death Australia,rate,,,,,,,,,28,
CtG14A.6,2015-2019,Mortality due to suicide,18,Females,Aboriginal and Torres Strait Islander people,All areas,Suicide deaths,five-year aggregate,Rate per 100000 people,,,Aboriginal and Torres Strait Islander people,Females,18-24 years old,,ABS (unpublished) Causes of Death Australia,rate,,,,,,,,,28,
CtG14A.6,2015-2019,Mortality due to suicide,18,Females,Aboriginal and Torres Strait Islander people,All areas,Suicide deaths,five-year aggregate,Rate per 100000 people,,,Aboriginal and Torres Strait Islander people,Females,18-24 years old,,ABS (unpublished) Causes of Death Australia,rate,,,,,,,,,28,
CtG14A.6,2015-2019,Mortality due to suicide,18,Females,Aboriginal and Torres Strait Islander people,All areas,Suicide deaths,five-year aggregate,Rate per 100000 people,,,Aboriginal and Torres Strait Islander people,Females,18-24 years old,,ABS (unpublished) Causes of Death Australia,rate,,,,,,,,,28,
CtG14A.6,2015-2019,Mortality due to suicide,18,Females,Aboriginal and Torres Strait Islander people,All areas,Suicide deaths,five-year aggregate,Rate per 100000 people,,,Aboriginal and Torres Strait Islander people,Females,18-24 years old,,ABS (unpublished) Causes of Death Australia,rate,,,,,,,,,28,
CtG14A.6,2015-2019,Mortality due to suicide,18,Males,Non-Indigenous people,All areas,Suicide deaths,five-year aggregate,Rate per 100000 people,,,Non-Indigenous people,Males,18-24 years old,,ABS (unpublished) Causes of Death Australia,rate,,,,,,,,,21,
CtG14A.6,2015-2019,Mortality due to suicide,18,Males,Non-Indigenous people,All areas,Suicide deaths,five-year aggregate,Rate per 100000 people,,,Non-Indigenous people,Males,18-24 years old,,ABS (unpublished) Causes of Death Australia,rate,,,,,,,,,21,
CtG14A.6,2015-2019,Mortality due to suicide,18,Males,Non-Indigenous people,All areas,Suicide deaths,five-year aggregate,Rate per 100000 people,,,Non-Indigenous people,Males,18-24 years old,,ABS (unpublished) Causes of Death Australia,rate,,,,,,,,,21,
CtG14A.6,2015-2019,Mortality due to suicide,18,Males,Non-Indigenous people,All areas,Suicide deaths,five-year aggregate,Rate per 100000 people,,,Non-Indigenous people,Males,18-24 years old,,ABS (unpublished) Causes of Death Australia,rate,,,,,,,,,21,
CtG14A.6,2015-2019,Mortality due to suicide,18,Males,Non-Indigenous people,All areas,Suicide deaths,five-year aggregate,Rate per 100000 people,,,Non-Indigenous people,Males,18-24 years old,,ABS (unpublished) Causes of Death Australia,rate,,,,,,,,,21,
CtG14A.6,2015-2019,Mortality due to suicide,18,Females,Non-Indigenous people,All areas,Suicide deaths,five-year aggregate,Rate per 100000 people,,,Non-Indigenous people,Females,18-24 years old,,ABS (unpublished) Causes of Death Australia,rate,,,,,,,,,6.4,
CtG14A.6,2015-2019,Mortality due to suicide,18,Females,Non-Indigenous people,All areas,Suicide deaths,five-year aggregate,Rate per 100000 people,,,Non-Indigenous people,Females,18-24 years old,,ABS (unpublished) Causes of Death Australia,rate,,,,,,,,,6.4,
CtG14A.6,2015-2019,Mortality due to suicide,18,Females,Non-Indigenous people,All areas,Suicide deaths,five-year aggregate,Rate per 100000 people,,,Non-Indigenous people,Females,18-24 years old,,ABS (unpublished) Causes of Death Australia,rate,,,,,,,,,6.4,
CtG14A.6,2015-2019,Mortality due to suicide,18,Females,Non-Indigenous people,All areas,Suicide deaths,five-year aggregate,Rate per 100000 people,,,Non-Indigenous people,Females,18-24 years old,,ABS (unpublished) Causes of Death Australia,rate,,,,,,,,,6.4,
CtG14A.6,2015-2019,Mortality due to suicide,18,Females,Non-Indigenous people,All areas,Suicide deaths,five-year aggregate,Rate per 100000 people,,,Non-Indigenous people,Females,18-24 years old,,ABS (unpublished) Causes of Death Australia,rate,,,,,,,,,6.4,
CtG14A.6,2015-2019,Mortality due to suicide,25,Males,Aboriginal and Torres Strait Islander people,All areas,Suicide deaths,five-year aggregate,Rate per 100000 people,,,Aboriginal and Torres Strait Islander people,Males,25-34 years old,,ABS (unpublished) Causes of Death Australia,rate,,,,,,,,,72.9,
CtG14A.6,2015-2019,Mortality due to suicide,25,Males,Aboriginal and Torres Strait Islander people,All areas,Suicide deaths,five-year aggregate,Rate per 100000 people,,,Aboriginal and Torres Strait Islander people,Males,25-34 years old,,ABS (unpublished) Causes of Death Australia,rate,,,,,,,,,72.9,
CtG14A.6,2015-2019,Mortality due to suicide,25,Males,Aboriginal and Torres Strait Islander people,All areas,Suicide deaths,five-year aggregate,Rate per 100000 people,,,Aboriginal and Torres Strait Islander people,Males,25-34 years old,,ABS (unpublished) Causes of Death Australia,rate,,,,,,,,,72.9,
CtG14A.6,2015-2019,Mortality due to suicide,25,Males,Aboriginal and Torres Strait Islander people,All areas,Suicide deaths,five-year aggregate,Rate per 100000 people,,,Aboriginal and Torres Strait Islander people,Males,25-34 years old,,ABS (unpublished) Causes of Death Australia,rate,,,,,,,,,72.9,
CtG14A.6,2015-2019,Mortality due to suicide,25,Males,Aboriginal and Torres Strait Islander people,All areas,Suicide deaths,five-year aggregate,Rate per 100000 people,,,Aboriginal and Torres Strait Islander people,Males,25-34 years old,,ABS (unpublished) Causes of Death Australia,rate,,,,,,,,,72.9,
CtG14A.6,2015-2019,Mortality due to suicide,25,Females,Aboriginal and Torres Strait Islander people,All areas,Suicide deaths,five-year aggregate,Rate per 100000 people,,,Aboriginal and Torres Strait Islander people,Females,25-34 years old,,ABS (unpublished) Causes of Death Australia,rate,,,,,,,,,21.7,
CtG14A.6,2015-2019,Mortality due to suicide,25,Females,Aboriginal and Torres Strait Islander people,All areas,Suicide deaths,five-year aggregate,Rate per 100000 people,,,Aboriginal and Torres Strait Islander people,Females,25-34 years old,,ABS (unpublished) Causes of Death Australia,rate,,,,,,,,,21.7,
CtG14A.6,2015-2019,Mortality due to suicide,25,Females,Aboriginal and Torres Strait Islander people,All areas,Suicide deaths,five-year aggregate,Rate per 100000 people,,,Aboriginal and Torres Strait Islander people,Females,25-34 years old,,ABS (unpublished) Causes of Death Australia,rate,,,,,,,,,21.7,
CtG14A.6,2015-2019,Mortality due to suicide,25,Females,Aboriginal and Torres Strait Islander people,All areas,Suicide deaths,five-year aggregate,Rate per 100000 people,,,Aboriginal and Torres Strait Islander people,Females,25-34 years old,,ABS (unpublished) Causes of Death Australia,rate,,,,,,,,,21.7,
CtG14A.6,2015-2019,Mortality due to suicide,25,Females,Aboriginal and Torres Strait Islander people,All areas,Suicide deaths,five-year aggregate,Rate per 100000 people,,,Aboriginal and Torres Strait Islander people,Females,25-34 years old,,ABS (unpublished) Causes of Death Australia,rate,,,,,,,,,21.7,
CtG14A.6,2015-2019,Mortality due to suicide,25,Males,Non-Indigenous people,All areas,Suicide deaths,five-year aggregate,Rate per 100000 people,,,Non-Indigenous people,Males,25-34 years old,,ABS (unpublished) Causes of Death Australia,rate,,,,,,,,,24.1,
CtG14A.6,2015-2019,Mortality due to suicide,25,Males,Non-Indigenous people,All areas,Suicide deaths,five-year aggregate,Rate per 100000 people,,,Non-Indigenous people,Males,25-34 years old,,ABS (unpublished) Causes of Death Australia,rate,,,,,,,,,24.1,
CtG14A.6,2015-2019,Mortality due to suicide,25,Males,Non-Indigenous people,All areas,Suicide deaths,five-year aggregate,Rate per 100000 people,,,Non-Indigenous people,Males,25-34 years old,,ABS (unpublished) Causes of Death Australia,rate,,,,,,,,,24.1,
CtG14A.6,2015-2019,Mortality due to suicide,25,Males,Non-Indigenous people,All areas,Suicide deaths,five-year aggregate,Rate per 100000 people,,,Non-Indigenous people,Males,25-34 years old,,ABS (unpublished) Causes of Death Australia,rate,,,,,,,,,24.1,
CtG14A.6,2015-2019,Mortality due to suicide,25,Males,Non-Indigenous people,All areas,Suicide deaths,five-year aggregate,Rate per 100000 people,,,Non-Indigenous people,Males,25-34 years old,,ABS (unpublished) Causes of Death Australia,rate,,,,,,,,,24.1,
CtG14A.6,2015-2019,Mortality due to suicide,25,Females,Non-Indigenous people,All areas,Suicide deaths,five-year aggregate,Rate per 100000 people,,,Non-Indigenous people,Females,25-34 years old,,ABS (unpublished) Causes of Death Australia,rate,,,,,,,,,6.7,
CtG14A.6,2015-2019,Mortality due to suicide,25,Females,Non-Indigenous people,All areas,Suicide deaths,five-year aggregate,Rate per 100000 people,,,Non-Indigenous people,Females,25-34 years old,,ABS (unpublished) Causes of Death Australia,rate,,,,,,,,,6.7,
CtG14A.6,2015-2019,Mortality due to suicide,25,Females,Non-Indigenous people,All areas,Suicide deaths,five-year aggregate,Rate per 100000 people,,,Non-Indigenous people,Females,25-34 years old,,ABS (unpublished) Causes of Death Australia,rate,,,,,,,,,6.7,
CtG14A.6,2015-2019,Mortality due to suicide,25,Females,Non-Indigenous people,All areas,Suicide deaths,five-year aggregate,Rate per 100000 people,,,Non-Indigenous people,Females,25-34 years old,,ABS (unpublished) Causes of Death Australia,rate,,,,,,,,,6.7,
CtG14A.6,2015-2019,Mortality due to suicide,25,Females,Non-Indigenous people,All areas,Suicide deaths,five-year aggregate,Rate per 100000 people,,,Non-Indigenous people,Females,25-34 years old,,ABS (unpublished) Causes of Death Australia,rate,,,,,,,,,6.7,
CtG14A.6,2015-2019,Mortality due to suicide,35,Males,Aboriginal and Torres Strait Islander people,All areas,Suicide deaths,five-year aggregate,Rate per 100000 people,,,Aboriginal and Torres Strait Islander people,Males,35-44 years old,,ABS (unpublished) Causes of Death Australia,rate,,,,,,,,,68.9,
CtG14A.6,2015-2019,Mortality due to suicide,35,Males,Aboriginal and Torres Strait Islander people,All areas,Suicide deaths,five-year aggregate,Rate per 100000 people,,,Aboriginal and Torres Strait Islander people,Males,35-44 years old,,ABS (unpublished) Causes of Death Australia,rate,,,,,,,,,68.9,
CtG14A.6,2015-2019,Mortality due to suicide,35,Males,Aboriginal and Torres Strait Islander people,All areas,Suicide deaths,five-year aggregate,Rate per 100000 people,,,Aboriginal and Torres Strait Islander people,Males,35-44 years old,,ABS (unpublished) Causes of Death Australia,rate,,,,,,,,,68.9,
CtG14A.6,2015-2019,Mortality due to suicide,35,Males,Aboriginal and Torres Strait Islander people,All areas,Suicide deaths,five-year aggregate,Rate per 100000 people,,,Aboriginal and Torres Strait Islander people,Males,35-44 years old,,ABS (unpublished) Causes of Death Australia,rate,,,,,,,,,68.9,
CtG14A.6,2015-2019,Mortality due to suicide,35,Males,Aboriginal and Torres Strait Islander people,All areas,Suicide deaths,five-year aggregate,Rate per 100000 people,,,Aboriginal and Torres Strait Islander people,Males,35-44 years old,,ABS (unpublished) Causes of Death Australia,rate,,,,,,,,,68.9,
CtG14A.6,2015-2019,Mortality due to suicide,35,Females,Aboriginal and Torres Strait Islander people,All areas,Suicide deaths,five-year aggregate,Rate per 100000 people,,,Aboriginal and Torres Strait Islander people,Females,35-44 years old,,ABS (unpublished) Causes of Death Australia,rate,,,,,,,,,15.2,
CtG14A.6,2015-2019,Mortality due to suicide,35,Females,Aboriginal and Torres Strait Islander people,All areas,Suicide deaths,five-year aggregate,Rate per 100000 people,,,Aboriginal and Torres Strait Islander people,Females,35-44 years old,,ABS (unpublished) Causes of Death Australia,rate,,,,,,,,,15.2,
CtG14A.6,2015-2019,Mortality due to suicide,35,Females,Aboriginal and Torres Strait Islander people,All areas,Suicide deaths,five-year aggregate,Rate per 100000 people,,,Aboriginal and Torres Strait Islander people,Females,35-44 years old,,ABS (unpublished) Causes of Death Australia,rate,,,,,,,,,15.2,
CtG14A.6,2015-2019,Mortality due to suicide,35,Females,Aboriginal and Torres Strait Islander people,All areas,Suicide deaths,five-year aggregate,Rate per 100000 people,,,Aboriginal and Torres Strait Islander people,Females,35-44 years old,,ABS (unpublished) Causes of Death Australia,rate,,,,,,,,,15.2,
CtG14A.6,2015-2019,Mortality due to suicide,35,Females,Aboriginal and Torres Strait Islander people,All areas,Suicide deaths,five-year aggregate,Rate per 100000 people,,,Aboriginal and Torres Strait Islander people,Females,35-44 years old,,ABS (unpublished) Causes of Death Australia,rate,,,,,,,,,15.2,
CtG14A.6,2015-2019,Mortality due to suicide,35,Males,Non-Indigenous people,All areas,Suicide deaths,five-year aggregate,Rate per 100000 people,,,Non-Indigenous people,Males,35-44 years old,,ABS (unpublished) Causes of Death Australia,rate,,,,,,,,,28.3,
CtG14A.6,2015-2019,Mortality due to suicide,35,Males,Non-Indigenous people,All areas,Suicide deaths,five-year aggregate,Rate per 100000 people,,,Non-Indigenous people,Males,35-44 years old,,ABS (unpublished) Causes of Death Australia,rate,,,,,,,,,28.3,
CtG14A.6,2015-2019,Mortality due to suicide,35,Males,Non-Indigenous people,All areas,Suicide deaths,five-year aggregate,Rate per 100000 people,,,Non-Indigenous people,Males,35-44 years old,,ABS (unpublished) Causes of Death Australia,rate,,,,,,,,,28.3,
CtG14A.6,2015-2019,Mortality due to suicide,35,Males,Non-Indigenous people,All areas,Suicide deaths,five-year aggregate,Rate per 100000 people,,,Non-Indigenous people,Males,35-44 years old,,ABS (unpublished) Causes of Death Australia,rate,,,,,,,,,28.3,
CtG14A.6,2015-2019,Mortality due to suicide,35,Males,Non-Indigenous people,All areas,Suicide deaths,five-year aggregate,Rate per 100000 people,,,Non-Indigenous people,Males,35-44 years old,,ABS (unpublished) Causes of Death Australia,rate,,,,,,,,,28.3,
CtG14A.6,2015-2019,Mortality due to suicide,35,Females,Non-Indigenous people,All areas,Suicide deaths,five-year aggregate,Rate per 100000 people,,,Non-Indigenous people,Females,35-44 years old,,ABS (unpublished) Causes of Death Australia,rate,,,,,,,,,8.5,
CtG14A.6,2015-2019,Mortality due to suicide,35,Females,Non-Indigenous people,All areas,Suicide deaths,five-year aggregate,Rate per 100000 people,,,Non-Indigenous people,Females,35-44 years old,,ABS (unpublished) Causes of Death Australia,rate,,,,,,,,,8.5,
CtG14A.6,2015-2019,Mortality due to suicide,35,Females,Non-Indigenous people,All areas,Suicide deaths,five-year aggregate,Rate per 100000 people,,,Non-Indigenous people,Females,35-44 years old,,ABS (unpublished) Causes of Death Australia,rate,,,,,,,,,8.5,
CtG14A.6,2015-2019,Mortality due to suicide,35,Females,Non-Indigenous people,All areas,Suicide deaths,five-year aggregate,Rate per 100000 people,,,Non-Indigenous people,Females,35-44 years old,,ABS (unpublished) Causes of Death Australia,rate,,,,,,,,,8.5,
CtG14A.6,2015-2019,Mortality due to suicide,35,Females,Non-Indigenous people,All areas,Suicide deaths,five-year aggregate,Rate per 100000 people,,,Non-Indigenous people,Females,35-44 years old,,ABS (unpublished) Causes of Death Australia,rate,,,,,,,,,8.5,
CtG14A.6,2015-2019,Mortality due to suicide,45,Males,Aboriginal and Torres Strait Islander people,All areas,Suicide deaths,five-year aggregate,Rate per 100000 people,,,Aboriginal and Torres Strait Islander people,Males,45+ years old,,ABS (unpublished) Causes of Death Australia,rate,,,,,,,,,26.1,
CtG14A.6,2015-2019,Mortality due to suicide,45,Males,Aboriginal and Torres Strait Islander people,All areas,Suicide deaths,five-year aggregate,Rate per 100000 people,,,Aboriginal and Torres Strait Islander people,Males,45+ years old,,ABS (unpublished) Causes of Death Australia,rate,,,,,,,,,26.1,
CtG14A.6,2015-2019,Mortality due to suicide,45,Males,Aboriginal and Torres Strait Islander people,All areas,Suicide deaths,five-year aggregate,Rate per 100000 people,,,Aboriginal and Torres Strait Islander people,Males,45+ years old,,ABS (unpublished) Causes of Death Australia,rate,,,,,,,,,26.1,
CtG14A.6,2015-2019,Mortality due to suicide,45,Males,Aboriginal and Torres Strait Islander people,All areas,Suicide deaths,five-year aggregate,Rate per 100000 people,,,Aboriginal and Torres Strait Islander people,Males,45+ years old,,ABS (unpublished) Causes of Death Australia,rate,,,,,,,,,26.1,
CtG14A.6,2015-2019,Mortality due to suicide,45,Males,Aboriginal and Torres Strait Islander people,All areas,Suicide deaths,five-year aggregate,Rate per 100000 people,,,Aboriginal and Torres Strait Islander people,Males,45+ years old,,ABS (unpublished) Causes of Death Australia,rate,,,,,,,,,26.1,
CtG14A.6,2015-2019,Mortality due to suicide,45,Females,Aboriginal and Torres Strait Islander people,All areas,Suicide deaths,five-year aggregate,Rate per 100000 people,,,Aboriginal and Torres Strait Islander people,Females,45+ years old,,ABS (unpublished) Causes of Death Australia,rate,,,,,,,,,8.6,
CtG14A.6,2015-2019,Mortality due to suicide,45,Females,Aboriginal and Torres Strait Islander people,All areas,Suicide deaths,five-year aggregate,Rate per 100000 people,,,Aboriginal and Torres Strait Islander people,Females,45+ years old,,ABS (unpublished) Causes of Death Australia,rate,,,,,,,,,8.6,
CtG14A.6,2015-2019,Mortality due to suicide,45,Females,Aboriginal and Torres Strait Islander people,All areas,Suicide deaths,five-year aggregate,Rate per 100000 people,,,Aboriginal and Torres Strait Islander people,Females,45+ years old,,ABS (unpublished) Causes of Death Australia,rate,,,,,,,,,8.6,
CtG14A.6,2015-2019,Mortality due to suicide,45,Females,Aboriginal and Torres Strait Islander people,All areas,Suicide deaths,five-year aggregate,Rate per 100000 people,,,Aboriginal and Torres Strait Islander people,Females,45+ years old,,ABS (unpublished) Causes of Death Australia,rate,,,,,,,,,8.6,
CtG14A.6,2015-2019,Mortality due to suicide,45,Females,Aboriginal and Torres Strait Islander people,All areas,Suicide deaths,five-year aggregate,Rate per 100000 people,,,Aboriginal and Torres Strait Islander people,Females,45+ years old,,ABS (unpublished) Causes of Death Australia,rate,,,,,,,,,8.6,
CtG14A.6,2015-2019,Mortality due to suicide,45,Males,Non-Indigenous people,All areas,Suicide deaths,five-year aggregate,Rate per 100000 people,,,Non-Indigenous people,Males,45+ years old,,ABS (unpublished) Causes of Death Australia,rate,,,,,,,,,24.7,
CtG14A.6,2015-2019,Mortality due to suicide,45,Males,Non-Indigenous people,All areas,Suicide deaths,five-year aggregate,Rate per 100000 people,,,Non-Indigenous people,Males,45+ years old,,ABS (unpublished) Causes of Death Australia,rate,,,,,,,,,24.7,
CtG14A.6,2015-2019,Mortality due to suicide,45,Males,Non-Indigenous people,All areas,Suicide deaths,five-year aggregate,Rate per 100000 people,,,Non-Indigenous people,Males,45+ years old,,ABS (unpublished) Causes of Death Australia,rate,,,,,,,,,24.7,
CtG14A.6,2015-2019,Mortality due to suicide,45,Males,Non-Indigenous people,All areas,Suicide deaths,five-year aggregate,Rate per 100000 people,,,Non-Indigenous people,Males,45+ years old,,ABS (unpublished) Causes of Death Australia,rate,,,,,,,,,24.7,
CtG14A.6,2015-2019,Mortality due to suicide,45,Males,Non-Indigenous people,All areas,Suicide deaths,five-year aggregate,Rate per 100000 people,,,Non-Indigenous people,Males,45+ years old,,ABS (unpublished) Causes of Death Australia,rate,,,,,,,,,24.7,
CtG14A.6,2015-2019,Mortality due to suicide,45,Females,Non-Indigenous people,All areas,Suicide deaths,five-year aggregate,Rate per 100000 people,,,Non-Indigenous people,Females,45+ years old,,ABS (unpublished) Causes of Death Australia,rate,,,,,,,,,7.7,
CtG14A.6,2015-2019,Mortality due to suicide,45,Females,Non-Indigenous people,All areas,Suicide deaths,five-year aggregate,Rate per 100000 people,,,Non-Indigenous people,Females,45+ years old,,ABS (unpublished) Causes of Death Australia,rate,,,,,,,,,7.7,
CtG14A.6,2015-2019,Mortality due to suicide,45,Females,Non-Indigenous people,All areas,Suicide deaths,five-year aggregate,Rate per 100000 people,,,Non-Indigenous people,Females,45+ years old,,ABS (unpublished) Causes of Death Australia,rate,,,,,,,,,7.7,
CtG14A.6,2015-2019,Mortality due to suicide,45,Females,Non-Indigenous people,All areas,Suicide deaths,five-year aggregate,Rate per 100000 people,,,Non-Indigenous people,Females,45+ years old,,ABS (unpublished) Causes of Death Australia,rate,,,,,,,,,7.7,
CtG14A.6,2015-2019,Mortality due to suicide,45,Females,Non-Indigenous people,All areas,Suicide deaths,five-year aggregate,Rate per 100000 people,,,Non-Indigenous people,Females,45+ years old,,ABS (unpublished) Causes of Death Australia,rate,,,,,,,,,7.7,
CtG14A.6,2015-2019,Mortality due to suicide,12,Males,Aboriginal and Torres Strait Islander people,All areas,Suicide deaths,five-year aggregate,Rate per 100000 people,,,Aboriginal and Torres Strait Islander people,Males,All ages,,ABS (unpublished) Causes of Death Australia,rate,,,,,,,,,34.8,
CtG14A.6,2015-2019,Mortality due to suicide,91,Males,Aboriginal and Torres Strait Islander people,All areas,Suicide deaths,five-year aggregate,Rate per 100000 people,,,Aboriginal and Torres Strait Islander people,Males,All ages,,ABS (unpublished) Causes of Death Australia,rate,,,,,,,,,34.8,
CtG14A.6,2015-2019,Mortality due to suicide,7,Males,Aboriginal and Torres Strait Islander people,All areas,Suicide deaths,five-year aggregate,Rate per 100000 people,,,Aboriginal and Torres Strait Islander people,Males,All ages,,ABS (unpublished) Causes of Death Australia,rate,,,,,,,,,34.8,
CtG14A.6,2015-2019,Mortality due to suicide,99,Males,Aboriginal and Torres Strait Islander people,All areas,Suicide deaths,five-year aggregate,Rate per 100000 people,,,Aboriginal and Torres Strait Islander people,Males,All ages,,ABS (unpublished) Causes of Death Australia,rate,,,,,,,,,34.8,
CtG14A.6,2015-2019,Mortality due to suicide,65,Males,Aboriginal and Torres Strait Islander people,All areas,Suicide deaths,five-year aggregate,Rate per 100000 people,,,Aboriginal and Torres Strait Islander people,Males,All ages,,ABS (unpublished) Causes of Death Australia,rate,,,,,,,,,34.8,
CtG14A.6,2015-2019,Mortality due to suicide,62,Females,Aboriginal and Torres Strait Islander people,All areas,Suicide deaths,five-year aggregate,Rate per 100000 people,,,Aboriginal and Torres Strait Islander people,Females,All ages,,ABS (unpublished) Causes of Death Australia,rate,,,,,,,,,12.6,
CtG14A.6,2015-2019,Mortality due to suicide,20,Females,Aboriginal and Torres Strait Islander people,All areas,Suicide deaths,five-year aggregate,Rate per 100000 people,,,Aboriginal and Torres Strait Islander people,Females,All ages,,ABS (unpublished) Causes of Death Australia,rate,,,,,,,,,12.6,
CtG14A.6,2015-2019,Mortality due to suicide,22,Females,Aboriginal and Torres Strait Islander people,All areas,Suicide deaths,five-year aggregate,Rate per 100000 people,,,Aboriginal and Torres Strait Islander people,Females,All ages,,ABS (unpublished) Causes of Death Australia,rate,,,,,,,,,12.6,
CtG14A.6,2015-2019,Mortality due to suicide,21,Females,Aboriginal and Torres Strait Islander people,All areas,Suicide deaths,five-year aggregate,Rate per 100000 people,,,Aboriginal and Torres Strait Islander people,Females,All ages,,ABS (unpublished) Causes of Death Australia,rate,,,,,,,,,12.6,
CtG14A.6,2015-2019,Mortality due to suicide,81,Females,Aboriginal and Torres Strait Islander people,All areas,Suicide deaths,five-year aggregate,Rate per 100000 people,,,Aboriginal and Torres Strait Islander people,Females,All ages,,ABS (unpublished) Causes of Death Australia,rate,,,,,,,,,12.6,
CtG14A.6,2015-2019,Mortality due to suicide,75,Males,Non-Indigenous people,All areas,Suicide deaths,five-year aggregate,Rate per 100000 people,,,Non-Indigenous people,Males,All ages,,ABS (unpublished) Causes of Death Australia,rate,,,,,,,,,19.6,
CtG14A.6,2015-2019,Mortality due to suicide,74,Males,Non-Indigenous people,All areas,Suicide deaths,five-year aggregate,Rate per 100000 people,,,Non-Indigenous people,Males,All ages,,ABS (unpublished) Causes of Death Australia,rate,,,,,,,,,19.6,
CtG14A.6,2015-2019,Mortality due to suicide,37,Males,Non-Indigenous people,All areas,Suicide deaths,five-year aggregate,Rate per 100000 people,,,Non-Indigenous people,Males,All ages,,ABS (unpublished) Causes of Death Australia,rate,,,,,,,,,19.6,
CtG14A.6,2015-2019,Mortality due to suicide,82,Males,Non-Indigenous people,All areas,Suicide deaths,five-year aggregate,Rate per 100000 people,,,Non-Indigenous people,Males,All ages,,ABS (unpublished) Causes of Death Australia,rate,,,,,,,,,19.6,
CtG14A.6,2015-2019,Mortality due to suicide,57,Males,Non-Indigenous people,All areas,Suicide deaths,five-year aggregate,Rate per 100000 people,,,Non-Indigenous people,Males,All ages,,ABS (unpublished) Causes of Death Australia,rate,,,,,,,,,19.6,
CtG14A.6,2015-2019,Mortality due to suicide,20,Females,Non-Indigenous people,All areas,Suicide deaths,five-year aggregate,Rate per 100000 people,,,Non-Indigenous people,Females,All ages,,ABS (unpublished) Causes of Death Australia,rate,,,,,,,,,6.2,
CtG14A.6,2015-2019,Mortality due to suicide,75,Females,Non-Indigenous people,All areas,Suicide deaths,five-year aggregate,Rate per 100000 people,,,Non-Indigenous people,Females,All ages,,ABS (unpublished) Causes of Death Australia,rate,,,,,,,,,6.2,
CtG14A.6,2015-2019,Mortality due to suicide,39,Females,Non-Indigenous people,All areas,Suicide deaths,five-year aggregate,Rate per 100000 people,,,Non-Indigenous people,Females,All ages,,ABS (unpublished) Causes of Death Australia,rate,,,,,,,,,6.2,
CtG14A.6,2015-2019,Mortality due to suicide,52,Females,Non-Indigenous people,All areas,Suicide deaths,five-year aggregate,Rate per 100000 people,,,Non-Indigenous people,Females,All ages,,ABS (unpublished) Causes of Death Australia,rate,,,,,,,,,6.2,
CtG14A.6,2015-2019,Mortality due to suicide,89,Females,Non-Indigenous people,All areas,Suicide deaths,five-year aggregate,Rate per 100000 people,,,Non-Indigenous people,Females,All ages,,ABS (unpublished) Causes of Death Australia,rate,,,,,,,,,6.2,
CtG14A.6,2014-2018,Mortality due to suicide,5,Males,Aboriginal and Torres Strait Islander people,All areas,Suicide deaths,five-year aggregate,Rate per 100000 people,,,Aboriginal and Torres Strait Islander people,Males,5-17 years old,,ABS (unpublished) Causes of Death Australia,rate,,,,,,,,,8.8,
CtG14A.6,2014-2018,Mortality due to suicide,5,Males,Aboriginal and Torres Strait Islander people,All areas,Suicide deaths,five-year aggregate,Rate per 100000 people,,,Aboriginal and Torres Strait Islander people,Males,5-17 years old,,ABS (unpublished) Causes of Death Australia,rate,,,,,,,,,8.8,
CtG14A.6,2014-2018,Mortality due to suicide,5,Males,Aboriginal and Torres Strait Islander people,All areas,Suicide deaths,five-year aggregate,Rate per 100000 people,,,Aboriginal and Torres Strait Islander people,Males,5-17 years old,,ABS (unpublished) Causes of Death Australia,rate,,,,,,,,,8.8,
CtG14A.6,2014-2018,Mortality due to suicide,5,Males,Aboriginal and Torres Strait Islander people,All areas,Suicide deaths,five-year aggregate,Rate per 100000 people,,,Aboriginal and Torres Strait Islander people,Males,5-17 years old,,ABS (unpublished) Causes of Death Australia,rate,,,,,,,,,8.8,
CtG14A.6,2014-2018,Mortality due to suicide,5,Males,Aboriginal and Torres Strait Islander people,All areas,Suicide deaths,five-year aggregate,Rate per 100000 people,,,Aboriginal and Torres Strait Islander people,Males,5-17 years old,,ABS (unpublished) Causes of Death Australia,rate,,,,,,,,,8.8,
CtG14A.6,2014-2018,Mortality due to suicide,5,Females,Aboriginal and Torres Strait Islander people,All areas,Suicide deaths,five-year aggregate,Rate per 100000 people,,,Aboriginal and Torres Strait Islander people,Females,5-17 years old,,ABS (unpublished) Causes of Death Australia,rate,,,,,,,,,7.8,
CtG14A.6,2014-2018,Mortality due to suicide,5,Females,Aboriginal and Torres Strait Islander people,All areas,Suicide deaths,five-year aggregate,Rate per 100000 people,,,Aboriginal and Torres Strait Islander people,Females,5-17 years old,,ABS (unpublished) Causes of Death Australia,rate,,,,,,,,,7.8,
CtG14A.6,2014-2018,Mortality due to suicide,5,Females,Aboriginal and Torres Strait Islander people,All areas,Suicide deaths,five-year aggregate,Rate per 100000 people,,,Aboriginal and Torres Strait Islander people,Females,5-17 years old,,ABS (unpublished) Causes of Death Australia,rate,,,,,,,,,7.8,
CtG14A.6,2014-2018,Mortality due to suicide,5,Females,Aboriginal and Torres Strait Islander people,All areas,Suicide deaths,five-year aggregate,Rate per 100000 people,,,Aboriginal and Torres Strait Islander people,Females,5-17 years old,,ABS (unpublished) Causes of Death Australia,rate,,,,,,,,,7.8,
CtG14A.6,2014-2018,Mortality due to suicide,5,Females,Aboriginal and Torres Strait Islander people,All areas,Suicide deaths,five-year aggregate,Rate per 100000 people,,,Aboriginal and Torres Strait Islander people,Females,5-17 years old,,ABS (unpublished) Causes of Death Australia,rate,,,,,,,,,7.8,
CtG14A.6,2014-2018,Mortality due to suicide,5,Males,Non-Indigenous people,All areas,Suicide deaths,five-year aggregate,Rate per 100000 people,,,Non-Indigenous people,Males,5-17 years old,,ABS (unpublished) Causes of Death Australia,rate,,,,,,,,,2.6,
CtG14A.6,2014-2018,Mortality due to suicide,5,Males,Non-Indigenous people,All areas,Suicide deaths,five-year aggregate,Rate per 100000 people,,,Non-Indigenous people,Males,5-17 years old,,ABS (unpublished) Causes of Death Australia,rate,,,,,,,,,2.6,
CtG14A.6,2014-2018,Mortality due to suicide,5,Males,Non-Indigenous people,All areas,Suicide deaths,five-year aggregate,Rate per 100000 people,,,Non-Indigenous people,Males,5-17 years old,,ABS (unpublished) Causes of Death Australia,rate,,,,,,,,,2.6,
CtG14A.6,2014-2018,Mortality due to suicide,5,Males,Non-Indigenous people,All areas,Suicide deaths,five-year aggregate,Rate per 100000 people,,,Non-Indigenous people,Males,5-17 years old,,ABS (unpublished) Causes of Death Australia,rate,,,,,,,,,2.6,
CtG14A.6,2014-2018,Mortality due to suicide,5,Males,Non-Indigenous people,All areas,Suicide deaths,five-year aggregate,Rate per 100000 people,,,Non-Indigenous people,Males,5-17 years old,,ABS (unpublished) Causes of Death Australia,rate,,,,,,,,,2.6,
CtG14A.6,2014-2018,Mortality due to suicide,5,Females,Non-Indigenous people,All areas,Suicide deaths,five-year aggregate,Rate per 100000 people,,,Non-Indigenous people,Females,5-17 years old,,ABS (unpublished) Causes of Death Australia,rate,,,,,,,,,1.6,
CtG14A.6,2014-2018,Mortality due to suicide,5,Females,Non-Indigenous people,All areas,Suicide deaths,five-year aggregate,Rate per 100000 people,,,Non-Indigenous people,Females,5-17 years old,,ABS (unpublished) Causes of Death Australia,rate,,,,,,,,,1.6,
CtG14A.6,2014-2018,Mortality due to suicide,5,Females,Non-Indigenous people,All areas,Suicide deaths,five-year aggregate,Rate per 100000 people,,,Non-Indigenous people,Females,5-17 years old,,ABS (unpublished) Causes of Death Australia,rate,,,,,,,,,1.6,
CtG14A.6,2014-2018,Mortality due to suicide,5,Females,Non-Indigenous people,All areas,Suicide deaths,five-year aggregate,Rate per 100000 people,,,Non-Indigenous people,Females,5-17 years old,,ABS (unpublished) Causes of Death Australia,rate,,,,,,,,,1.6,
CtG14A.6,2014-2018,Mortality due to suicide,5,Females,Non-Indigenous people,All areas,Suicide deaths,five-year aggregate,Rate per 100000 people,,,Non-Indigenous people,Females,5-17 years old,,ABS (unpublished) Causes of Death Australia,rate,,,,,,,,,1.6,
CtG14A.6,2014-2018,Mortality due to suicide,18,Males,Aboriginal and Torres Strait Islander people,All areas,Suicide deaths,five-year aggregate,Rate per 100000 people,,,Aboriginal and Torres Strait Islander people,Males,18-24 years old,,ABS (unpublished) Causes of Death Australia,rate,,,,,,,,,64.2,
CtG14A.6,2014-2018,Mortality due to suicide,18,Males,Aboriginal and Torres Strait Islander people,All areas,Suicide deaths,five-year aggregate,Rate per 100000 people,,,Aboriginal and Torres Strait Islander people,Males,18-24 years old,,ABS (unpublished) Causes of Death Australia,rate,,,,,,,,,64.2,
CtG14A.6,2014-2018,Mortality due to suicide,18,Males,Aboriginal and Torres Strait Islander people,All areas,Suicide deaths,five-year aggregate,Rate per 100000 people,,,Aboriginal and Torres Strait Islander people,Males,18-24 years old,,ABS (unpublished) Causes of Death Australia,rate,,,,,,,,,64.2,
CtG14A.6,2014-2018,Mortality due to suicide,18,Males,Aboriginal and Torres Strait Islander people,All areas,Suicide deaths,five-year aggregate,Rate per 100000 people,,,Aboriginal and Torres Strait Islander people,Males,18-24 years old,,ABS (unpublished) Causes of Death Australia,rate,,,,,,,,,64.2,
CtG14A.6,2014-2018,Mortality due to suicide,18,Males,Aboriginal and Torres Strait Islander people,All areas,Suicide deaths,five-year aggregate,Rate per 100000 people,,,Aboriginal and Torres Strait Islander people,Males,18-24 years old,,ABS (unpublished) Causes of Death Australia,rate,,,,,,,,,64.2,
CtG14A.6,2014-2018,Mortality due to suicide,18,Females,Aboriginal and Torres Strait Islander people,All areas,Suicide deaths,five-year aggregate,Rate per 100000 people,,,Aboriginal and Torres Strait Islander people,Females,18-24 years old,,ABS (unpublished) Causes of Death Australia,rate,,,,,,,,,26.8,
CtG14A.6,2014-2018,Mortality due to suicide,18,Females,Aboriginal and Torres Strait Islander people,All areas,Suicide deaths,five-year aggregate,Rate per 100000 people,,,Aboriginal and Torres Strait Islander people,Females,18-24 years old,,ABS (unpublished) Causes of Death Australia,rate,,,,,,,,,26.8,
CtG14A.6,2014-2018,Mortality due to suicide,18,Females,Aboriginal and Torres Strait Islander people,All areas,Suicide deaths,five-year aggregate,Rate per 100000 people,,,Aboriginal and Torres Strait Islander people,Females,18-24 years old,,ABS (unpublished) Causes of Death Australia,rate,,,,,,,,,26.8,
CtG14A.6,2014-2018,Mortality due to suicide,18,Females,Aboriginal and Torres Strait Islander people,All areas,Suicide deaths,five-year aggregate,Rate per 100000 people,,,Aboriginal and Torres Strait Islander people,Females,18-24 years old,,ABS (unpublished) Causes of Death Australia,rate,,,,,,,,,26.8,
CtG14A.6,2014-2018,Mortality due to suicide,18,Females,Aboriginal and Torres Strait Islander people,All areas,Suicide deaths,five-year aggregate,Rate per 100000 people,,,Aboriginal and Torres Strait Islander people,Females,18-24 years old,,ABS (unpublished) Causes of Death Australia,rate,,,,,,,,,26.8,
CtG14A.6,2014-2018,Mortality due to suicide,18,Males,Non-Indigenous people,All areas,Suicide deaths,five-year aggregate,Rate per 100000 people,,,Non-Indigenous people,Males,18-24 years old,,ABS (unpublished) Causes of Death Australia,rate,,,,,,,,,20.4,
CtG14A.6,2014-2018,Mortality due to suicide,18,Males,Non-Indigenous people,All areas,Suicide deaths,five-year aggregate,Rate per 100000 people,,,Non-Indigenous people,Males,18-24 years old,,ABS (unpublished) Causes of Death Australia,rate,,,,,,,,,20.4,
CtG14A.6,2014-2018,Mortality due to suicide,18,Males,Non-Indigenous people,All areas,Suicide deaths,five-year aggregate,Rate per 100000 people,,,Non-Indigenous people,Males,18-24 years old,,ABS (unpublished) Causes of Death Australia,rate,,,,,,,,,20.4,
CtG14A.6,2014-2018,Mortality due to suicide,18,Males,Non-Indigenous people,All areas,Suicide deaths,five-year aggregate,Rate per 100000 people,,,Non-Indigenous people,Males,18-24 years old,,ABS (unpublished) Causes of Death Australia,rate,,,,,,,,,20.4,
CtG14A.6,2014-2018,Mortality due to suicide,18,Males,Non-Indigenous people,All areas,Suicide deaths,five-year aggregate,Rate per 100000 people,,,Non-Indigenous people,Males,18-24 years old,,ABS (unpublished) Causes of Death Australia,rate,,,,,,,,,20.4,
CtG14A.6,2014-2018,Mortality due to suicide,18,Females,Non-Indigenous people,All areas,Suicide deaths,five-year aggregate,Rate per 100000 people,,,Non-Indigenous people,Females,18-24 years old,,ABS (unpublished) Causes of Death Australia,rate,,,,,,,,,6.3,
CtG14A.6,2014-2018,Mortality due to suicide,18,Females,Non-Indigenous people,All areas,Suicide deaths,five-year aggregate,Rate per 100000 people,,,Non-Indigenous people,Females,18-24 years old,,ABS (unpublished) Causes of Death Australia,rate,,,,,,,,,6.3,
CtG14A.6,2014-2018,Mortality due to suicide,18,Females,Non-Indigenous people,All areas,Suicide deaths,five-year aggregate,Rate per 100000 people,,,Non-Indigenous people,Females,18-24 years old,,ABS (unpublished) Causes of Death Australia,rate,,,,,,,,,6.3,
CtG14A.6,2014-2018,Mortality due to suicide,18,Females,Non-Indigenous people,All areas,Suicide deaths,five-year aggregate,Rate per 100000 people,,,Non-Indigenous people,Females,18-24 years old,,ABS (unpublished) Causes of Death Australia,rate,,,,,,,,,6.3,
CtG14A.6,2014-2018,Mortality due to suicide,18,Females,Non-Indigenous people,All areas,Suicide deaths,five-year aggregate,Rate per 100000 people,,,Non-Indigenous people,Females,18-24 years old,,ABS (unpublished) Causes of Death Australia,rate,,,,,,,,,6.3,
CtG14A.6,2014-2018,Mortality due to suicide,25,Males,Aboriginal and Torres Strait Islander people,All areas,Suicide deaths,five-year aggregate,Rate per 100000 people,,,Aboriginal and Torres Strait Islander people,Males,25-34 years old,,ABS (unpublished) Causes of Death Australia,rate,,,,,,,,,72.9,
CtG14A.6,2014-2018,Mortality due to suicide,25,Males,Aboriginal and Torres Strait Islander people,All areas,Suicide deaths,five-year aggregate,Rate per 100000 people,,,Aboriginal and Torres Strait Islander people,Males,25-34 years old,,ABS (unpublished) Causes of Death Australia,rate,,,,,,,,,72.9,
CtG14A.6,2014-2018,Mortality due to suicide,25,Males,Aboriginal and Torres Strait Islander people,All areas,Suicide deaths,five-year aggregate,Rate per 100000 people,,,Aboriginal and Torres Strait Islander people,Males,25-34 years old,,ABS (unpublished) Causes of Death Australia,rate,,,,,,,,,72.9,
CtG14A.6,2014-2018,Mortality due to suicide,25,Males,Aboriginal and Torres Strait Islander people,All areas,Suicide deaths,five-year aggregate,Rate per 100000 people,,,Aboriginal and Torres Strait Islander people,Males,25-34 years old,,ABS (unpublished) Causes of Death Australia,rate,,,,,,,,,72.9,
CtG14A.6,2014-2018,Mortality due to suicide,25,Males,Aboriginal and Torres Strait Islander people,All areas,Suicide deaths,five-year aggregate,Rate per 100000 people,,,Aboriginal and Torres Strait Islander people,Males,25-34 years old,,ABS (unpublished) Causes of Death Australia,rate,,,,,,,,,72.9,
CtG14A.6,2014-2018,Mortality due to suicide,25,Females,Aboriginal and Torres Strait Islander people,All areas,Suicide deaths,five-year aggregate,Rate per 100000 people,,,Aboriginal and Torres Strait Islander people,Females,25-34 years old,,ABS (unpublished) Causes of Death Australia,rate,,,,,,,,,21.7,
CtG14A.6,2014-2018,Mortality due to suicide,25,Females,Aboriginal and Torres Strait Islander people,All areas,Suicide deaths,five-year aggregate,Rate per 100000 people,,,Aboriginal and Torres Strait Islander people,Females,25-34 years old,,ABS (unpublished) Causes of Death Australia,rate,,,,,,,,,21.7,
CtG14A.6,2014-2018,Mortality due to suicide,25,Females,Aboriginal and Torres Strait Islander people,All areas,Suicide deaths,five-year aggregate,Rate per 100000 people,,,Aboriginal and Torres Strait Islander people,Females,25-34 years old,,ABS (unpublished) Causes of Death Australia,rate,,,,,,,,,21.7,
CtG14A.6,2014-2018,Mortality due to suicide,25,Females,Aboriginal and Torres Strait Islander people,All areas,Suicide deaths,five-year aggregate,Rate per 100000 people,,,Aboriginal and Torres Strait Islander people,Females,25-34 years old,,ABS (unpublished) Causes of Death Australia,rate,,,,,,,,,21.7,
CtG14A.6,2014-2018,Mortality due to suicide,25,Females,Aboriginal and Torres Strait Islander people,All areas,Suicide deaths,five-year aggregate,Rate per 100000 people,,,Aboriginal and Torres Strait Islander people,Females,25-34 years old,,ABS (unpublished) Causes of Death Australia,rate,,,,,,,,,21.7,
CtG14A.6,2014-2018,Mortality due to suicide,25,Males,Non-Indigenous people,All areas,Suicide deaths,five-year aggregate,Rate per 100000 people,,,Non-Indigenous people,Males,25-34 years old,,ABS (unpublished) Causes of Death Australia,rate,,,,,,,,,23.4,
CtG14A.6,2014-2018,Mortality due to suicide,25,Males,Non-Indigenous people,All areas,Suicide deaths,five-year aggregate,Rate per 100000 people,,,Non-Indigenous people,Males,25-34 years old,,ABS (unpublished) Causes of Death Australia,rate,,,,,,,,,23.4,
CtG14A.6,2014-2018,Mortality due to suicide,25,Males,Non-Indigenous people,All areas,Suicide deaths,five-year aggregate,Rate per 100000 people,,,Non-Indigenous people,Males,25-34 years old,,ABS (unpublished) Causes of Death Australia,rate,,,,,,,,,23.4,
CtG14A.6,2014-2018,Mortality due to suicide,25,Males,Non-Indigenous people,All areas,Suicide deaths,five-year aggregate,Rate per 100000 people,,,Non-Indigenous people,Males,25-34 years old,,ABS (unpublished) Causes of Death Australia,rate,,,,,,,,,23.4,
CtG14A.6,2014-2018,Mortality due to suicide,25,Males,Non-Indigenous people,All areas,Suicide deaths,five-year aggregate,Rate per 100000 people,,,Non-Indigenous people,Males,25-34 years old,,ABS (unpublished) Causes of Death Australia,rate,,,,,,,,,23.4,
CtG14A.6,2014-2018,Mortality due to suicide,25,Females,Non-Indigenous people,All areas,Suicide deaths,five-year aggregate,Rate per 100000 people,,,Non-Indigenous people,Females,25-34 years old,,ABS (unpublished) Causes of Death Australia,rate,,,,,,,,,6.8,
CtG14A.6,2014-2018,Mortality due to suicide,25,Females,Non-Indigenous people,All areas,Suicide deaths,five-year aggregate,Rate per 100000 people,,,Non-Indigenous people,Females,25-34 years old,,ABS (unpublished) Causes of Death Australia,rate,,,,,,,,,6.8,
CtG14A.6,2014-2018,Mortality due to suicide,25,Females,Non-Indigenous people,All areas,Suicide deaths,five-year aggregate,Rate per 100000 people,,,Non-Indigenous people,Females,25-34 years old,,ABS (unpublished) Causes of Death Australia,rate,,,,,,,,,6.8,
CtG14A.6,2014-2018,Mortality due to suicide,25,Females,Non-Indigenous people,All areas,Suicide deaths,five-year aggregate,Rate per 100000 people,,,Non-Indigenous people,Females,25-34 years old,,ABS (unpublished) Causes of Death Australia,rate,,,,,,,,,6.8,
CtG14A.6,2014-2018,Mortality due to suicide,25,Females,Non-Indigenous people,All areas,Suicide deaths,five-year aggregate,Rate per 100000 people,,,Non-Indigenous people,Females,25-34 years old,,ABS (unpublished) Causes of Death Australia,rate,,,,,,,,,6.8,
CtG14A.6,2014-2018,Mortality due to suicide,35,Males,Aboriginal and Torres Strait Islander people,All areas,Suicide deaths,five-year aggregate,Rate per 100000 people,,,Aboriginal and Torres Strait Islander people,Males,35-44 years old,,ABS (unpublished) Causes of Death Australia,rate,,,,,,,,,64.1,
CtG14A.6,2014-2018,Mortality due to suicide,35,Males,Aboriginal and Torres Strait Islander people,All areas,Suicide deaths,five-year aggregate,Rate per 100000 people,,,Aboriginal and Torres Strait Islander people,Males,35-44 years old,,ABS (unpublished) Causes of Death Australia,rate,,,,,,,,,64.1,
CtG14A.6,2014-2018,Mortality due to suicide,35,Males,Aboriginal and Torres Strait Islander people,All areas,Suicide deaths,five-year aggregate,Rate per 100000 people,,,Aboriginal and Torres Strait Islander people,Males,35-44 years old,,ABS (unpublished) Causes of Death Australia,rate,,,,,,,,,64.1,
CtG14A.6,2014-2018,Mortality due to suicide,35,Males,Aboriginal and Torres Strait Islander people,All areas,Suicide deaths,five-year aggregate,Rate per 100000 people,,,Aboriginal and Torres Strait Islander people,Males,35-44 years old,,ABS (unpublished) Causes of Death Australia,rate,,,,,,,,,64.1,
CtG14A.6,2014-2018,Mortality due to suicide,35,Males,Aboriginal and Torres Strait Islander people,All areas,Suicide deaths,five-year aggregate,Rate per 100000 people,,,Aboriginal and Torres Strait Islander people,Males,35-44 years old,,ABS (unpublished) Causes of Death Australia,rate,,,,,,,,,64.1,
CtG14A.6,2014-2018,Mortality due to suicide,35,Females,Aboriginal and Torres Strait Islander people,All areas,Suicide deaths,five-year aggregate,Rate per 100000 people,,,Aboriginal and Torres Strait Islander people,Females,35-44 years old,,ABS (unpublished) Causes of Death Australia,rate,,,,,,,,,15.5,
CtG14A.6,2014-2018,Mortality due to suicide,35,Females,Aboriginal and Torres Strait Islander people,All areas,Suicide deaths,five-year aggregate,Rate per 100000 people,,,Aboriginal and Torres Strait Islander people,Females,35-44 years old,,ABS (unpublished) Causes of Death Australia,rate,,,,,,,,,15.5,
CtG14A.6,2014-2018,Mortality due to suicide,35,Females,Aboriginal and Torres Strait Islander people,All areas,Suicide deaths,five-year aggregate,Rate per 100000 people,,,Aboriginal and Torres Strait Islander people,Females,35-44 years old,,ABS (unpublished) Causes of Death Australia,rate,,,,,,,,,15.5,
CtG14A.6,2014-2018,Mortality due to suicide,35,Females,Aboriginal and Torres Strait Islander people,All areas,Suicide deaths,five-year aggregate,Rate per 100000 people,,,Aboriginal and Torres Strait Islander people,Females,35-44 years old,,ABS (unpublished) Causes of Death Australia,rate,,,,,,,,,15.5,
CtG14A.6,2014-2018,Mortality due to suicide,35,Females,Aboriginal and Torres Strait Islander people,All areas,Suicide deaths,five-year aggregate,Rate per 100000 people,,,Aboriginal and Torres Strait Islander people,Females,35-44 years old,,ABS (unpublished) Causes of Death Australia,rate,,,,,,,,,15.5,
CtG14A.6,2014-2018,Mortality due to suicide,35,Males,Non-Indigenous people,All areas,Suicide deaths,five-year aggregate,Rate per 100000 people,,,Non-Indigenous people,Males,35-44 years old,,ABS (unpublished) Causes of Death Australia,rate,,,,,,,,,28.4,
CtG14A.6,2014-2018,Mortality due to suicide,35,Males,Non-Indigenous people,All areas,Suicide deaths,five-year aggregate,Rate per 100000 people,,,Non-Indigenous people,Males,35-44 years old,,ABS (unpublished) Causes of Death Australia,rate,,,,,,,,,28.4,
CtG14A.6,2014-2018,Mortality due to suicide,35,Males,Non-Indigenous people,All areas,Suicide deaths,five-year aggregate,Rate per 100000 people,,,Non-Indigenous people,Males,35-44 years old,,ABS (unpublished) Causes of Death Australia,rate,,,,,,,,,28.4,
CtG14A.6,2014-2018,Mortality due to suicide,35,Males,Non-Indigenous people,All areas,Suicide deaths,five-year aggregate,Rate per 100000 people,,,Non-Indigenous people,Males,35-44 years old,,ABS (unpublished) Causes of Death Australia,rate,,,,,,,,,28.4,
CtG14A.6,2014-2018,Mortality due to suicide,35,Males,Non-Indigenous people,All areas,Suicide deaths,five-year aggregate,Rate per 100000 people,,,Non-Indigenous people,Males,35-44 years old,,ABS (unpublished) Causes of Death Australia,rate,,,,,,,,,28.4,
CtG14A.6,2014-2018,Mortality due to suicide,35,Females,Non-Indigenous people,All areas,Suicide deaths,five-year aggregate,Rate per 100000 people,,,Non-Indigenous people,Females,35-44 years old,,ABS (unpublished) Causes of Death Australia,rate,,,,,,,,,8.2,
CtG14A.6,2014-2018,Mortality due to suicide,35,Females,Non-Indigenous people,All areas,Suicide deaths,five-year aggregate,Rate per 100000 people,,,Non-Indigenous people,Females,35-44 years old,,ABS (unpublished) Causes of Death Australia,rate,,,,,,,,,8.2,
CtG14A.6,2014-2018,Mortality due to suicide,35,Females,Non-Indigenous people,All areas,Suicide deaths,five-year aggregate,Rate per 100000 people,,,Non-Indigenous people,Females,35-44 years old,,ABS (unpublished) Causes of Death Australia,rate,,,,,,,,,8.2,
CtG14A.6,2014-2018,Mortality due to suicide,35,Females,Non-Indigenous people,All areas,Suicide deaths,five-year aggregate,Rate per 100000 people,,,Non-Indigenous people,Females,35-44 years old,,ABS (unpublished) Causes of Death Australia,rate,,,,,,,,,8.2,
CtG14A.6,2014-2018,Mortality due to suicide,35,Females,Non-Indigenous people,All areas,Suicide deaths,five-year aggregate,Rate per 100000 people,,,Non-Indigenous people,Females,35-44 years old,,ABS (unpublished) Causes of Death Australia,rate,,,,,,,,,8.2,
CtG14A.6,2014-2018,Mortality due to suicide,45,Males,Aboriginal and Torres Strait Islander people,All areas,Suicide deaths,five-year aggregate,Rate per 100000 people,,,Aboriginal and Torres Strait Islander people,Males,45+ years old,,ABS (unpublished) Causes of Death Australia,rate,,,,,,,,,24.2,
CtG14A.6,2014-2018,Mortality due to suicide,45,Males,Aboriginal and Torres Strait Islander people,All areas,Suicide deaths,five-year aggregate,Rate per 100000 people,,,Aboriginal and Torres Strait Islander people,Males,45+ years old,,ABS (unpublished) Causes of Death Australia,rate,,,,,,,,,24.2,
CtG14A.6,2014-2018,Mortality due to suicide,45,Males,Aboriginal and Torres Strait Islander people,All areas,Suicide deaths,five-year aggregate,Rate per 100000 people,,,Aboriginal and Torres Strait Islander people,Males,45+ years old,,ABS (unpublished) Causes of Death Australia,rate,,,,,,,,,24.2,
CtG14A.6,2014-2018,Mortality due to suicide,45,Males,Aboriginal and Torres Strait Islander people,All areas,Suicide deaths,five-year aggregate,Rate per 100000 people,,,Aboriginal and Torres Strait Islander people,Males,45+ years old,,ABS (unpublished) Causes of Death Australia,rate,,,,,,,,,24.2,
CtG14A.6,2014-2018,Mortality due to suicide,45,Males,Aboriginal and Torres Strait Islander people,All areas,Suicide deaths,five-year aggregate,Rate per 100000 people,,,Aboriginal and Torres Strait Islander people,Males,45+ years old,,ABS (unpublished) Causes of Death Australia,rate,,,,,,,,,24.2,
CtG14A.6,2014-2018,Mortality due to suicide,45,Females,Aboriginal and Torres Strait Islander people,All areas,Suicide deaths,five-year aggregate,Rate per 100000 people,,,Aboriginal and Torres Strait Islander people,Females,45+ years old,,ABS (unpublished) Causes of Death Australia,rate,,,,,,,,,7.4,
CtG14A.6,2014-2018,Mortality due to suicide,45,Females,Aboriginal and Torres Strait Islander people,All areas,Suicide deaths,five-year aggregate,Rate per 100000 people,,,Aboriginal and Torres Strait Islander people,Females,45+ years old,,ABS (unpublished) Causes of Death Australia,rate,,,,,,,,,7.4,
CtG14A.6,2014-2018,Mortality due to suicide,45,Females,Aboriginal and Torres Strait Islander people,All areas,Suicide deaths,five-year aggregate,Rate per 100000 people,,,Aboriginal and Torres Strait Islander people,Females,45+ years old,,ABS (unpublished) Causes of Death Australia,rate,,,,,,,,,7.4,
CtG14A.6,2014-2018,Mortality due to suicide,45,Females,Aboriginal and Torres Strait Islander people,All areas,Suicide deaths,five-year aggregate,Rate per 100000 people,,,Aboriginal and Torres Strait Islander people,Females,45+ years old,,ABS (unpublished) Causes of Death Australia,rate,,,,,,,,,7.4,
CtG14A.6,2014-2018,Mortality due to suicide,45,Females,Aboriginal and Torres Strait Islander people,All areas,Suicide deaths,five-year aggregate,Rate per 100000 people,,,Aboriginal and Torres Strait Islander people,Females,45+ years old,,ABS (unpublished) Causes of Death Australia,rate,,,,,,,,,7.4,
CtG14A.6,2014-2018,Mortality due to suicide,45,Males,Non-Indigenous people,All areas,Suicide deaths,five-year aggregate,Rate per 100000 people,,,Non-Indigenous people,Males,45+ years old,,ABS (unpublished) Causes of Death Australia,rate,,,,,,,,,24.5,
CtG14A.6,2014-2018,Mortality due to suicide,45,Males,Non-Indigenous people,All areas,Suicide deaths,five-year aggregate,Rate per 100000 people,,,Non-Indigenous people,Males,45+ years old,,ABS (unpublished) Causes of Death Australia,rate,,,,,,,,,24.5,
CtG14A.6,2014-2018,Mortality due to suicide,45,Males,Non-Indigenous people,All areas,Suicide deaths,five-year aggregate,Rate per 100000 people,,,Non-Indigenous people,Males,45+ years old,,ABS (unpublished) Causes of Death Australia,rate,,,,,,,,,24.5,
CtG14A.6,2014-2018,Mortality due to suicide,45,Males,Non-Indigenous people,All areas,Suicide deaths,five-year aggregate,Rate per 100000 people,,,Non-Indigenous people,Males,45+ years old,,ABS (unpublished) Causes of Death Australia,rate,,,,,,,,,24.5,
CtG14A.6,2014-2018,Mortality due to suicide,45,Males,Non-Indigenous people,All areas,Suicide deaths,five-year aggregate,Rate per 100000 people,,,Non-Indigenous people,Males,45+ years old,,ABS (unpublished) Causes of Death Australia,rate,,,,,,,,,24.5,
CtG14A.6,2014-2018,Mortality due to suicide,45,Females,Non-Indigenous people,All areas,Suicide deaths,five-year aggregate,Rate per 100000 people,,,Non-Indigenous people,Females,45+ years old,,ABS (unpublished) Causes of Death Australia,rate,,,,,,,,,7.8,
CtG14A.6,2014-2018,Mortality due to suicide,45,Females,Non-Indigenous people,All areas,Suicide deaths,five-year aggregate,Rate per 100000 people,,,Non-Indigenous people,Females,45+ years old,,ABS (unpublished) Causes of Death Australia,rate,,,,,,,,,7.8,
CtG14A.6,2014-2018,Mortality due to suicide,45,Females,Non-Indigenous people,All areas,Suicide deaths,five-year aggregate,Rate per 100000 people,,,Non-Indigenous people,Females,45+ years old,,ABS (unpublished) Causes of Death Australia,rate,,,,,,,,,7.8,
CtG14A.6,2014-2018,Mortality due to suicide,45,Females,Non-Indigenous people,All areas,Suicide deaths,five-year aggregate,Rate per 100000 people,,,Non-Indigenous people,Females,45+ years old,,ABS (unpublished) Causes of Death Australia,rate,,,,,,,,,7.8,
CtG14A.6,2014-2018,Mortality due to suicide,45,Females,Non-Indigenous people,All areas,Suicide deaths,five-year aggregate,Rate per 100000 people,,,Non-Indigenous people,Females,45+ years old,,ABS (unpublished) Causes of Death Australia,rate,,,,,,,,,7.8,
CtG14A.6,2014-2018,Mortality due to suicide,40,Males,Aboriginal and Torres Strait Islander people,All areas,Suicide deaths,five-year aggregate,Rate per 100000 people,,,Aboriginal and Torres Strait Islander people,Males,All ages,,ABS (unpublished) Causes of Death Australia,rate,,,,,,,,,33.5,
CtG14A.6,2014-2018,Mortality due to suicide,75,Males,Aboriginal and Torres Strait Islander people,All areas,Suicide deaths,five-year aggregate,Rate per 100000 people,,,Aboriginal and Torres Strait Islander people,Males,All ages,,ABS (unpublished) Causes of Death Australia,rate,,,,,,,,,33.5,
CtG14A.6,2014-2018,Mortality due to suicide,9,Males,Aboriginal and Torres Strait Islander people,All areas,Suicide deaths,five-year aggregate,Rate per 100000 people,,,Aboriginal and Torres Strait Islander people,Males,All ages,,ABS (unpublished) Causes of Death Australia,rate,,,,,,,,,33.5,
CtG14A.6,2014-2018,Mortality due to suicide,39,Males,Aboriginal and Torres Strait Islander people,All areas,Suicide deaths,five-year aggregate,Rate per 100000 people,,,Aboriginal and Torres Strait Islander people,Males,All ages,,ABS (unpublished) Causes of Death Australia,rate,,,,,,,,,33.5,
CtG14A.6,2014-2018,Mortality due to suicide,39,Males,Aboriginal and Torres Strait Islander people,All areas,Suicide deaths,five-year aggregate,Rate per 100000 people,,,Aboriginal and Torres Strait Islander people,Males,All ages,,ABS (unpublished) Causes of Death Australia,rate,,,,,,,,,33.5,
CtG14A.6,2014-2018,Mortality due to suicide,82,Females,Aboriginal and Torres Strait Islander people,All areas,Suicide deaths,five-year aggregate,Rate per 100000 people,,,Aboriginal and Torres Strait Islander people,Females,All ages,,ABS (unpublished) Causes of Death Australia,rate,,,,,,,,,12.1,
CtG14A.6,2014-2018,Mortality due to suicide,28,Females,Aboriginal and Torres Strait Islander people,All areas,Suicide deaths,five-year aggregate,Rate per 100000 people,,,Aboriginal and Torres Strait Islander people,Females,All ages,,ABS (unpublished) Causes of Death Australia,rate,,,,,,,,,12.1,
CtG14A.6,2014-2018,Mortality due to suicide,57,Females,Aboriginal and Torres Strait Islander people,All areas,Suicide deaths,five-year aggregate,Rate per 100000 people,,,Aboriginal and Torres Strait Islander people,Females,All ages,,ABS (unpublished) Causes of Death Australia,rate,,,,,,,,,12.1,
CtG14A.6,2014-2018,Mortality due to suicide,8,Females,Aboriginal and Torres Strait Islander people,All areas,Suicide deaths,five-year aggregate,Rate per 100000 people,,,Aboriginal and Torres Strait Islander people,Females,All ages,,ABS (unpublished) Causes of Death Australia,rate,,,,,,,,,12.1,
CtG14A.6,2014-2018,Mortality due to suicide,73,Females,Aboriginal and Torres Strait Islander people,All areas,Suicide deaths,five-year aggregate,Rate per 100000 people,,,Aboriginal and Torres Strait Islander people,Females,All ages,,ABS (unpublished) Causes of Death Australia,rate,,,,,,,,,12.1,
CtG14A.6,2014-2018,Mortality due to suicide,79,Males,Non-Indigenous people,All areas,Suicide deaths,five-year aggregate,Rate per 100000 people,,,Non-Indigenous people,Males,All ages,,ABS (unpublished) Causes of Death Australia,rate,,,,,,,,,19.3,
CtG14A.6,2014-2018,Mortality due to suicide,36,Males,Non-Indigenous people,All areas,Suicide deaths,five-year aggregate,Rate per 100000 people,,,Non-Indigenous people,Males,All ages,,ABS (unpublished) Causes of Death Australia,rate,,,,,,,,,19.3,
CtG14A.6,2014-2018,Mortality due to suicide,35,Males,Non-Indigenous people,All areas,Suicide deaths,five-year aggregate,Rate per 100000 people,,,Non-Indigenous people,Males,All ages,,ABS (unpublished) Causes of Death Australia,rate,,,,,,,,,19.3,
CtG14A.6,2014-2018,Mortality due to suicide,47,Males,Non-Indigenous people,All areas,Suicide deaths,five-year aggregate,Rate per 100000 people,,,Non-Indigenous people,Males,All ages,,ABS (unpublished) Causes of Death Australia,rate,,,,,,,,,19.3,
CtG14A.6,2014-2018,Mortality due to suicide,6,Males,Non-Indigenous people,All areas,Suicide deaths,five-year aggregate,Rate per 100000 people,,,Non-Indigenous people,Males,All ages,,ABS (unpublished) Causes of Death Australia,rate,,,,,,,,,19.3,
CtG14A.6,2014-2018,Mortality due to suicide,68,Females,Non-Indigenous people,All areas,Suicide deaths,five-year aggregate,Rate per 100000 people,,,Non-Indigenous people,Females,All ages,,ABS (unpublished) Causes of Death Australia,rate,,,,,,,,,6.2,
CtG14A.6,2014-2018,Mortality due to suicide,50,Females,Non-Indigenous people,All areas,Suicide deaths,five-year aggregate,Rate per 100000 people,,,Non-Indigenous people,Females,All ages,,ABS (unpublished) Causes of Death Australia,rate,,,,,,,,,6.2,
CtG14A.6,2014-2018,Mortality due to suicide,63,Females,Non-Indigenous people,All areas,Suicide deaths,five-year aggregate,Rate per 100000 people,,,Non-Indigenous people,Females,All ages,,ABS (unpublished) Causes of Death Australia,rate,,,,,,,,,6.2,
CtG14A.6,2014-2018,Mortality due to suicide,52,Females,Non-Indigenous people,All areas,Suicide deaths,five-year aggregate,Rate per 100000 people,,,Non-Indigenous people,Females,All ages,,ABS (unpublished) Causes of Death Australia,rate,,,,,,,,,6.2,
CtG14A.6,2014-2018,Mortality due to suicide,84,Females,Non-Indigenous people,All areas,Suicide deaths,five-year aggregate,Rate per 100000 people,,,Non-Indigenous people,Females,All ages,,ABS (unpublished) Causes of Death Australia,rate,,,,,,,,,6.2,
CtG14A.7,2018-2022,Mortality due to suicide,46,All people,Aboriginal and Torres Strait Islander people,Major cities,Suicide deaths,five-year aggregate,Rate per 100000 people,,,Aboriginal and Torres Strait Islander people,,Major cities,,ABS (unpublished) Causes of Death Australia,rate (AS),,,,,,,,,,25.5
CtG14A.7,2018-2022,Mortality due to suicide,47,All people,Aboriginal and Torres Strait Islander people,Major cities,Suicide deaths,five-year aggregate,Rate per 100000 people,,,Aboriginal and Torres Strait Islander people,,Major cities,,ABS (unpublished) Causes of Death Australia,rate (AS),,,,,,,,,,25.5
CtG14A.7,2018-2022,Mortality due to suicide,40,All people,Aboriginal and Torres Strait Islander people,Major cities,Suicide deaths,five-year aggregate,Rate per 100000 people,,,Aboriginal and Torres Strait Islander people,,Major cities,,ABS (unpublished) Causes of Death Australia,rate (AS),,,,,,,,,,25.5
CtG14A.7,2018-2022,Mortality due to suicide,48,All people,Aboriginal and Torres Strait Islander people,Major cities,Suicide deaths,five-year aggregate,Rate per 100000 people,,,Aboriginal and Torres Strait Islander people,,Major cities,,ABS (unpublished) Causes of Death Australia,rate (AS),,,,,,,,,,25.5
CtG14A.7,2018-2022,Mortality due to suicide,53,All people,Aboriginal and Torres Strait Islander people,Major cities,Suicide deaths,five-year aggregate,Rate per 100000 people,,,Aboriginal and Torres Strait Islander people,,Major cities,,ABS (unpublished) Causes of Death Australia,rate (AS),,,,,,,,,,25.5
CtG14A.7,2018-2022,Mortality due to suicide,72,All people,Non-Indigenous people,Major cities,Suicide deaths,five-year aggregate,Rate per 100000 people,,,Non-Indigenous people,,Major cities,,ABS (unpublished) Causes of Death Australia,rate (AS),,,,,,,,,,10.2
CtG14A.7,2018-2022,Mortality due to suicide,33,All people,Non-Indigenous people,Major cities,Suicide deaths,five-year aggregate,Rate per 100000 people,,,Non-Indigenous people,,Major cities,,ABS (unpublished) Causes of Death Australia,rate (AS),,,,,,,,,,10.2
CtG14A.7,2018-2022,Mortality due to suicide,21,All people,Non-Indigenous people,Major cities,Suicide deaths,five-year aggregate,Rate per 100000 people,,,Non-Indigenous people,,Major cities,,ABS (unpublished) Causes of Death Australia,rate (AS),,,,,,,,,,10.2
CtG14A.7,2018-2022,Mortality due to suicide,17,All people,Non-Indigenous people,Major cities,Suicide deaths,five-year aggregate,Rate per 100000 people,,,Non-Indigenous people,,Major cities,,ABS (unpublished) Causes of Death Australia,rate (AS),,,,,,,,,,10.2
CtG14A.7,2018-2022,Mortality due to suicide,14,All people,Non-Indigenous people,Major cities,Suicide deaths,five-year aggregate,Rate per 100000 people,,,Non-Indigenous people,,Major cities,,ABS (unpublished) Causes of Death Australia,rate (AS),,,,,,,,,,10.2
CtG14A.7,2018-2022,Mortality due to suicide,32,All people,Aboriginal and Torres Strait Islander people,Inner and outer regional,Suicide deaths,five-year aggregate,Rate per 100000 people,,,Aboriginal and Torres Strait Islander people,,Inner and outer regional,,ABS (unpublished) Causes of Death Australia,rate (AS),,,,,,,,,,26.5
CtG14A.7,2018-2022,Mortality due to suicide,43,All people,Aboriginal and Torres Strait Islander people,Inner and outer regional,Suicide deaths,five-year aggregate,Rate per 100000 people,,,Aboriginal and Torres Strait Islander people,,Inner and outer regional,,ABS (unpublished) Causes of Death Australia,rate (AS),,,,,,,,,,26.5
CtG14A.7,2018-2022,Mortality due to suicide,35,All people,Aboriginal and Torres Strait Islander people,Inner and outer regional,Suicide deaths,five-year aggregate,Rate per 100000 people,,,Aboriginal and Torres Strait Islander people,,Inner and outer regional,,ABS (unpublished) Causes of Death Australia,rate (AS),,,,,,,,,,26.5
CtG14A.7,2018-2022,Mortality due to suicide,43,All people,Aboriginal and Torres Strait Islander people,Inner and outer regional,Suicide deaths,five-year aggregate,Rate per 100000 people,,,Aboriginal and Torres Strait Islander people,,Inner and outer regional,,ABS (unpublished) Causes of Death Australia,rate (AS),,,,,,,,,,26.5
CtG14A.7,2018-2022,Mortality due to suicide,21,All people,Aboriginal and Torres Strait Islander people,Inner and outer regional,Suicide deaths,five-year aggregate,Rate per 100000 people,,,Aboriginal and Torres Strait Islander people,,Inner and outer regional,,ABS (unpublished) Causes of Death Australia,rate (AS),,,,,,,,,,26.5
CtG14A.7,2018-2022,Mortality due to suicide,61,All people,Non-Indigenous people,Inner and outer regional,Suicide deaths,five-year aggregate,Rate per 100000 people,,,Non-Indigenous people,,Inner and outer regional,,ABS (unpublished) Causes of Death Australia,rate (AS),,,,,,,,,,15.7
CtG14A.7,2018-2022,Mortality due to suicide,89,All people,Non-Indigenous people,Inner and outer regional,Suicide deaths,five-year aggregate,Rate per 100000 people,,,Non-Indigenous people,,Inner and outer regional,,ABS (unpublished) Causes of Death Australia,rate (AS),,,,,,,,,,15.7
CtG14A.7,2018-2022,Mortality due to suicide,75,All people,Non-Indigenous people,Inner and outer regional,Suicide deaths,five-year aggregate,Rate per 100000 people,,,Non-Indigenous people,,Inner and outer regional,,ABS (unpublished) Causes of Death Australia,rate (AS),,,,,,,,,,15.7
CtG14A.7,2018-2022,Mortality due to suicide,92,All people,Non-Indigenous people,Inner and outer regional,Suicide deaths,five-year aggregate,Rate per 100000 people,,,Non-Indigenous people,,Inner and outer regional,,ABS (unpublished) Causes of Death Australia,rate (AS),,,,,,,,,,15.7
CtG14A.7,2018-2022,Mortality due to suicide,23,All people,Non-Indigenous people,Inner and outer regional,Suicide deaths,five-year aggregate,Rate per 100000 people,,,Non-Indigenous people,,Inner and outer regional,,ABS (unpublished) Causes of Death Australia,rate (AS),,,,,,,,,,15.7
CtG14A.7,2018-2022,Mortality due to suicide,83,All people,Aboriginal and Torres Strait Islander people,Remote and very remote,Suicide deaths,five-year aggregate,Rate per 100000 people,,,Aboriginal and Torres Strait Islander people,,Remote and very remote,,ABS (unpublished) Causes of Death Australia,rate (AS),,,,,,,,,,30.8
CtG14A.7,2018-2022,Mortality due to suicide,70,All people,Aboriginal and Torres Strait Islander people,Remote and very remote,Suicide deaths,five-year aggregate,Rate per 100000 people,,,Aboriginal and Torres Strait Islander people,,Remote and very remote,,ABS (unpublished) Causes of Death Australia,rate (AS),,,,,,,,,,30.8
CtG14A.7,2018-2022,Mortality due to suicide,19,All people,Aboriginal and Torres Strait Islander people,Remote and very remote,Suicide deaths,five-year aggregate,Rate per 100000 people,,,Aboriginal and Torres Strait Islander people,,Remote and very remote,,ABS (unpublished) Causes of Death Australia,rate (AS),,,,,,,,,,30.8
CtG14A.7,2018-2022,Mortality due to suicide,68,All people,Aboriginal and Torres Strait Islander people,Remote and very remote,Suicide deaths,five-year aggregate,Rate per 100000 people,,,Aboriginal and Torres Strait Islander people,,Remote and very remote,,ABS (unpublished) Causes of Death Australia,rate (AS),,,,,,,,,,30.8
CtG14A.7,2018-2022,Mortality due to suicide,55,All people,Aboriginal and Torres Strait Islander people,Remote and very remote,Suicide deaths,five-year aggregate,Rate per 100000 people,,,Aboriginal and Torres Strait Islander people,,Remote and very remote,,ABS (unpublished) Causes of Death Australia,rate (AS),,,,,,,,,,30.8
CtG14A.7,2018-2022,Mortality due to suicide,44,All people,Non-Indigenous people,Remote and very remote,Suicide deaths,five-year aggregate,Rate per 100000 people,,,Non-Indigenous people,,Remote and very remote,,ABS (unpublished) Causes of Death Australia,rate (AS),,,,,,,,,,15.5
CtG14A.7,2018-2022,Mortality due to suicide,78,All people,Non-Indigenous people,Remote and very remote,Suicide deaths,five-year aggregate,Rate per 100000 people,,,Non-Indigenous people,,Remote and very remote,,ABS (unpublished) Causes of Death Australia,rate (AS),,,,,,,,,,15.5
CtG14A.7,2018-2022,Mortality due to suicide,59,All people,Non-Indigenous people,Remote and very remote,Suicide deaths,five-year aggregate,Rate per 100000 people,,,Non-Indigenous people,,Remote and very remote,,ABS (unpublished) Causes of Death Australia,rate (AS),,,,,,,,,,15.5
CtG14A.7,2018-2022,Mortality due to suicide,88,All people,Non-Indigenous people,Remote and very remote,Suicide deaths,five-year aggregate,Rate per 100000 people,,,Non-Indigenous people,,Remote and very remote,,ABS (unpublished) Causes of Death Australia,rate (AS),,,,,,,,,,15.5
CtG14A.7,2018-2022,Mortality due to suicide,22,All people,Non-Indigenous people,Remote and very remote,Suicide deaths,five-year aggregate,Rate per 100000 people,,,Non-Indigenous people,,Remote and very remote,,ABS (unpublished) Causes of Death Australia,rate (AS),,,,,,,,,,15.5
CtG14A.7,2017-2021,Mortality due to suicide,79,All people,Aboriginal and Torres Strait Islander people,Major cities,Suicide deaths,five-year aggregate,Rate per 100000 people,,,Aboriginal and Torres Strait Islander people,,Major cities,,ABS (unpublished) Causes of Death Australia,rate (AS),,,,,,,,,,23.1
CtG14A.7,2017-2021,Mortality due to suicide,25,All people,Aboriginal and Torres Strait Islander people,Major cities,Suicide deaths,five-year aggregate,Rate per 100000 people,,,Aboriginal and Torres Strait Islander people,,Major cities,,ABS (unpublished) Causes of Death Australia,rate (AS),,,,,,,,,,23.1
CtG14A.7,2017-2021,Mortality due to suicide,37,All people,Aboriginal and Torres Strait Islander people,Major cities,Suicide deaths,five-year aggregate,Rate per 100000 people,,,Aboriginal and Torres Strait Islander people,,Major cities,,ABS (unpublished) Causes of Death Australia,rate (AS),,,,,,,,,,23.1
CtG14A.7,2017-2021,Mortality due to suicide,67,All people,Aboriginal and Torres Strait Islander people,Major cities,Suicide deaths,five-year aggregate,Rate per 100000 people,,,Aboriginal and Torres Strait Islander people,,Major cities,,ABS (unpublished) Causes of Death Australia,rate (AS),,,,,,,,,,23.1
CtG14A.7,2017-2021,Mortality due to suicide,87,All people,Aboriginal and Torres Strait Islander people,Major cities,Suicide deaths,five-year aggregate,Rate per 100000 people,,,Aboriginal and Torres Strait Islander people,,Major cities,,ABS (unpublished) Causes of Death Australia,rate (AS),,,,,,,,,,23.1
CtG14A.7,2017-2021,Mortality due to suicide,77,All people,Non-Indigenous people,Major cities,Suicide deaths,five-year aggregate,Rate per 100000 people,,,Non-Indigenous people,,Major cities,,ABS (unpublished) Causes of Death Australia,rate (AS),,,,,,,,,,10.4
CtG14A.7,2017-2021,Mortality due to suicide,48,All people,Non-Indigenous people,Major cities,Suicide deaths,five-year aggregate,Rate per 100000 people,,,Non-Indigenous people,,Major cities,,ABS (unpublished) Causes of Death Australia,rate (AS),,,,,,,,,,10.4
CtG14A.7,2017-2021,Mortality due to suicide,75,All people,Non-Indigenous people,Major cities,Suicide deaths,five-year aggregate,Rate per 100000 people,,,Non-Indigenous people,,Major cities,,ABS (unpublished) Causes of Death Australia,rate (AS),,,,,,,,,,10.4
CtG14A.7,2017-2021,Mortality due to suicide,50,All people,Non-Indigenous people,Major cities,Suicide deaths,five-year aggregate,Rate per 100000 people,,,Non-Indigenous people,,Major cities,,ABS (unpublished) Causes of Death Australia,rate (AS),,,,,,,,,,10.4
CtG14A.7,2017-2021,Mortality due to suicide,98,All people,Non-Indigenous people,Major cities,Suicide deaths,five-year aggregate,Rate per 100000 people,,,Non-Indigenous people,,Major cities,,ABS (unpublished) Causes of Death Australia,rate (AS),,,,,,,,,,10.4
CtG14A.7,2017-2021,Mortality due to suicide,16,All people,Aboriginal and Torres Strait Islander people,Inner and outer regional,Suicide deaths,five-year aggregate,Rate per 100000 people,,,Aboriginal and Torres Strait Islander people,,Inner and outer regional,,ABS (unpublished) Causes of Death Australia,rate (AS),,,,,,,,,,25.4
CtG14A.7,2017-2021,Mortality due to suicide,15,All people,Aboriginal and Torres Strait Islander people,Inner and outer regional,Suicide deaths,five-year aggregate,Rate per 100000 people,,,Aboriginal and Torres Strait Islander people,,Inner and outer regional,,ABS (unpublished) Causes of Death Australia,rate (AS),,,,,,,,,,25.4
CtG14A.7,2017-2021,Mortality due to suicide,95,All people,Aboriginal and Torres Strait Islander people,Inner and outer regional,Suicide deaths,five-year aggregate,Rate per 100000 people,,,Aboriginal and Torres Strait Islander people,,Inner and outer regional,,ABS (unpublished) Causes of Death Australia,rate (AS),,,,,,,,,,25.4
CtG14A.7,2017-2021,Mortality due to suicide,12,All people,Aboriginal and Torres Strait Islander people,Inner and outer regional,Suicide deaths,five-year aggregate,Rate per 100000 people,,,Aboriginal and Torres Strait Islander people,,Inner and outer regional,,ABS (unpublished) Causes of Death Australia,rate (AS),,,,,,,,,,25.4
CtG14A.7,2017-2021,Mortality due to suicide,68,All people,Aboriginal and Torres Strait Islander people,Inner and outer regional,Suicide deaths,five-year aggregate,Rate per 100000 people,,,Aboriginal and Torres Strait Islander people,,Inner and outer regional,,ABS (unpublished) Causes of Death Australia,rate (AS),,,,,,,,,,25.4
CtG14A.7,2017-2021,Mortality due to suicide,47,All people,Non-Indigenous people,Inner and outer regional,Suicide deaths,five-year aggregate,Rate per 100000 people,,,Non-Indigenous people,,Inner and outer regional,,ABS (unpublished) Causes of Death Australia,rate (AS),,,,,,,,,,16
CtG14A.7,2017-2021,Mortality due to suicide,29,All people,Non-Indigenous people,Inner and outer regional,Suicide deaths,five-year aggregate,Rate per 100000 people,,,Non-Indigenous people,,Inner and outer regional,,ABS (unpublished) Causes of Death Australia,rate (AS),,,,,,,,,,16
CtG14A.7,2017-2021,Mortality due to suicide,32,All people,Non-Indigenous people,Inner and outer regional,Suicide deaths,five-year aggregate,Rate per 100000 people,,,Non-Indigenous people,,Inner and outer regional,,ABS (unpublished) Causes of Death Australia,rate (AS),,,,,,,,,,16
CtG14A.7,2017-2021,Mortality due to suicide,50,All people,Non-Indigenous people,Inner and outer regional,Suicide deaths,five-year aggregate,Rate per 100000 people,,,Non-Indigenous people,,Inner and outer regional,,ABS (unpublished) Causes of Death Australia,rate (AS),,,,,,,,,,16
CtG14A.7,2017-2021,Mortality due to suicide,0,All people,Non-Indigenous people,Inner and outer regional,Suicide deaths,five-year aggregate,Rate per 100000 people,,,Non-Indigenous people,,Inner and outer regional,,ABS (unpublished) Causes of Death Australia,rate (AS),,,,,,,,,,16
CtG14A.7,2017-2021,Mortality due to suicide,42,All people,Aboriginal and Torres Strait Islander people,Remote and very remote,Suicide deaths,five-year aggregate,Rate per 100000 people,,,Aboriginal and Torres Strait Islander people,,Remote and very remote,,ABS (unpublished) Causes of Death Australia,rate (AS),,,,,,,,,,29.9
CtG14A.7,2017-2021,Mortality due to suicide,84,All people,Aboriginal and Torres Strait Islander people,Remote and very remote,Suicide deaths,five-year aggregate,Rate per 100000 people,,,Aboriginal and Torres Strait Islander people,,Remote and very remote,,ABS (unpublished) Causes of Death Australia,rate (AS),,,,,,,,,,29.9
CtG14A.7,2017-2021,Mortality due to suicide,17,All people,Aboriginal and Torres Strait Islander people,Remote and very remote,Suicide deaths,five-year aggregate,Rate per 100000 people,,,Aboriginal and Torres Strait Islander people,,Remote and very remote,,ABS (unpublished) Causes of Death Australia,rate (AS),,,,,,,,,,29.9
CtG14A.7,2017-2021,Mortality due to suicide,0,All people,Aboriginal and Torres Strait Islander people,Remote and very remote,Suicide deaths,five-year aggregate,Rate per 100000 people,,,Aboriginal and Torres Strait Islander people,,Remote and very remote,,ABS (unpublished) Causes of Death Australia,rate (AS),,,,,,,,,,29.9
CtG14A.7,2017-2021,Mortality due to suicide,9,All people,Aboriginal and Torres Strait Islander people,Remote and very remote,Suicide deaths,five-year aggregate,Rate per 100000 people,,,Aboriginal and Torres Strait Islander people,,Remote and very remote,,ABS (unpublished) Causes of Death Australia,rate (AS),,,,,,,,,,29.9
CtG14A.7,2017-2021,Mortality due to suicide,25,All people,Non-Indigenous people,Remote and very remote,Suicide deaths,five-year aggregate,Rate per 100000 people,,,Non-Indigenous people,,Remote and very remote,,ABS (unpublished) Causes of Death Australia,rate (AS),,,,,,,,,,15.6
CtG14A.7,2017-2021,Mortality due to suicide,2,All people,Non-Indigenous people,Remote and very remote,Suicide deaths,five-year aggregate,Rate per 100000 people,,,Non-Indigenous people,,Remote and very remote,,ABS (unpublished) Causes of Death Australia,rate (AS),,,,,,,,,,15.6
CtG14A.7,2017-2021,Mortality due to suicide,100,All people,Non-Indigenous people,Remote and very remote,Suicide deaths,five-year aggregate,Rate per 100000 people,,,Non-Indigenous people,,Remote and very remote,,ABS (unpublished) Causes of Death Australia,rate (AS),,,,,,,,,,15.6
CtG14A.7,2017-2021,Mortality due to suicide,87,All people,Non-Indigenous people,Remote and very remote,Suicide deaths,five-year aggregate,Rate per 100000 people,,,Non-Indigenous people,,Remote and very remote,,ABS (unpublished) Causes of Death Australia,rate (AS),,,,,,,,,,15.6
CtG14A.7,2017-2021,Mortality due to suicide,71,All people,Non-Indigenous people,Remote and very remote,Suicide deaths,five-year aggregate,Rate per 100000 people,,,Non-Indigenous people,,Remote and very remote,,ABS (unpublished) Causes of Death Australia,rate (AS),,,,,,,,,,15.6
CtG14A.7,2016-2020,Mortality due to suicide,29,All people,Aboriginal and Torres Strait Islander people,Major cities,Suicide deaths,five-year aggregate,Rate per 100000 people,,,Aboriginal and Torres Strait Islander people,,Major cities,,ABS (unpublished) Causes of Death Australia,rate (AS),,,,,,,,,,22.3
CtG14A.7,2016-2020,Mortality due to suicide,74,All people,Aboriginal and Torres Strait Islander people,Major cities,Suicide deaths,five-year aggregate,Rate per 100000 people,,,Aboriginal and Torres Strait Islander people,,Major cities,,ABS (unpublished) Causes of Death Australia,rate (AS),,,,,,,,,,22.3
CtG14A.7,2016-2020,Mortality due to suicide,21,All people,Aboriginal and Torres Strait Islander people,Major cities,Suicide deaths,five-year aggregate,Rate per 100000 people,,,Aboriginal and Torres Strait Islander people,,Major cities,,ABS (unpublished) Causes of Death Australia,rate (AS),,,,,,,,,,22.3
CtG14A.7,2016-2020,Mortality due to suicide,21,All people,Aboriginal and Torres Strait Islander people,Major cities,Suicide deaths,five-year aggregate,Rate per 100000 people,,,Aboriginal and Torres Strait Islander people,,Major cities,,ABS (unpublished) Causes of Death Australia,rate (AS),,,,,,,,,,22.3
CtG14A.7,2016-2020,Mortality due to suicide,84,All people,Aboriginal and Torres Strait Islander people,Major cities,Suicide deaths,five-year aggregate,Rate per 100000 people,,,Aboriginal and Torres Strait Islander people,,Major cities,,ABS (unpublished) Causes of Death Australia,rate (AS),,,,,,,,,,22.3
CtG14A.7,2016-2020,Mortality due to suicide,60,All people,Non-Indigenous people,Major cities,Suicide deaths,five-year aggregate,Rate per 100000 people,,,Non-Indigenous people,,Major cities,,ABS (unpublished) Causes of Death Australia,rate (AS),,,,,,,,,,10.4
CtG14A.7,2016-2020,Mortality due to suicide,85,All people,Non-Indigenous people,Major cities,Suicide deaths,five-year aggregate,Rate per 100000 people,,,Non-Indigenous people,,Major cities,,ABS (unpublished) Causes of Death Australia,rate (AS),,,,,,,,,,10.4
CtG14A.7,2016-2020,Mortality due to suicide,3,All people,Non-Indigenous people,Major cities,Suicide deaths,five-year aggregate,Rate per 100000 people,,,Non-Indigenous people,,Major cities,,ABS (unpublished) Causes of Death Australia,rate (AS),,,,,,,,,,10.4
CtG14A.7,2016-2020,Mortality due to suicide,6,All people,Non-Indigenous people,Major cities,Suicide deaths,five-year aggregate,Rate per 100000 people,,,Non-Indigenous people,,Major cities,,ABS (unpublished) Causes of Death Australia,rate (AS),,,,,,,,,,10.4
CtG14A.7,2016-2020,Mortality due to suicide,46,All people,Non-Indigenous people,Major cities,Suicide deaths,five-year aggregate,Rate per 100000 people,,,Non-Indigenous people,,Major cities,,ABS (unpublished) Causes of Death Australia,rate (AS),,,,,,,,,,10.4
CtG14A.7,2016-2020,Mortality due to suicide,86,All people,Aboriginal and Torres Strait Islander people,Inner and outer regional,Suicide deaths,five-year aggregate,Rate per 100000 people,,,Aboriginal and Torres Strait Islander people,,Inner and outer regional,,ABS (unpublished) Causes of Death Australia,rate (AS),,,,,,,,,,24
CtG14A.7,2016-2020,Mortality due to suicide,95,All people,Aboriginal and Torres Strait Islander people,Inner and outer regional,Suicide deaths,five-year aggregate,Rate per 100000 people,,,Aboriginal and Torres Strait Islander people,,Inner and outer regional,,ABS (unpublished) Causes of Death Australia,rate (AS),,,,,,,,,,24
CtG14A.7,2016-2020,Mortality due to suicide,2,All people,Aboriginal and Torres Strait Islander people,Inner and outer regional,Suicide deaths,five-year aggregate,Rate per 100000 people,,,Aboriginal and Torres Strait Islander people,,Inner and outer regional,,ABS (unpublished) Causes of Death Australia,rate (AS),,,,,,,,,,24
CtG14A.7,2016-2020,Mortality due to suicide,92,All people,Aboriginal and Torres Strait Islander people,Inner and outer regional,Suicide deaths,five-year aggregate,Rate per 100000 people,,,Aboriginal and Torres Strait Islander people,,Inner and outer regional,,ABS (unpublished) Causes of Death Australia,rate (AS),,,,,,,,,,24
CtG14A.7,2016-2020,Mortality due to suicide,86,All people,Aboriginal and Torres Strait Islander people,Inner and outer regional,Suicide deaths,five-year aggregate,Rate per 100000 people,,,Aboriginal and Torres Strait Islander people,,Inner and outer regional,,ABS (unpublished) Causes of Death Australia,rate (AS),,,,,,,,,,24
CtG14A.7,2016-2020,Mortality due to suicide,94,All people,Non-Indigenous people,Inner and outer regional,Suicide deaths,five-year aggregate,Rate per 100000 people,,,Non-Indigenous people,,Inner and outer regional,,ABS (unpublished) Causes of Death Australia,rate (AS),,,,,,,,,,16
CtG14A.7,2016-2020,Mortality due to suicide,77,All people,Non-Indigenous people,Inner and outer regional,Suicide deaths,five-year aggregate,Rate per 100000 people,,,Non-Indigenous people,,Inner and outer regional,,ABS (unpublished) Causes of Death Australia,rate (AS),,,,,,,,,,16
CtG14A.7,2016-2020,Mortality due to suicide,92,All people,Non-Indigenous people,Inner and outer regional,Suicide deaths,five-year aggregate,Rate per 100000 people,,,Non-Indigenous people,,Inner and outer regional,,ABS (unpublished) Causes of Death Australia,rate (AS),,,,,,,,,,16
CtG14A.7,2016-2020,Mortality due to suicide,22,All people,Non-Indigenous people,Inner and outer regional,Suicide deaths,five-year aggregate,Rate per 100000 people,,,Non-Indigenous people,,Inner and outer regional,,ABS (unpublished) Causes of Death Australia,rate (AS),,,,,,,,,,16
CtG14A.7,2016-2020,Mortality due to suicide,3,All people,Non-Indigenous people,Inner and outer regional,Suicide deaths,five-year aggregate,Rate per 100000 people,,,Non-Indigenous people,,Inner and outer regional,,ABS (unpublished) Causes of Death Australia,rate (AS),,,,,,,,,,16
CtG14A.7,2016-2020,Mortality due to suicide,6,All people,Aboriginal and Torres Strait Islander people,Remote and very remote,Suicide deaths,five-year aggregate,Rate per 100000 people,,,Aboriginal and Torres Strait Islander people,,Remote and very remote,,ABS (unpublished) Causes of Death Australia,rate (AS),,,,,,,,,,29.5
CtG14A.7,2016-2020,Mortality due to suicide,78,All people,Aboriginal and Torres Strait Islander people,Remote and very remote,Suicide deaths,five-year aggregate,Rate per 100000 people,,,Aboriginal and Torres Strait Islander people,,Remote and very remote,,ABS (unpublished) Causes of Death Australia,rate (AS),,,,,,,,,,29.5
CtG14A.7,2016-2020,Mortality due to suicide,73,All people,Aboriginal and Torres Strait Islander people,Remote and very remote,Suicide deaths,five-year aggregate,Rate per 100000 people,,,Aboriginal and Torres Strait Islander people,,Remote and very remote,,ABS (unpublished) Causes of Death Australia,rate (AS),,,,,,,,,,29.5
CtG14A.7,2016-2020,Mortality due to suicide,74,All people,Aboriginal and Torres Strait Islander people,Remote and very remote,Suicide deaths,five-year aggregate,Rate per 100000 people,,,Aboriginal and Torres Strait Islander people,,Remote and very remote,,ABS (unpublished) Causes of Death Australia,rate (AS),,,,,,,,,,29.5
CtG14A.7,2016-2020,Mortality due to suicide,74,All people,Aboriginal and Torres Strait Islander people,Remote and very remote,Suicide deaths,five-year aggregate,Rate per 100000 people,,,Aboriginal and Torres Strait Islander people,,Remote and very remote,,ABS (unpublished) Causes of Death Australia,rate (AS),,,,,,,,,,29.5
CtG14A.7,2016-2020,Mortality due to suicide,3,All people,Non-Indigenous people,Remote and very remote,Suicide deaths,five-year aggregate,Rate per 100000 people,,,Non-Indigenous people,,Remote and very remote,,ABS (unpublished) Causes of Death Australia,rate (AS),,,,,,,,,,15.1
CtG14A.7,2016-2020,Mortality due to suicide,90,All people,Non-Indigenous people,Remote and very remote,Suicide deaths,five-year aggregate,Rate per 100000 people,,,Non-Indigenous people,,Remote and very remote,,ABS (unpublished) Causes of Death Australia,rate (AS),,,,,,,,,,15.1
CtG14A.7,2016-2020,Mortality due to suicide,69,All people,Non-Indigenous people,Remote and very remote,Suicide deaths,five-year aggregate,Rate per 100000 people,,,Non-Indigenous people,,Remote and very remote,,ABS (unpublished) Causes of Death Australia,rate (AS),,,,,,,,,,15.1
CtG14A.7,2016-2020,Mortality due to suicide,49,All people,Non-Indigenous people,Remote and very remote,Suicide deaths,five-year aggregate,Rate per 100000 people,,,Non-Indigenous people,,Remote and very remote,,ABS (unpublished) Causes of Death Australia,rate (AS),,,,,,,,,,15.1
CtG14A.7,2016-2020,Mortality due to suicide,14,All people,Non-Indigenous people,Remote and very remote,Suicide deaths,five-year aggregate,Rate per 100000 people,,,Non-Indigenous people,,Remote and very remote,,ABS (unpublished) Causes of Death Australia,rate (AS),,,,,,,,,,15.1
CtG14A.7,2015-2019,Mortality due to suicide,26,All people,Aboriginal and Torres Strait Islander people,Major cities,Suicide deaths,five-year aggregate,Rate per 100000 people,,,Aboriginal and Torres Strait Islander people,,Major cities,,ABS (unpublished) Causes of Death Australia,rate (AS),,,,,,,,,,21.4
CtG14A.7,2015-2019,Mortality due to suicide,61,All people,Aboriginal and Torres Strait Islander people,Major cities,Suicide deaths,five-year aggregate,Rate per 100000 people,,,Aboriginal and Torres Strait Islander people,,Major cities,,ABS (unpublished) Causes of Death Australia,rate (AS),,,,,,,,,,21.4
CtG14A.7,2015-2019,Mortality due to suicide,99,All people,Aboriginal and Torres Strait Islander people,Major cities,Suicide deaths,five-year aggregate,Rate per 100000 people,,,Aboriginal and Torres Strait Islander people,,Major cities,,ABS (unpublished) Causes of Death Australia,rate (AS),,,,,,,,,,21.4
CtG14A.7,2015-2019,Mortality due to suicide,46,All people,Aboriginal and Torres Strait Islander people,Major cities,Suicide deaths,five-year aggregate,Rate per 100000 people,,,Aboriginal and Torres Strait Islander people,,Major cities,,ABS (unpublished) Causes of Death Australia,rate (AS),,,,,,,,,,21.4
CtG14A.7,2015-2019,Mortality due to suicide,47,All people,Aboriginal and Torres Strait Islander people,Major cities,Suicide deaths,five-year aggregate,Rate per 100000 people,,,Aboriginal and Torres Strait Islander people,,Major cities,,ABS (unpublished) Causes of Death Australia,rate (AS),,,,,,,,,,21.4
CtG14A.7,2015-2019,Mortality due to suicide,63,All people,Non-Indigenous people,Major cities,Suicide deaths,five-year aggregate,Rate per 100000 people,,,Non-Indigenous people,,Major cities,,ABS (unpublished) Causes of Death Australia,rate (AS),,,,,,,,,,10.7
CtG14A.7,2015-2019,Mortality due to suicide,53,All people,Non-Indigenous people,Major cities,Suicide deaths,five-year aggregate,Rate per 100000 people,,,Non-Indigenous people,,Major cities,,ABS (unpublished) Causes of Death Australia,rate (AS),,,,,,,,,,10.7
CtG14A.7,2015-2019,Mortality due to suicide,99,All people,Non-Indigenous people,Major cities,Suicide deaths,five-year aggregate,Rate per 100000 people,,,Non-Indigenous people,,Major cities,,ABS (unpublished) Causes of Death Australia,rate (AS),,,,,,,,,,10.7
CtG14A.7,2015-2019,Mortality due to suicide,30,All people,Non-Indigenous people,Major cities,Suicide deaths,five-year aggregate,Rate per 100000 people,,,Non-Indigenous people,,Major cities,,ABS (unpublished) Causes of Death Australia,rate (AS),,,,,,,,,,10.7
CtG14A.7,2015-2019,Mortality due to suicide,70,All people,Non-Indigenous people,Major cities,Suicide deaths,five-year aggregate,Rate per 100000 people,,,Non-Indigenous people,,Major cities,,ABS (unpublished) Causes of Death Australia,rate (AS),,,,,,,,,,10.7
CtG14A.7,2015-2019,Mortality due to suicide,77,All people,Aboriginal and Torres Strait Islander people,Inner and outer regional,Suicide deaths,five-year aggregate,Rate per 100000 people,,,Aboriginal and Torres Strait Islander people,,Inner and outer regional,,ABS (unpublished) Causes of Death Australia,rate (AS),,,,,,,,,,23.1
CtG14A.7,2015-2019,Mortality due to suicide,3,All people,Aboriginal and Torres Strait Islander people,Inner and outer regional,Suicide deaths,five-year aggregate,Rate per 100000 people,,,Aboriginal and Torres Strait Islander people,,Inner and outer regional,,ABS (unpublished) Causes of Death Australia,rate (AS),,,,,,,,,,23.1
CtG14A.7,2015-2019,Mortality due to suicide,93,All people,Aboriginal and Torres Strait Islander people,Inner and outer regional,Suicide deaths,five-year aggregate,Rate per 100000 people,,,Aboriginal and Torres Strait Islander people,,Inner and outer regional,,ABS (unpublished) Causes of Death Australia,rate (AS),,,,,,,,,,23.1
CtG14A.7,2015-2019,Mortality due to suicide,81,All people,Aboriginal and Torres Strait Islander people,Inner and outer regional,Suicide deaths,five-year aggregate,Rate per 100000 people,,,Aboriginal and Torres Strait Islander people,,Inner and outer regional,,ABS (unpublished) Causes of Death Australia,rate (AS),,,,,,,,,,23.1
CtG14A.7,2015-2019,Mortality due to suicide,77,All people,Aboriginal and Torres Strait Islander people,Inner and outer regional,Suicide deaths,five-year aggregate,Rate per 100000 people,,,Aboriginal and Torres Strait Islander people,,Inner and outer regional,,ABS (unpublished) Causes of Death Australia,rate (AS),,,,,,,,,,23.1
CtG14A.7,2015-2019,Mortality due to suicide,27,All people,Non-Indigenous people,Inner and outer regional,Suicide deaths,five-year aggregate,Rate per 100000 people,,,Non-Indigenous people,,Inner and outer regional,,ABS (unpublished) Causes of Death Australia,rate (AS),,,,,,,,,,16.1
CtG14A.7,2015-2019,Mortality due to suicide,19,All people,Non-Indigenous people,Inner and outer regional,Suicide deaths,five-year aggregate,Rate per 100000 people,,,Non-Indigenous people,,Inner and outer regional,,ABS (unpublished) Causes of Death Australia,rate (AS),,,,,,,,,,16.1
CtG14A.7,2015-2019,Mortality due to suicide,56,All people,Non-Indigenous people,Inner and outer regional,Suicide deaths,five-year aggregate,Rate per 100000 people,,,Non-Indigenous people,,Inner and outer regional,,ABS (unpublished) Causes of Death Australia,rate (AS),,,,,,,,,,16.1
CtG14A.7,2015-2019,Mortality due to suicide,6,All people,Non-Indigenous people,Inner and outer regional,Suicide deaths,five-year aggregate,Rate per 100000 people,,,Non-Indigenous people,,Inner and outer regional,,ABS (unpublished) Causes of Death Australia,rate (AS),,,,,,,,,,16.1
CtG14A.7,2015-2019,Mortality due to suicide,17,All people,Non-Indigenous people,Inner and outer regional,Suicide deaths,five-year aggregate,Rate per 100000 people,,,Non-Indigenous people,,Inner and outer regional,,ABS (unpublished) Causes of Death Australia,rate (AS),,,,,,,,,,16.1
CtG14A.7,2015-2019,Mortality due to suicide,1,All people,Aboriginal and Torres Strait Islander people,Remote and very remote,Suicide deaths,five-year aggregate,Rate per 100000 people,,,Aboriginal and Torres Strait Islander people,,Remote and very remote,,ABS (unpublished) Causes of Death Australia,rate (AS),,,,,,,,,,28.3
CtG14A.7,2015-2019,Mortality due to suicide,3,All people,Aboriginal and Torres Strait Islander people,Remote and very remote,Suicide deaths,five-year aggregate,Rate per 100000 people,,,Aboriginal and Torres Strait Islander people,,Remote and very remote,,ABS (unpublished) Causes of Death Australia,rate (AS),,,,,,,,,,28.3
CtG14A.7,2015-2019,Mortality due to suicide,4,All people,Aboriginal and Torres Strait Islander people,Remote and very remote,Suicide deaths,five-year aggregate,Rate per 100000 people,,,Aboriginal and Torres Strait Islander people,,Remote and very remote,,ABS (unpublished) Causes of Death Australia,rate (AS),,,,,,,,,,28.3
CtG14A.7,2015-2019,Mortality due to suicide,97,All people,Aboriginal and Torres Strait Islander people,Remote and very remote,Suicide deaths,five-year aggregate,Rate per 100000 people,,,Aboriginal and Torres Strait Islander people,,Remote and very remote,,ABS (unpublished) Causes of Death Australia,rate (AS),,,,,,,,,,28.3
CtG14A.7,2015-2019,Mortality due to suicide,24,All people,Aboriginal and Torres Strait Islander people,Remote and very remote,Suicide deaths,five-year aggregate,Rate per 100000 people,,,Aboriginal and Torres Strait Islander people,,Remote and very remote,,ABS (unpublished) Causes of Death Australia,rate (AS),,,,,,,,,,28.3
CtG14A.7,2015-2019,Mortality due to suicide,63,All people,Non-Indigenous people,Remote and very remote,Suicide deaths,five-year aggregate,Rate per 100000 people,,,Non-Indigenous people,,Remote and very remote,,ABS (unpublished) Causes of Death Australia,rate (AS),,,,,,,,,,15.5
CtG14A.7,2015-2019,Mortality due to suicide,33,All people,Non-Indigenous people,Remote and very remote,Suicide deaths,five-year aggregate,Rate per 100000 people,,,Non-Indigenous people,,Remote and very remote,,ABS (unpublished) Causes of Death Australia,rate (AS),,,,,,,,,,15.5
CtG14A.7,2015-2019,Mortality due to suicide,58,All people,Non-Indigenous people,Remote and very remote,Suicide deaths,five-year aggregate,Rate per 100000 people,,,Non-Indigenous people,,Remote and very remote,,ABS (unpublished) Causes of Death Australia,rate (AS),,,,,,,,,,15.5
CtG14A.7,2015-2019,Mortality due to suicide,5,All people,Non-Indigenous people,Remote and very remote,Suicide deaths,five-year aggregate,Rate per 100000 people,,,Non-Indigenous people,,Remote and very remote,,ABS (unpublished) Causes of Death Australia,rate (AS),,,,,,,,,,15.5
CtG14A.7,2015-2019,Mortality due to suicide,100,All people,Non-Indigenous people,Remote and very remote,Suicide deaths,five-year aggregate,Rate per 100000 people,,,Non-Indigenous people,,Remote and very remote,,ABS (unpublished) Causes of Death Australia,rate (AS),,,,,,,,,,15.5
CtG14A.7,2014-2018,Mortality due to suicide,12,All people,Aboriginal and Torres Strait Islander people,Major cities,Suicide deaths,five-year aggregate,Rate per 100000 people,,,Aboriginal and Torres Strait Islander people,,Major cities,,ABS (unpublished) Causes of Death Australia,rate (AS),,,,,,,,,,20.5
CtG14A.7,2014-2018,Mortality due to suicide,77,All people,Aboriginal and Torres Strait Islander people,Major cities,Suicide deaths,five-year aggregate,Rate per 100000 people,,,Aboriginal and Torres Strait Islander people,,Major cities,,ABS (unpublished) Causes of Death Australia,rate (AS),,,,,,,,,,20.5
CtG14A.7,2014-2018,Mortality due to suicide,97,All people,Aboriginal and Torres Strait Islander people,Major cities,Suicide deaths,five-year aggregate,Rate per 100000 people,,,Aboriginal and Torres Strait Islander people,,Major cities,,ABS (unpublished) Causes of Death Australia,rate (AS),,,,,,,,,,20.5
CtG14A.7,2014-2018,Mortality due to suicide,66,All people,Aboriginal and Torres Strait Islander people,Major cities,Suicide deaths,five-year aggregate,Rate per 100000 people,,,Aboriginal and Torres Strait Islander people,,Major cities,,ABS (unpublished) Causes of Death Australia,rate (AS),,,,,,,,,,20.5
CtG14A.7,2014-2018,Mortality due to suicide,76,All people,Aboriginal and Torres Strait Islander people,Major cities,Suicide deaths,five-year aggregate,Rate per 100000 people,,,Aboriginal and Torres Strait Islander people,,Major cities,,ABS (unpublished) Causes of Death Australia,rate (AS),,,,,,,,,,20.5
CtG14A.7,2014-2018,Mortality due to suicide,22,All people,Non-Indigenous people,Major cities,Suicide deaths,five-year aggregate,Rate per 100000 people,,,Non-Indigenous people,,Major cities,,ABS (unpublished) Causes of Death Australia,rate (AS),,,,,,,,,,10.6
CtG14A.7,2014-2018,Mortality due to suicide,11,All people,Non-Indigenous people,Major cities,Suicide deaths,five-year aggregate,Rate per 100000 people,,,Non-Indigenous people,,Major cities,,ABS (unpublished) Causes of Death Australia,rate (AS),,,,,,,,,,10.6
CtG14A.7,2014-2018,Mortality due to suicide,70,All people,Non-Indigenous people,Major cities,Suicide deaths,five-year aggregate,Rate per 100000 people,,,Non-Indigenous people,,Major cities,,ABS (unpublished) Causes of Death Australia,rate (AS),,,,,,,,,,10.6
CtG14A.7,2014-2018,Mortality due to suicide,82,All people,Non-Indigenous people,Major cities,Suicide deaths,five-year aggregate,Rate per 100000 people,,,Non-Indigenous people,,Major cities,,ABS (unpublished) Causes of Death Australia,rate (AS),,,,,,,,,,10.6
CtG14A.7,2014-2018,Mortality due to suicide,84,All people,Non-Indigenous people,Major cities,Suicide deaths,five-year aggregate,Rate per 100000 people,,,Non-Indigenous people,,Major cities,,ABS (unpublished) Causes of Death Australia,rate (AS),,,,,,,,,,10.6
CtG14A.7,2014-2018,Mortality due to suicide,26,All people,Aboriginal and Torres Strait Islander people,Inner and outer regional,Suicide deaths,five-year aggregate,Rate per 100000 people,,,Aboriginal and Torres Strait Islander people,,Inner and outer regional,,ABS (unpublished) Causes of Death Australia,rate (AS),,,,,,,,,,21.2
CtG14A.7,2014-2018,Mortality due to suicide,65,All people,Aboriginal and Torres Strait Islander people,Inner and outer regional,Suicide deaths,five-year aggregate,Rate per 100000 people,,,Aboriginal and Torres Strait Islander people,,Inner and outer regional,,ABS (unpublished) Causes of Death Australia,rate (AS),,,,,,,,,,21.2
CtG14A.7,2014-2018,Mortality due to suicide,24,All people,Aboriginal and Torres Strait Islander people,Inner and outer regional,Suicide deaths,five-year aggregate,Rate per 100000 people,,,Aboriginal and Torres Strait Islander people,,Inner and outer regional,,ABS (unpublished) Causes of Death Australia,rate (AS),,,,,,,,,,21.2
CtG14A.7,2014-2018,Mortality due to suicide,28,All people,Aboriginal and Torres Strait Islander people,Inner and outer regional,Suicide deaths,five-year aggregate,Rate per 100000 people,,,Aboriginal and Torres Strait Islander people,,Inner and outer regional,,ABS (unpublished) Causes of Death Australia,rate (AS),,,,,,,,,,21.2
CtG14A.7,2014-2018,Mortality due to suicide,90,All people,Aboriginal and Torres Strait Islander people,Inner and outer regional,Suicide deaths,five-year aggregate,Rate per 100000 people,,,Aboriginal and Torres Strait Islander people,,Inner and outer regional,,ABS (unpublished) Causes of Death Australia,rate (AS),,,,,,,,,,21.2
CtG14A.7,2014-2018,Mortality due to suicide,29,All people,Non-Indigenous people,Inner and outer regional,Suicide deaths,five-year aggregate,Rate per 100000 people,,,Non-Indigenous people,,Inner and outer regional,,ABS (unpublished) Causes of Death Australia,rate (AS),,,,,,,,,,15.7
CtG14A.7,2014-2018,Mortality due to suicide,62,All people,Non-Indigenous people,Inner and outer regional,Suicide deaths,five-year aggregate,Rate per 100000 people,,,Non-Indigenous people,,Inner and outer regional,,ABS (unpublished) Causes of Death Australia,rate (AS),,,,,,,,,,15.7
CtG14A.7,2014-2018,Mortality due to suicide,57,All people,Non-Indigenous people,Inner and outer regional,Suicide deaths,five-year aggregate,Rate per 100000 people,,,Non-Indigenous people,,Inner and outer regional,,ABS (unpublished) Causes of Death Australia,rate (AS),,,,,,,,,,15.7
CtG14A.7,2014-2018,Mortality due to suicide,46,All people,Non-Indigenous people,Inner and outer regional,Suicide deaths,five-year aggregate,Rate per 100000 people,,,Non-Indigenous people,,Inner and outer regional,,ABS (unpublished) Causes of Death Australia,rate (AS),,,,,,,,,,15.7
CtG14A.7,2014-2018,Mortality due to suicide,25,All people,Non-Indigenous people,Inner and outer regional,Suicide deaths,five-year aggregate,Rate per 100000 people,,,Non-Indigenous people,,Inner and outer regional,,ABS (unpublished) Causes of Death Australia,rate (AS),,,,,,,,,,15.7
CtG14A.7,2014-2018,Mortality due to suicide,43,All people,Aboriginal and Torres Strait Islander people,Remote and very remote,Suicide deaths,five-year aggregate,Rate per 100000 people,,,Aboriginal and Torres Strait Islander people,,Remote and very remote,,ABS (unpublished) Causes of Death Australia,rate (AS),,,,,,,,,,28.5
CtG14A.7,2014-2018,Mortality due to suicide,34,All people,Aboriginal and Torres Strait Islander people,Remote and very remote,Suicide deaths,five-year aggregate,Rate per 100000 people,,,Aboriginal and Torres Strait Islander people,,Remote and very remote,,ABS (unpublished) Causes of Death Australia,rate (AS),,,,,,,,,,28.5
CtG14A.7,2014-2018,Mortality due to suicide,31,All people,Aboriginal and Torres Strait Islander people,Remote and very remote,Suicide deaths,five-year aggregate,Rate per 100000 people,,,Aboriginal and Torres Strait Islander people,,Remote and very remote,,ABS (unpublished) Causes of Death Australia,rate (AS),,,,,,,,,,28.5
CtG14A.7,2014-2018,Mortality due to suicide,37,All people,Aboriginal and Torres Strait Islander people,Remote and very remote,Suicide deaths,five-year aggregate,Rate per 100000 people,,,Aboriginal and Torres Strait Islander people,,Remote and very remote,,ABS (unpublished) Causes of Death Australia,rate (AS),,,,,,,,,,28.5
CtG14A.7,2014-2018,Mortality due to suicide,39,All people,Aboriginal and Torres Strait Islander people,Remote and very remote,Suicide deaths,five-year aggregate,Rate per 100000 people,,,Aboriginal and Torres Strait Islander people,,Remote and very remote,,ABS (unpublished) Causes of Death Australia,rate (AS),,,,,,,,,,28.5
CtG14A.7,2014-2018,Mortality due to suicide,44,All people,Non-Indigenous people,Remote and very remote,Suicide deaths,five-year aggregate,Rate per 100000 people,,,Non-Indigenous people,,Remote and very remote,,ABS (unpublished) Causes of Death Australia,rate (AS),,,,,,,,,,14.9
CtG14A.7,2014-2018,Mortality due to suicide,46,All people,Non-Indigenous people,Remote and very remote,Suicide deaths,five-year aggregate,Rate per 100000 people,,,Non-Indigenous people,,Remote and very remote,,ABS (unpublished) Causes of Death Australia,rate (AS),,,,,,,,,,14.9
CtG14A.7,2014-2018,Mortality due to suicide,46,All people,Non-Indigenous people,Remote and very remote,Suicide deaths,five-year aggregate,Rate per 100000 people,,,Non-Indigenous people,,Remote and very remote,,ABS (unpublished) Causes of Death Australia,rate (AS),,,,,,,,,,14.9
CtG14A.7,2014-2018,Mortality due to suicide,31,All people,Non-Indigenous people,Remote and very remote,Suicide deaths,five-year aggregate,Rate per 100000 people,,,Non-Indigenous people,,Remote and very remote,,ABS (unpublished) Causes of Death Australia,rate (AS),,,,,,,,,,14.9
CtG14A.7,2014-2018,Mortality due to suicide,54,All people,Non-Indigenous people,Remote and very remote,Suicide deaths,five-year aggregate,Rate per 100000 people,,,Non-Indigenous people,,Remote and very remote,,ABS (unpublished) Causes of Death Australia,rate (AS),,,,,,,,,,14.9
CtG14A.8,2018-2022,Mortality due to suicide,25,All people,Aboriginal and Torres Strait Islander people,Major cities,Suicide deaths,five-year aggregate,Number,,,Aboriginal and Torres Strait Islander people,,Major cities,,ABS (unpublished) Causes of Death Australia,no.,124,38,98,75,35,..,10,..,,
CtG14A.8,2018-2022,Mortality due to suicide,10,All people,Aboriginal and Torres Strait Islander people,Major cities,Suicide deaths,five-year aggregate,Number,,,Aboriginal and Torres Strait Islander people,,Major cities,,ABS (unpublished) Causes of Death Australia,no.,124,38,98,75,35,..,10,..,,
CtG14A.8,2018-2022,Mortality due to suicide,99,All people,Aboriginal and Torres Strait Islander people,Major cities,Suicide deaths,five-year aggregate,Number,,,Aboriginal and Torres Strait Islander people,,Major cities,,ABS (unpublished) Causes of Death Australia,no.,124,38,98,75,35,..,10,..,,
CtG14A.8,2018-2022,Mortality due to suicide,39,All people,Aboriginal and Torres Strait Islander people,Major cities,Suicide deaths,five-year aggregate,Number,,,Aboriginal and Torres Strait Islander people,,Major cities,,ABS (unpublished) Causes of Death Australia,no.,124,38,98,75,35,..,10,..,,
CtG14A.8,2018-2022,Mortality due to suicide,52,All people,Aboriginal and Torres Strait Islander people,Major cities,Suicide deaths,five-year aggregate,Number,,,Aboriginal and Torres Strait Islander people,,Major cities,,ABS (unpublished) Causes of Death Australia,no.,124,38,98,75,35,..,10,..,,
CtG14A.8,2018-2022,Mortality due to suicide,40,All people,Aboriginal and Torres Strait Islander people,Inner and outer regional,Suicide deaths,five-year aggregate,Number,,,Aboriginal and Torres Strait Islander people,,Inner and outer regional,,ABS (unpublished) Causes of Death Australia,no.,140,40,173,34,11,14,0,32,,
CtG14A.8,2018-2022,Mortality due to suicide,90,All people,Aboriginal and Torres Strait Islander people,Inner and outer regional,Suicide deaths,five-year aggregate,Number,,,Aboriginal and Torres Strait Islander people,,Inner and outer regional,,ABS (unpublished) Causes of Death Australia,no.,140,40,173,34,11,14,0,32,,
CtG14A.8,2018-2022,Mortality due to suicide,24,All people,Aboriginal and Torres Strait Islander people,Inner and outer regional,Suicide deaths,five-year aggregate,Number,,,Aboriginal and Torres Strait Islander people,,Inner and outer regional,,ABS (unpublished) Causes of Death Australia,no.,140,40,173,34,11,14,0,32,,
CtG14A.8,2018-2022,Mortality due to suicide,3,All people,Aboriginal and Torres Strait Islander people,Inner and outer regional,Suicide deaths,five-year aggregate,Number,,,Aboriginal and Torres Strait Islander people,,Inner and outer regional,,ABS (unpublished) Causes of Death Australia,no.,140,40,173,34,11,14,0,32,,
CtG14A.8,2018-2022,Mortality due to suicide,97,All people,Aboriginal and Torres Strait Islander people,Inner and outer regional,Suicide deaths,five-year aggregate,Number,,,Aboriginal and Torres Strait Islander people,,Inner and outer regional,,ABS (unpublished) Causes of Death Australia,no.,140,40,173,34,11,14,0,32,,
CtG14A.8,2018-2022,Mortality due to suicide,62,All people,Aboriginal and Torres Strait Islander people,Remote and very remote,Suicide deaths,five-year aggregate,Number,,,Aboriginal and Torres Strait Islander people,,Remote and very remote,,ABS (unpublished) Causes of Death Australia,no.,9,0,51,85,2,0,..,91,,
CtG14A.8,2018-2022,Mortality due to suicide,44,All people,Aboriginal and Torres Strait Islander people,Remote and very remote,Suicide deaths,five-year aggregate,Number,,,Aboriginal and Torres Strait Islander people,,Remote and very remote,,ABS (unpublished) Causes of Death Australia,no.,9,0,51,85,2,0,..,91,,
CtG14A.8,2018-2022,Mortality due to suicide,77,All people,Aboriginal and Torres Strait Islander people,Remote and very remote,Suicide deaths,five-year aggregate,Number,,,Aboriginal and Torres Strait Islander people,,Remote and very remote,,ABS (unpublished) Causes of Death Australia,no.,9,0,51,85,2,0,..,91,,
CtG14A.8,2018-2022,Mortality due to suicide,91,All people,Aboriginal and Torres Strait Islander people,Remote and very remote,Suicide deaths,five-year aggregate,Number,,,Aboriginal and Torres Strait Islander people,,Remote and very remote,,ABS (unpublished) Causes of Death Australia,no.,9,0,51,85,2,0,..,91,,
CtG14A.8,2018-2022,Mortality due to suicide,49,All people,Aboriginal and Torres Strait Islander people,Remote and very remote,Suicide deaths,five-year aggregate,Number,,,Aboriginal and Torres Strait Islander people,,Remote and very remote,,ABS (unpublished) Causes of Death Australia,no.,9,0,51,85,2,0,..,91,,
CtG14A.8,2017-2021,Mortality due to suicide,24,All people,Aboriginal and Torres Strait Islander people,Major cities,Suicide deaths,five-year aggregate,Number,,,Aboriginal and Torres Strait Islander people,,Major cities,,ABS (unpublished) Causes of Death Australia,no.,108,28,89,69,32,..,11,..,,
CtG14A.8,2017-2021,Mortality due to suicide,94,All people,Aboriginal and Torres Strait Islander people,Major cities,Suicide deaths,five-year aggregate,Number,,,Aboriginal and Torres Strait Islander people,,Major cities,,ABS (unpublished) Causes of Death Australia,no.,108,28,89,69,32,..,11,..,,
CtG14A.8,2017-2021,Mortality due to suicide,52,All people,Aboriginal and Torres Strait Islander people,Major cities,Suicide deaths,five-year aggregate,Number,,,Aboriginal and Torres Strait Islander people,,Major cities,,ABS (unpublished) Causes of Death Australia,no.,108,28,89,69,32,..,11,..,,
CtG14A.8,2017-2021,Mortality due to suicide,49,All people,Aboriginal and Torres Strait Islander people,Major cities,Suicide deaths,five-year aggregate,Number,,,Aboriginal and Torres Strait Islander people,,Major cities,,ABS (unpublished) Causes of Death Australia,no.,108,28,89,69,32,..,11,..,,
CtG14A.8,2017-2021,Mortality due to suicide,10,All people,Aboriginal and Torres Strait Islander people,Major cities,Suicide deaths,five-year aggregate,Number,,,Aboriginal and Torres Strait Islander people,,Major cities,,ABS (unpublished) Causes of Death Australia,no.,108,28,89,69,32,..,11,..,,
CtG14A.8,2017-2021,Mortality due to suicide,19,All people,Aboriginal and Torres Strait Islander people,Inner and outer regional,Suicide deaths,five-year aggregate,Number,,,Aboriginal and Torres Strait Islander people,,Inner and outer regional,,ABS (unpublished) Causes of Death Australia,no.,134,33,179,27,13,10,0,28,,
CtG14A.8,2017-2021,Mortality due to suicide,51,All people,Aboriginal and Torres Strait Islander people,Inner and outer regional,Suicide deaths,five-year aggregate,Number,,,Aboriginal and Torres Strait Islander people,,Inner and outer regional,,ABS (unpublished) Causes of Death Australia,no.,134,33,179,27,13,10,0,28,,
CtG14A.8,2017-2021,Mortality due to suicide,93,All people,Aboriginal and Torres Strait Islander people,Inner and outer regional,Suicide deaths,five-year aggregate,Number,,,Aboriginal and Torres Strait Islander people,,Inner and outer regional,,ABS (unpublished) Causes of Death Australia,no.,134,33,179,27,13,10,0,28,,
CtG14A.8,2017-2021,Mortality due to suicide,37,All people,Aboriginal and Torres Strait Islander people,Inner and outer regional,Suicide deaths,five-year aggregate,Number,,,Aboriginal and Torres Strait Islander people,,Inner and outer regional,,ABS (unpublished) Causes of Death Australia,no.,134,33,179,27,13,10,0,28,,
CtG14A.8,2017-2021,Mortality due to suicide,29,All people,Aboriginal and Torres Strait Islander people,Inner and outer regional,Suicide deaths,five-year aggregate,Number,,,Aboriginal and Torres Strait Islander people,,Inner and outer regional,,ABS (unpublished) Causes of Death Australia,no.,134,33,179,27,13,10,0,28,,
CtG14A.8,2017-2021,Mortality due to suicide,8,All people,Aboriginal and Torres Strait Islander people,Remote and very remote,Suicide deaths,five-year aggregate,Number,,,Aboriginal and Torres Strait Islander people,,Remote and very remote,,ABS (unpublished) Causes of Death Australia,no.,8,0,49,79,3,0,..,94,,
CtG14A.8,2017-2021,Mortality due to suicide,32,All people,Aboriginal and Torres Strait Islander people,Remote and very remote,Suicide deaths,five-year aggregate,Number,,,Aboriginal and Torres Strait Islander people,,Remote and very remote,,ABS (unpublished) Causes of Death Australia,no.,8,0,49,79,3,0,..,94,,
CtG14A.8,2017-2021,Mortality due to suicide,45,All people,Aboriginal and Torres Strait Islander people,Remote and very remote,Suicide deaths,five-year aggregate,Number,,,Aboriginal and Torres Strait Islander people,,Remote and very remote,,ABS (unpublished) Causes of Death Australia,no.,8,0,49,79,3,0,..,94,,
CtG14A.8,2017-2021,Mortality due to suicide,31,All people,Aboriginal and Torres Strait Islander people,Remote and very remote,Suicide deaths,five-year aggregate,Number,,,Aboriginal and Torres Strait Islander people,,Remote and very remote,,ABS (unpublished) Causes of Death Australia,no.,8,0,49,79,3,0,..,94,,
CtG14A.8,2017-2021,Mortality due to suicide,50,All people,Aboriginal and Torres Strait Islander people,Remote and very remote,Suicide deaths,five-year aggregate,Number,,,Aboriginal and Torres Strait Islander people,,Remote and very remote,,ABS (unpublished) Causes of Death Australia,no.,8,0,49,79,3,0,..,94,,
CtG14A.8,2016-2020,Mortality due to suicide,41,All people,Aboriginal and Torres Strait Islander people,Major cities,Suicide deaths,five-year aggregate,Number,,,Aboriginal and Torres Strait Islander people,,Major cities,,ABS (unpublished) Causes of Death Australia,no.,101,23,94,66,27,..,10,..,,
CtG14A.8,2016-2020,Mortality due to suicide,84,All people,Aboriginal and Torres Strait Islander people,Major cities,Suicide deaths,five-year aggregate,Number,,,Aboriginal and Torres Strait Islander people,,Major cities,,ABS (unpublished) Causes of Death Australia,no.,101,23,94,66,27,..,10,..,,
CtG14A.8,2016-2020,Mortality due to suicide,70,All people,Aboriginal and Torres Strait Islander people,Major cities,Suicide deaths,five-year aggregate,Number,,,Aboriginal and Torres Strait Islander people,,Major cities,,ABS (unpublished) Causes of Death Australia,no.,101,23,94,66,27,..,10,..,,
CtG14A.8,2016-2020,Mortality due to suicide,69,All people,Aboriginal and Torres Strait Islander people,Major cities,Suicide deaths,five-year aggregate,Number,,,Aboriginal and Torres Strait Islander people,,Major cities,,ABS (unpublished) Causes of Death Australia,no.,101,23,94,66,27,..,10,..,,
CtG14A.8,2016-2020,Mortality due to suicide,6,All people,Aboriginal and Torres Strait Islander people,Major cities,Suicide deaths,five-year aggregate,Number,,,Aboriginal and Torres Strait Islander people,,Major cities,,ABS (unpublished) Causes of Death Australia,no.,101,23,94,66,27,..,10,..,,
CtG14A.8,2016-2020,Mortality due to suicide,90,All people,Aboriginal and Torres Strait Islander people,Inner and outer regional,Suicide deaths,five-year aggregate,Number,,,Aboriginal and Torres Strait Islander people,,Inner and outer regional,,ABS (unpublished) Causes of Death Australia,no.,131,29,163,24,11,8,0,26,,
CtG14A.8,2016-2020,Mortality due to suicide,56,All people,Aboriginal and Torres Strait Islander people,Inner and outer regional,Suicide deaths,five-year aggregate,Number,,,Aboriginal and Torres Strait Islander people,,Inner and outer regional,,ABS (unpublished) Causes of Death Australia,no.,131,29,163,24,11,8,0,26,,
CtG14A.8,2016-2020,Mortality due to suicide,76,All people,Aboriginal and Torres Strait Islander people,Inner and outer regional,Suicide deaths,five-year aggregate,Number,,,Aboriginal and Torres Strait Islander people,,Inner and outer regional,,ABS (unpublished) Causes of Death Australia,no.,131,29,163,24,11,8,0,26,,
CtG14A.8,2016-2020,Mortality due to suicide,33,All people,Aboriginal and Torres Strait Islander people,Inner and outer regional,Suicide deaths,five-year aggregate,Number,,,Aboriginal and Torres Strait Islander people,,Inner and outer regional,,ABS (unpublished) Causes of Death Australia,no.,131,29,163,24,11,8,0,26,,
CtG14A.8,2016-2020,Mortality due to suicide,17,All people,Aboriginal and Torres Strait Islander people,Inner and outer regional,Suicide deaths,five-year aggregate,Number,,,Aboriginal and Torres Strait Islander people,,Inner and outer regional,,ABS (unpublished) Causes of Death Australia,no.,131,29,163,24,11,8,0,26,,
CtG14A.8,2016-2020,Mortality due to suicide,53,All people,Aboriginal and Torres Strait Islander people,Remote and very remote,Suicide deaths,five-year aggregate,Number,,,Aboriginal and Torres Strait Islander people,,Remote and very remote,,ABS (unpublished) Causes of Death Australia,no.,5,0,54,84,2,0,..,89,,
CtG14A.8,2016-2020,Mortality due to suicide,9,All people,Aboriginal and Torres Strait Islander people,Remote and very remote,Suicide deaths,five-year aggregate,Number,,,Aboriginal and Torres Strait Islander people,,Remote and very remote,,ABS (unpublished) Causes of Death Australia,no.,5,0,54,84,2,0,..,89,,
CtG14A.8,2016-2020,Mortality due to suicide,14,All people,Aboriginal and Torres Strait Islander people,Remote and very remote,Suicide deaths,five-year aggregate,Number,,,Aboriginal and Torres Strait Islander people,,Remote and very remote,,ABS (unpublished) Causes of Death Australia,no.,5,0,54,84,2,0,..,89,,
CtG14A.8,2016-2020,Mortality due to suicide,36,All people,Aboriginal and Torres Strait Islander people,Remote and very remote,Suicide deaths,five-year aggregate,Number,,,Aboriginal and Torres Strait Islander people,,Remote and very remote,,ABS (unpublished) Causes of Death Australia,no.,5,0,54,84,2,0,..,89,,
CtG14A.8,2016-2020,Mortality due to suicide,54,All people,Aboriginal and Torres Strait Islander people,Remote and very remote,Suicide deaths,five-year aggregate,Number,,,Aboriginal and Torres Strait Islander people,,Remote and very remote,,ABS (unpublished) Causes of Death Australia,no.,5,0,54,84,2,0,..,89,,
CtG14A.8,2015-2019,Mortality due to suicide,34,All people,Aboriginal and Torres Strait Islander people,Major cities,Suicide deaths,five-year aggregate,Number,,,Aboriginal and Torres Strait Islander people,,Major cities,,ABS (unpublished) Causes of Death Australia,no.,93,12,91,70,24,..,9,..,,
CtG14A.8,2015-2019,Mortality due to suicide,29,All people,Aboriginal and Torres Strait Islander people,Major cities,Suicide deaths,five-year aggregate,Number,,,Aboriginal and Torres Strait Islander people,,Major cities,,ABS (unpublished) Causes of Death Australia,no.,93,12,91,70,24,..,9,..,,
CtG14A.8,2015-2019,Mortality due to suicide,70,All people,Aboriginal and Torres Strait Islander people,Major cities,Suicide deaths,five-year aggregate,Number,,,Aboriginal and Torres Strait Islander people,,Major cities,,ABS (unpublished) Causes of Death Australia,no.,93,12,91,70,24,..,9,..,,
CtG14A.8,2015-2019,Mortality due to suicide,39,All people,Aboriginal and Torres Strait Islander people,Major cities,Suicide deaths,five-year aggregate,Number,,,Aboriginal and Torres Strait Islander people,,Major cities,,ABS (unpublished) Causes of Death Australia,no.,93,12,91,70,24,..,9,..,,
CtG14A.8,2015-2019,Mortality due to suicide,54,All people,Aboriginal and Torres Strait Islander people,Major cities,Suicide deaths,five-year aggregate,Number,,,Aboriginal and Torres Strait Islander people,,Major cities,,ABS (unpublished) Causes of Death Australia,no.,93,12,91,70,24,..,9,..,,
CtG14A.8,2015-2019,Mortality due to suicide,19,All people,Aboriginal and Torres Strait Islander people,Inner and outer regional,Suicide deaths,five-year aggregate,Number,,,Aboriginal and Torres Strait Islander people,,Inner and outer regional,,ABS (unpublished) Causes of Death Australia,no.,127,26,150,26,11,7,0,18,,
CtG14A.8,2015-2019,Mortality due to suicide,46,All people,Aboriginal and Torres Strait Islander people,Inner and outer regional,Suicide deaths,five-year aggregate,Number,,,Aboriginal and Torres Strait Islander people,,Inner and outer regional,,ABS (unpublished) Causes of Death Australia,no.,127,26,150,26,11,7,0,18,,
CtG14A.8,2015-2019,Mortality due to suicide,54,All people,Aboriginal and Torres Strait Islander people,Inner and outer regional,Suicide deaths,five-year aggregate,Number,,,Aboriginal and Torres Strait Islander people,,Inner and outer regional,,ABS (unpublished) Causes of Death Australia,no.,127,26,150,26,11,7,0,18,,
CtG14A.8,2015-2019,Mortality due to suicide,82,All people,Aboriginal and Torres Strait Islander people,Inner and outer regional,Suicide deaths,five-year aggregate,Number,,,Aboriginal and Torres Strait Islander people,,Inner and outer regional,,ABS (unpublished) Causes of Death Australia,no.,127,26,150,26,11,7,0,18,,
CtG14A.8,2015-2019,Mortality due to suicide,73,All people,Aboriginal and Torres Strait Islander people,Inner and outer regional,Suicide deaths,five-year aggregate,Number,,,Aboriginal and Torres Strait Islander people,,Inner and outer regional,,ABS (unpublished) Causes of Death Australia,no.,127,26,150,26,11,7,0,18,,
CtG14A.8,2015-2019,Mortality due to suicide,65,All people,Aboriginal and Torres Strait Islander people,Remote and very remote,Suicide deaths,five-year aggregate,Number,,,Aboriginal and Torres Strait Islander people,,Remote and very remote,,ABS (unpublished) Causes of Death Australia,no.,4,0,53,83,2,0,..,86,,
CtG14A.8,2015-2019,Mortality due to suicide,5,All people,Aboriginal and Torres Strait Islander people,Remote and very remote,Suicide deaths,five-year aggregate,Number,,,Aboriginal and Torres Strait Islander people,,Remote and very remote,,ABS (unpublished) Causes of Death Australia,no.,4,0,53,83,2,0,..,86,,
CtG14A.8,2015-2019,Mortality due to suicide,92,All people,Aboriginal and Torres Strait Islander people,Remote and very remote,Suicide deaths,five-year aggregate,Number,,,Aboriginal and Torres Strait Islander people,,Remote and very remote,,ABS (unpublished) Causes of Death Australia,no.,4,0,53,83,2,0,..,86,,
CtG14A.8,2015-2019,Mortality due to suicide,41,All people,Aboriginal and Torres Strait Islander people,Remote and very remote,Suicide deaths,five-year aggregate,Number,,,Aboriginal and Torres Strait Islander people,,Remote and very remote,,ABS (unpublished) Causes of Death Australia,no.,4,0,53,83,2,0,..,86,,
CtG14A.8,2015-2019,Mortality due to suicide,8,All people,Aboriginal and Torres Strait Islander people,Remote and very remote,Suicide deaths,five-year aggregate,Number,,,Aboriginal and Torres Strait Islander people,,Remote and very remote,,ABS (unpublished) Causes of Death Australia,no.,4,0,53,83,2,0,..,86,,
CtG14A.8,2014-2018,Mortality due to suicide,54,All people,Aboriginal and Torres Strait Islander people,Major cities,Suicide deaths,five-year aggregate,Number,,,Aboriginal and Torres Strait Islander people,,Major cities,,ABS (unpublished) Causes of Death Australia,no.,77,10,85,76,23,..,7,..,,
CtG14A.8,2014-2018,Mortality due to suicide,80,All people,Aboriginal and Torres Strait Islander people,Major cities,Suicide deaths,five-year aggregate,Number,,,Aboriginal and Torres Strait Islander people,,Major cities,,ABS (unpublished) Causes of Death Australia,no.,77,10,85,76,23,..,7,..,,
CtG14A.8,2014-2018,Mortality due to suicide,22,All people,Aboriginal and Torres Strait Islander people,Major cities,Suicide deaths,five-year aggregate,Number,,,Aboriginal and Torres Strait Islander people,,Major cities,,ABS (unpublished) Causes of Death Australia,no.,77,10,85,76,23,..,7,..,,
CtG14A.8,2014-2018,Mortality due to suicide,67,All people,Aboriginal and Torres Strait Islander people,Major cities,Suicide deaths,five-year aggregate,Number,,,Aboriginal and Torres Strait Islander people,,Major cities,,ABS (unpublished) Causes of Death Australia,no.,77,10,85,76,23,..,7,..,,
CtG14A.8,2014-2018,Mortality due to suicide,82,All people,Aboriginal and Torres Strait Islander people,Major cities,Suicide deaths,five-year aggregate,Number,,,Aboriginal and Torres Strait Islander people,,Major cities,,ABS (unpublished) Causes of Death Australia,no.,77,10,85,76,23,..,7,..,,
CtG14A.8,2014-2018,Mortality due to suicide,35,All people,Aboriginal and Torres Strait Islander people,Inner and outer regional,Suicide deaths,five-year aggregate,Number,,,Aboriginal and Torres Strait Islander people,,Inner and outer regional,,ABS (unpublished) Causes of Death Australia,no.,113,25,131,28,9,2,0,18,,
CtG14A.8,2014-2018,Mortality due to suicide,44,All people,Aboriginal and Torres Strait Islander people,Inner and outer regional,Suicide deaths,five-year aggregate,Number,,,Aboriginal and Torres Strait Islander people,,Inner and outer regional,,ABS (unpublished) Causes of Death Australia,no.,113,25,131,28,9,2,0,18,,
CtG14A.8,2014-2018,Mortality due to suicide,93,All people,Aboriginal and Torres Strait Islander people,Inner and outer regional,Suicide deaths,five-year aggregate,Number,,,Aboriginal and Torres Strait Islander people,,Inner and outer regional,,ABS (unpublished) Causes of Death Australia,no.,113,25,131,28,9,2,0,18,,
CtG14A.8,2014-2018,Mortality due to suicide,11,All people,Aboriginal and Torres Strait Islander people,Inner and outer regional,Suicide deaths,five-year aggregate,Number,,,Aboriginal and Torres Strait Islander people,,Inner and outer regional,,ABS (unpublished) Causes of Death Australia,no.,113,25,131,28,9,2,0,18,,
CtG14A.8,2014-2018,Mortality due to suicide,14,All people,Aboriginal and Torres Strait Islander people,Inner and outer regional,Suicide deaths,five-year aggregate,Number,,,Aboriginal and Torres Strait Islander people,,Inner and outer regional,,ABS (unpublished) Causes of Death Australia,no.,113,25,131,28,9,2,0,18,,
CtG14A.8,2014-2018,Mortality due to suicide,52,All people,Aboriginal and Torres Strait Islander people,Remote and very remote,Suicide deaths,five-year aggregate,Number,,,Aboriginal and Torres Strait Islander people,,Remote and very remote,,ABS (unpublished) Causes of Death Australia,no.,6,0,44,91,1,0,..,85,,
CtG14A.8,2014-2018,Mortality due to suicide,18,All people,Aboriginal and Torres Strait Islander people,Remote and very remote,Suicide deaths,five-year aggregate,Number,,,Aboriginal and Torres Strait Islander people,,Remote and very remote,,ABS (unpublished) Causes of Death Australia,no.,6,0,44,91,1,0,..,85,,
CtG14A.8,2014-2018,Mortality due to suicide,62,All people,Aboriginal and Torres Strait Islander people,Remote and very remote,Suicide deaths,five-year aggregate,Number,,,Aboriginal and Torres Strait Islander people,,Remote and very remote,,ABS (unpublished) Causes of Death Australia,no.,6,0,44,91,1,0,..,85,,
CtG14A.8,2014-2018,Mortality due to suicide,21,All people,Aboriginal and Torres Strait Islander people,Remote and very remote,Suicide deaths,five-year aggregate,Number,,,Aboriginal and Torres Strait Islander people,,Remote and very remote,,ABS (unpublished) Causes of Death Australia,no.,6,0,44,91,1,0,..,85,,
CtG14A.8,2014-2018,Mortality due to suicide,12,All people,Aboriginal and Torres Strait Islander people,Remote and very remote,Suicide deaths,five-year aggregate,Number,,,Aboriginal and Torres Strait Islander people,,Remote and very remote,,ABS (unpublished) Causes of Death Australia,no.,6,0,44,91,1,0,..,85,,
CtG14A.9,2018-2022,Mortality due to suicide,36,Males,Aboriginal and Torres Strait Islander people,Major cities,Suicide deaths,five-year aggregate,Rate per 100000 people,,,Aboriginal and Torres Strait Islander people,Males,Major cities,,ABS (unpublished) Causes of Death Australia,rate (AS),,,,,,,,,,38.1
CtG14A.9,2018-2022,Mortality due to suicide,30,Males,Aboriginal and Torres Strait Islander people,Major cities,Suicide deaths,five-year aggregate,Rate per 100000 people,,,Aboriginal and Torres Strait Islander people,Males,Major cities,,ABS (unpublished) Causes of Death Australia,rate (AS),,,,,,,,,,38.1
CtG14A.9,2018-2022,Mortality due to suicide,19,Males,Aboriginal and Torres Strait Islander people,Major cities,Suicide deaths,five-year aggregate,Rate per 100000 people,,,Aboriginal and Torres Strait Islander people,Males,Major cities,,ABS (unpublished) Causes of Death Australia,rate (AS),,,,,,,,,,38.1
CtG14A.9,2018-2022,Mortality due to suicide,44,Males,Aboriginal and Torres Strait Islander people,Major cities,Suicide deaths,five-year aggregate,Rate per 100000 people,,,Aboriginal and Torres Strait Islander people,Males,Major cities,,ABS (unpublished) Causes of Death Australia,rate (AS),,,,,,,,,,38.1
CtG14A.9,2018-2022,Mortality due to suicide,74,Males,Aboriginal and Torres Strait Islander people,Major cities,Suicide deaths,five-year aggregate,Rate per 100000 people,,,Aboriginal and Torres Strait Islander people,Males,Major cities,,ABS (unpublished) Causes of Death Australia,rate (AS),,,,,,,,,,38.1
CtG14A.9,2018-2022,Mortality due to suicide,23,Females,Aboriginal and Torres Strait Islander people,Major cities,Suicide deaths,five-year aggregate,Rate per 100000 people,,,Aboriginal and Torres Strait Islander people,Females,Major cities,,ABS (unpublished) Causes of Death Australia,rate (AS),,,,,,,,,,13.6
CtG14A.9,2018-2022,Mortality due to suicide,16,Females,Aboriginal and Torres Strait Islander people,Major cities,Suicide deaths,five-year aggregate,Rate per 100000 people,,,Aboriginal and Torres Strait Islander people,Females,Major cities,,ABS (unpublished) Causes of Death Australia,rate (AS),,,,,,,,,,13.6
CtG14A.9,2018-2022,Mortality due to suicide,19,Females,Aboriginal and Torres Strait Islander people,Major cities,Suicide deaths,five-year aggregate,Rate per 100000 people,,,Aboriginal and Torres Strait Islander people,Females,Major cities,,ABS (unpublished) Causes of Death Australia,rate (AS),,,,,,,,,,13.6
CtG14A.9,2018-2022,Mortality due to suicide,12,Females,Aboriginal and Torres Strait Islander people,Major cities,Suicide deaths,five-year aggregate,Rate per 100000 people,,,Aboriginal and Torres Strait Islander people,Females,Major cities,,ABS (unpublished) Causes of Death Australia,rate (AS),,,,,,,,,,13.6
CtG14A.9,2018-2022,Mortality due to suicide,3,Females,Aboriginal and Torres Strait Islander people,Major cities,Suicide deaths,five-year aggregate,Rate per 100000 people,,,Aboriginal and Torres Strait Islander people,Females,Major cities,,ABS (unpublished) Causes of Death Australia,rate (AS),,,,,,,,,,13.6
CtG14A.9,2018-2022,Mortality due to suicide,36,Males,Non-Indigenous people,Major cities,Suicide deaths,five-year aggregate,Rate per 100000 people,,,Non-Indigenous people,Males,Major cities,,ABS (unpublished) Causes of Death Australia,rate (AS),,,,,,,,,,15.4
CtG14A.9,2018-2022,Mortality due to suicide,45,Males,Non-Indigenous people,Major cities,Suicide deaths,five-year aggregate,Rate per 100000 people,,,Non-Indigenous people,Males,Major cities,,ABS (unpublished) Causes of Death Australia,rate (AS),,,,,,,,,,15.4
CtG14A.9,2018-2022,Mortality due to suicide,90,Males,Non-Indigenous people,Major cities,Suicide deaths,five-year aggregate,Rate per 100000 people,,,Non-Indigenous people,Males,Major cities,,ABS (unpublished) Causes of Death Australia,rate (AS),,,,,,,,,,15.4
CtG14A.9,2018-2022,Mortality due to suicide,94,Males,Non-Indigenous people,Major cities,Suicide deaths,five-year aggregate,Rate per 100000 people,,,Non-Indigenous people,Males,Major cities,,ABS (unpublished) Causes of Death Australia,rate (AS),,,,,,,,,,15.4
CtG14A.9,2018-2022,Mortality due to suicide,47,Males,Non-Indigenous people,Major cities,Suicide deaths,five-year aggregate,Rate per 100000 people,,,Non-Indigenous people,Males,Major cities,,ABS (unpublished) Causes of Death Australia,rate (AS),,,,,,,,,,15.4
CtG14A.9,2018-2022,Mortality due to suicide,100,Females,Non-Indigenous people,Major cities,Suicide deaths,five-year aggregate,Rate per 100000 people,,,Non-Indigenous people,Females,Major cities,,ABS (unpublished) Causes of Death Australia,rate (AS),,,,,,,,,,5.3
CtG14A.9,2018-2022,Mortality due to suicide,58,Females,Non-Indigenous people,Major cities,Suicide deaths,five-year aggregate,Rate per 100000 people,,,Non-Indigenous people,Females,Major cities,,ABS (unpublished) Causes of Death Australia,rate (AS),,,,,,,,,,5.3
CtG14A.9,2018-2022,Mortality due to suicide,60,Females,Non-Indigenous people,Major cities,Suicide deaths,five-year aggregate,Rate per 100000 people,,,Non-Indigenous people,Females,Major cities,,ABS (unpublished) Causes of Death Australia,rate (AS),,,,,,,,,,5.3
CtG14A.9,2018-2022,Mortality due to suicide,26,Females,Non-Indigenous people,Major cities,Suicide deaths,five-year aggregate,Rate per 100000 people,,,Non-Indigenous people,Females,Major cities,,ABS (unpublished) Causes of Death Australia,rate (AS),,,,,,,,,,5.3
CtG14A.9,2018-2022,Mortality due to suicide,100,Females,Non-Indigenous people,Major cities,Suicide deaths,five-year aggregate,Rate per 100000 people,,,Non-Indigenous people,Females,Major cities,,ABS (unpublished) Causes of Death Australia,rate (AS),,,,,,,,,,5.3
CtG14A.9,2018-2022,Mortality due to suicide,46,Males,Aboriginal and Torres Strait Islander people,Inner and outer regional,Suicide deaths,five-year aggregate,Rate per 100000 people,,,Aboriginal and Torres Strait Islander people,Males,Inner and outer regional,,ABS (unpublished) Causes of Death Australia,rate (AS),,,,,,,,,,39.9
CtG14A.9,2018-2022,Mortality due to suicide,0,Males,Aboriginal and Torres Strait Islander people,Inner and outer regional,Suicide deaths,five-year aggregate,Rate per 100000 people,,,Aboriginal and Torres Strait Islander people,Males,Inner and outer regional,,ABS (unpublished) Causes of Death Australia,rate (AS),,,,,,,,,,39.9
CtG14A.9,2018-2022,Mortality due to suicide,29,Males,Aboriginal and Torres Strait Islander people,Inner and outer regional,Suicide deaths,five-year aggregate,Rate per 100000 people,,,Aboriginal and Torres Strait Islander people,Males,Inner and outer regional,,ABS (unpublished) Causes of Death Australia,rate (AS),,,,,,,,,,39.9
CtG14A.9,2018-2022,Mortality due to suicide,75,Males,Aboriginal and Torres Strait Islander people,Inner and outer regional,Suicide deaths,five-year aggregate,Rate per 100000 people,,,Aboriginal and Torres Strait Islander people,Males,Inner and outer regional,,ABS (unpublished) Causes of Death Australia,rate (AS),,,,,,,,,,39.9
CtG14A.9,2018-2022,Mortality due to suicide,31,Males,Aboriginal and Torres Strait Islander people,Inner and outer regional,Suicide deaths,five-year aggregate,Rate per 100000 people,,,Aboriginal and Torres Strait Islander people,Males,Inner and outer regional,,ABS (unpublished) Causes of Death Australia,rate (AS),,,,,,,,,,39.9
CtG14A.9,2018-2022,Mortality due to suicide,37,Females,Aboriginal and Torres Strait Islander people,Inner and outer regional,Suicide deaths,five-year aggregate,Rate per 100000 people,,,Aboriginal and Torres Strait Islander people,Females,Inner and outer regional,,ABS (unpublished) Causes of Death Australia,rate (AS),,,,,,,,,,13.3
CtG14A.9,2018-2022,Mortality due to suicide,35,Females,Aboriginal and Torres Strait Islander people,Inner and outer regional,Suicide deaths,five-year aggregate,Rate per 100000 people,,,Aboriginal and Torres Strait Islander people,Females,Inner and outer regional,,ABS (unpublished) Causes of Death Australia,rate (AS),,,,,,,,,,13.3
CtG14A.9,2018-2022,Mortality due to suicide,95,Females,Aboriginal and Torres Strait Islander people,Inner and outer regional,Suicide deaths,five-year aggregate,Rate per 100000 people,,,Aboriginal and Torres Strait Islander people,Females,Inner and outer regional,,ABS (unpublished) Causes of Death Australia,rate (AS),,,,,,,,,,13.3
CtG14A.9,2018-2022,Mortality due to suicide,61,Females,Aboriginal and Torres Strait Islander people,Inner and outer regional,Suicide deaths,five-year aggregate,Rate per 100000 people,,,Aboriginal and Torres Strait Islander people,Females,Inner and outer regional,,ABS (unpublished) Causes of Death Australia,rate (AS),,,,,,,,,,13.3
CtG14A.9,2018-2022,Mortality due to suicide,97,Females,Aboriginal and Torres Strait Islander people,Inner and outer regional,Suicide deaths,five-year aggregate,Rate per 100000 people,,,Aboriginal and Torres Strait Islander people,Females,Inner and outer regional,,ABS (unpublished) Causes of Death Australia,rate (AS),,,,,,,,,,13.3
CtG14A.9,2018-2022,Mortality due to suicide,71,Males,Non-Indigenous people,Inner and outer regional,Suicide deaths,five-year aggregate,Rate per 100000 people,,,Non-Indigenous people,Males,Inner and outer regional,,ABS (unpublished) Causes of Death Australia,rate (AS),,,,,,,,,,25.1
CtG14A.9,2018-2022,Mortality due to suicide,19,Males,Non-Indigenous people,Inner and outer regional,Suicide deaths,five-year aggregate,Rate per 100000 people,,,Non-Indigenous people,Males,Inner and outer regional,,ABS (unpublished) Causes of Death Australia,rate (AS),,,,,,,,,,25.1
CtG14A.9,2018-2022,Mortality due to suicide,16,Males,Non-Indigenous people,Inner and outer regional,Suicide deaths,five-year aggregate,Rate per 100000 people,,,Non-Indigenous people,Males,Inner and outer regional,,ABS (unpublished) Causes of Death Australia,rate (AS),,,,,,,,,,25.1
CtG14A.9,2018-2022,Mortality due to suicide,61,Males,Non-Indigenous people,Inner and outer regional,Suicide deaths,five-year aggregate,Rate per 100000 people,,,Non-Indigenous people,Males,Inner and outer regional,,ABS (unpublished) Causes of Death Australia,rate (AS),,,,,,,,,,25.1
CtG14A.9,2018-2022,Mortality due to suicide,19,Males,Non-Indigenous people,Inner and outer regional,Suicide deaths,five-year aggregate,Rate per 100000 people,,,Non-Indigenous people,Males,Inner and outer regional,,ABS (unpublished) Causes of Death Australia,rate (AS),,,,,,,,,,25.1
CtG14A.9,2018-2022,Mortality due to suicide,47,Females,Non-Indigenous people,Inner and outer regional,Suicide deaths,five-year aggregate,Rate per 100000 people,,,Non-Indigenous people,Females,Inner and outer regional,,ABS (unpublished) Causes of Death Australia,rate (AS),,,,,,,,,,6.4
CtG14A.9,2018-2022,Mortality due to suicide,15,Females,Non-Indigenous people,Inner and outer regional,Suicide deaths,five-year aggregate,Rate per 100000 people,,,Non-Indigenous people,Females,Inner and outer regional,,ABS (unpublished) Causes of Death Australia,rate (AS),,,,,,,,,,6.4
CtG14A.9,2018-2022,Mortality due to suicide,74,Females,Non-Indigenous people,Inner and outer regional,Suicide deaths,five-year aggregate,Rate per 100000 people,,,Non-Indigenous people,Females,Inner and outer regional,,ABS (unpublished) Causes of Death Australia,rate (AS),,,,,,,,,,6.4
CtG14A.9,2018-2022,Mortality due to suicide,83,Females,Non-Indigenous people,Inner and outer regional,Suicide deaths,five-year aggregate,Rate per 100000 people,,,Non-Indigenous people,Females,Inner and outer regional,,ABS (unpublished) Causes of Death Australia,rate (AS),,,,,,,,,,6.4
CtG14A.9,2018-2022,Mortality due to suicide,36,Females,Non-Indigenous people,Inner and outer regional,Suicide deaths,five-year aggregate,Rate per 100000 people,,,Non-Indigenous people,Females,Inner and outer regional,,ABS (unpublished) Causes of Death Australia,rate (AS),,,,,,,,,,6.4
CtG14A.9,2018-2022,Mortality due to suicide,91,Males,Aboriginal and Torres Strait Islander people,Remote and very remote,Suicide deaths,five-year aggregate,Rate per 100000 people,,,Aboriginal and Torres Strait Islander people,Males,Remote and very remote,,ABS (unpublished) Causes of Death Australia,rate (AS),,,,,,,,,,45.2
CtG14A.9,2018-2022,Mortality due to suicide,77,Males,Aboriginal and Torres Strait Islander people,Remote and very remote,Suicide deaths,five-year aggregate,Rate per 100000 people,,,Aboriginal and Torres Strait Islander people,Males,Remote and very remote,,ABS (unpublished) Causes of Death Australia,rate (AS),,,,,,,,,,45.2
CtG14A.9,2018-2022,Mortality due to suicide,11,Males,Aboriginal and Torres Strait Islander people,Remote and very remote,Suicide deaths,five-year aggregate,Rate per 100000 people,,,Aboriginal and Torres Strait Islander people,Males,Remote and very remote,,ABS (unpublished) Causes of Death Australia,rate (AS),,,,,,,,,,45.2
CtG14A.9,2018-2022,Mortality due to suicide,86,Males,Aboriginal and Torres Strait Islander people,Remote and very remote,Suicide deaths,five-year aggregate,Rate per 100000 people,,,Aboriginal and Torres Strait Islander people,Males,Remote and very remote,,ABS (unpublished) Causes of Death Australia,rate (AS),,,,,,,,,,45.2
CtG14A.9,2018-2022,Mortality due to suicide,38,Males,Aboriginal and Torres Strait Islander people,Remote and very remote,Suicide deaths,five-year aggregate,Rate per 100000 people,,,Aboriginal and Torres Strait Islander people,Males,Remote and very remote,,ABS (unpublished) Causes of Death Australia,rate (AS),,,,,,,,,,45.2
CtG14A.9,2018-2022,Mortality due to suicide,36,Females,Aboriginal and Torres Strait Islander people,Remote and very remote,Suicide deaths,five-year aggregate,Rate per 100000 people,,,Aboriginal and Torres Strait Islander people,Females,Remote and very remote,,ABS (unpublished) Causes of Death Australia,rate (AS),,,,,,,,,,16.9
CtG14A.9,2018-2022,Mortality due to suicide,49,Females,Aboriginal and Torres Strait Islander people,Remote and very remote,Suicide deaths,five-year aggregate,Rate per 100000 people,,,Aboriginal and Torres Strait Islander people,Females,Remote and very remote,,ABS (unpublished) Causes of Death Australia,rate (AS),,,,,,,,,,16.9
CtG14A.9,2018-2022,Mortality due to suicide,26,Females,Aboriginal and Torres Strait Islander people,Remote and very remote,Suicide deaths,five-year aggregate,Rate per 100000 people,,,Aboriginal and Torres Strait Islander people,Females,Remote and very remote,,ABS (unpublished) Causes of Death Australia,rate (AS),,,,,,,,,,16.9
CtG14A.9,2018-2022,Mortality due to suicide,67,Females,Aboriginal and Torres Strait Islander people,Remote and very remote,Suicide deaths,five-year aggregate,Rate per 100000 people,,,Aboriginal and Torres Strait Islander people,Females,Remote and very remote,,ABS (unpublished) Causes of Death Australia,rate (AS),,,,,,,,,,16.9
CtG14A.9,2018-2022,Mortality due to suicide,87,Females,Aboriginal and Torres Strait Islander people,Remote and very remote,Suicide deaths,five-year aggregate,Rate per 100000 people,,,Aboriginal and Torres Strait Islander people,Females,Remote and very remote,,ABS (unpublished) Causes of Death Australia,rate (AS),,,,,,,,,,16.9
CtG14A.9,2018-2022,Mortality due to suicide,14,Males,Non-Indigenous people,Remote and very remote,Suicide deaths,five-year aggregate,Rate per 100000 people,,,Non-Indigenous people,Males,Remote and very remote,,ABS (unpublished) Causes of Death Australia,rate (AS),,,,,,,,,,23.5
CtG14A.9,2018-2022,Mortality due to suicide,14,Males,Non-Indigenous people,Remote and very remote,Suicide deaths,five-year aggregate,Rate per 100000 people,,,Non-Indigenous people,Males,Remote and very remote,,ABS (unpublished) Causes of Death Australia,rate (AS),,,,,,,,,,23.5
CtG14A.9,2018-2022,Mortality due to suicide,74,Males,Non-Indigenous people,Remote and very remote,Suicide deaths,five-year aggregate,Rate per 100000 people,,,Non-Indigenous people,Males,Remote and very remote,,ABS (unpublished) Causes of Death Australia,rate (AS),,,,,,,,,,23.5
CtG14A.9,2018-2022,Mortality due to suicide,27,Males,Non-Indigenous people,Remote and very remote,Suicide deaths,five-year aggregate,Rate per 100000 people,,,Non-Indigenous people,Males,Remote and very remote,,ABS (unpublished) Causes of Death Australia,rate (AS),,,,,,,,,,23.5
CtG14A.9,2018-2022,Mortality due to suicide,31,Males,Non-Indigenous people,Remote and very remote,Suicide deaths,five-year aggregate,Rate per 100000 people,,,Non-Indigenous people,Males,Remote and very remote,,ABS (unpublished) Causes of Death Australia,rate (AS),,,,,,,,,,23.5
CtG14A.9,2018-2022,Mortality due to suicide,64,Females,Non-Indigenous people,Remote and very remote,Suicide deaths,five-year aggregate,Rate per 100000 people,,,Non-Indigenous people,Females,Remote and very remote,,ABS (unpublished) Causes of Death Australia,rate (AS),,,,,,,,,,6.3
CtG14A.9,2018-2022,Mortality due to suicide,29,Females,Non-Indigenous people,Remote and very remote,Suicide deaths,five-year aggregate,Rate per 100000 people,,,Non-Indigenous people,Females,Remote and very remote,,ABS (unpublished) Causes of Death Australia,rate (AS),,,,,,,,,,6.3
CtG14A.9,2018-2022,Mortality due to suicide,75,Females,Non-Indigenous people,Remote and very remote,Suicide deaths,five-year aggregate,Rate per 100000 people,,,Non-Indigenous people,Females,Remote and very remote,,ABS (unpublished) Causes of Death Australia,rate (AS),,,,,,,,,,6.3
CtG14A.9,2018-2022,Mortality due to suicide,0,Females,Non-Indigenous people,Remote and very remote,Suicide deaths,five-year aggregate,Rate per 100000 people,,,Non-Indigenous people,Females,Remote and very remote,,ABS (unpublished) Causes of Death Australia,rate (AS),,,,,,,,,,6.3
CtG14A.9,2018-2022,Mortality due to suicide,21,Females,Non-Indigenous people,Remote and very remote,Suicide deaths,five-year aggregate,Rate per 100000 people,,,Non-Indigenous people,Females,Remote and very remote,,ABS (unpublished) Causes of Death Australia,rate (AS),,,,,,,,,,6.3
CtG14A.9,2017-2021,Mortality due to suicide,79,Males,Aboriginal and Torres Strait Islander people,Major cities,Suicide deaths,five-year aggregate,Rate per 100000 people,,,Aboriginal and Torres Strait Islander people,Males,Major cities,,ABS (unpublished) Causes of Death Australia,rate (AS),,,,,,,,,,34
CtG14A.9,2017-2021,Mortality due to suicide,97,Males,Aboriginal and Torres Strait Islander people,Major cities,Suicide deaths,five-year aggregate,Rate per 100000 people,,,Aboriginal and Torres Strait Islander people,Males,Major cities,,ABS (unpublished) Causes of Death Australia,rate (AS),,,,,,,,,,34
CtG14A.9,2017-2021,Mortality due to suicide,13,Males,Aboriginal and Torres Strait Islander people,Major cities,Suicide deaths,five-year aggregate,Rate per 100000 people,,,Aboriginal and Torres Strait Islander people,Males,Major cities,,ABS (unpublished) Causes of Death Australia,rate (AS),,,,,,,,,,34
CtG14A.9,2017-2021,Mortality due to suicide,92,Males,Aboriginal and Torres Strait Islander people,Major cities,Suicide deaths,five-year aggregate,Rate per 100000 people,,,Aboriginal and Torres Strait Islander people,Males,Major cities,,ABS (unpublished) Causes of Death Australia,rate (AS),,,,,,,,,,34
CtG14A.9,2017-2021,Mortality due to suicide,68,Males,Aboriginal and Torres Strait Islander people,Major cities,Suicide deaths,five-year aggregate,Rate per 100000 people,,,Aboriginal and Torres Strait Islander people,Males,Major cities,,ABS (unpublished) Causes of Death Australia,rate (AS),,,,,,,,,,34
CtG14A.9,2017-2021,Mortality due to suicide,94,Females,Aboriginal and Torres Strait Islander people,Major cities,Suicide deaths,five-year aggregate,Rate per 100000 people,,,Aboriginal and Torres Strait Islander people,Females,Major cities,,ABS (unpublished) Causes of Death Australia,rate (AS),,,,,,,,,,12.6
CtG14A.9,2017-2021,Mortality due to suicide,52,Females,Aboriginal and Torres Strait Islander people,Major cities,Suicide deaths,five-year aggregate,Rate per 100000 people,,,Aboriginal and Torres Strait Islander people,Females,Major cities,,ABS (unpublished) Causes of Death Australia,rate (AS),,,,,,,,,,12.6
CtG14A.9,2017-2021,Mortality due to suicide,95,Females,Aboriginal and Torres Strait Islander people,Major cities,Suicide deaths,five-year aggregate,Rate per 100000 people,,,Aboriginal and Torres Strait Islander people,Females,Major cities,,ABS (unpublished) Causes of Death Australia,rate (AS),,,,,,,,,,12.6
CtG14A.9,2017-2021,Mortality due to suicide,7,Females,Aboriginal and Torres Strait Islander people,Major cities,Suicide deaths,five-year aggregate,Rate per 100000 people,,,Aboriginal and Torres Strait Islander people,Females,Major cities,,ABS (unpublished) Causes of Death Australia,rate (AS),,,,,,,,,,12.6
CtG14A.9,2017-2021,Mortality due to suicide,83,Females,Aboriginal and Torres Strait Islander people,Major cities,Suicide deaths,five-year aggregate,Rate per 100000 people,,,Aboriginal and Torres Strait Islander people,Females,Major cities,,ABS (unpublished) Causes of Death Australia,rate (AS),,,,,,,,,,12.6
CtG14A.9,2017-2021,Mortality due to suicide,53,Males,Non-Indigenous people,Major cities,Suicide deaths,five-year aggregate,Rate per 100000 people,,,Non-Indigenous people,Males,Major cities,,ABS (unpublished) Causes of Death Australia,rate (AS),,,,,,,,,,15.6
CtG14A.9,2017-2021,Mortality due to suicide,75,Males,Non-Indigenous people,Major cities,Suicide deaths,five-year aggregate,Rate per 100000 people,,,Non-Indigenous people,Males,Major cities,,ABS (unpublished) Causes of Death Australia,rate (AS),,,,,,,,,,15.6
CtG14A.9,2017-2021,Mortality due to suicide,65,Males,Non-Indigenous people,Major cities,Suicide deaths,five-year aggregate,Rate per 100000 people,,,Non-Indigenous people,Males,Major cities,,ABS (unpublished) Causes of Death Australia,rate (AS),,,,,,,,,,15.6
CtG14A.9,2017-2021,Mortality due to suicide,46,Males,Non-Indigenous people,Major cities,Suicide deaths,five-year aggregate,Rate per 100000 people,,,Non-Indigenous people,Males,Major cities,,ABS (unpublished) Causes of Death Australia,rate (AS),,,,,,,,,,15.6
CtG14A.9,2017-2021,Mortality due to suicide,70,Males,Non-Indigenous people,Major cities,Suicide deaths,five-year aggregate,Rate per 100000 people,,,Non-Indigenous people,Males,Major cities,,ABS (unpublished) Causes of Death Australia,rate (AS),,,,,,,,,,15.6
CtG14A.9,2017-2021,Mortality due to suicide,19,Females,Non-Indigenous people,Major cities,Suicide deaths,five-year aggregate,Rate per 100000 people,,,Non-Indigenous people,Females,Major cities,,ABS (unpublished) Causes of Death Australia,rate (AS),,,,,,,,,,5.4
CtG14A.9,2017-2021,Mortality due to suicide,34,Females,Non-Indigenous people,Major cities,Suicide deaths,five-year aggregate,Rate per 100000 people,,,Non-Indigenous people,Females,Major cities,,ABS (unpublished) Causes of Death Australia,rate (AS),,,,,,,,,,5.4
CtG14A.9,2017-2021,Mortality due to suicide,87,Females,Non-Indigenous people,Major cities,Suicide deaths,five-year aggregate,Rate per 100000 people,,,Non-Indigenous people,Females,Major cities,,ABS (unpublished) Causes of Death Australia,rate (AS),,,,,,,,,,5.4
CtG14A.9,2017-2021,Mortality due to suicide,26,Females,Non-Indigenous people,Major cities,Suicide deaths,five-year aggregate,Rate per 100000 people,,,Non-Indigenous people,Females,Major cities,,ABS (unpublished) Causes of Death Australia,rate (AS),,,,,,,,,,5.4
CtG14A.9,2017-2021,Mortality due to suicide,62,Females,Non-Indigenous people,Major cities,Suicide deaths,five-year aggregate,Rate per 100000 people,,,Non-Indigenous people,Females,Major cities,,ABS (unpublished) Causes of Death Australia,rate (AS),,,,,,,,,,5.4
CtG14A.9,2017-2021,Mortality due to suicide,39,Males,Aboriginal and Torres Strait Islander people,Inner and outer regional,Suicide deaths,five-year aggregate,Rate per 100000 people,,,Aboriginal and Torres Strait Islander people,Males,Inner and outer regional,,ABS (unpublished) Causes of Death Australia,rate (AS),,,,,,,,,,38.5
CtG14A.9,2017-2021,Mortality due to suicide,40,Males,Aboriginal and Torres Strait Islander people,Inner and outer regional,Suicide deaths,five-year aggregate,Rate per 100000 people,,,Aboriginal and Torres Strait Islander people,Males,Inner and outer regional,,ABS (unpublished) Causes of Death Australia,rate (AS),,,,,,,,,,38.5
CtG14A.9,2017-2021,Mortality due to suicide,44,Males,Aboriginal and Torres Strait Islander people,Inner and outer regional,Suicide deaths,five-year aggregate,Rate per 100000 people,,,Aboriginal and Torres Strait Islander people,Males,Inner and outer regional,,ABS (unpublished) Causes of Death Australia,rate (AS),,,,,,,,,,38.5
CtG14A.9,2017-2021,Mortality due to suicide,70,Males,Aboriginal and Torres Strait Islander people,Inner and outer regional,Suicide deaths,five-year aggregate,Rate per 100000 people,,,Aboriginal and Torres Strait Islander people,Males,Inner and outer regional,,ABS (unpublished) Causes of Death Australia,rate (AS),,,,,,,,,,38.5
CtG14A.9,2017-2021,Mortality due to suicide,15,Males,Aboriginal and Torres Strait Islander people,Inner and outer regional,Suicide deaths,five-year aggregate,Rate per 100000 people,,,Aboriginal and Torres Strait Islander people,Males,Inner and outer regional,,ABS (unpublished) Causes of Death Australia,rate (AS),,,,,,,,,,38.5
CtG14A.9,2017-2021,Mortality due to suicide,84,Females,Aboriginal and Torres Strait Islander people,Inner and outer regional,Suicide deaths,five-year aggregate,Rate per 100000 people,,,Aboriginal and Torres Strait Islander people,Females,Inner and outer regional,,ABS (unpublished) Causes of Death Australia,rate (AS),,,,,,,,,,12.5
CtG14A.9,2017-2021,Mortality due to suicide,90,Females,Aboriginal and Torres Strait Islander people,Inner and outer regional,Suicide deaths,five-year aggregate,Rate per 100000 people,,,Aboriginal and Torres Strait Islander people,Females,Inner and outer regional,,ABS (unpublished) Causes of Death Australia,rate (AS),,,,,,,,,,12.5
CtG14A.9,2017-2021,Mortality due to suicide,72,Females,Aboriginal and Torres Strait Islander people,Inner and outer regional,Suicide deaths,five-year aggregate,Rate per 100000 people,,,Aboriginal and Torres Strait Islander people,Females,Inner and outer regional,,ABS (unpublished) Causes of Death Australia,rate (AS),,,,,,,,,,12.5
CtG14A.9,2017-2021,Mortality due to suicide,75,Females,Aboriginal and Torres Strait Islander people,Inner and outer regional,Suicide deaths,five-year aggregate,Rate per 100000 people,,,Aboriginal and Torres Strait Islander people,Females,Inner and outer regional,,ABS (unpublished) Causes of Death Australia,rate (AS),,,,,,,,,,12.5
CtG14A.9,2017-2021,Mortality due to suicide,78,Females,Aboriginal and Torres Strait Islander people,Inner and outer regional,Suicide deaths,five-year aggregate,Rate per 100000 people,,,Aboriginal and Torres Strait Islander people,Females,Inner and outer regional,,ABS (unpublished) Causes of Death Australia,rate (AS),,,,,,,,,,12.5
CtG14A.9,2017-2021,Mortality due to suicide,28,Males,Non-Indigenous people,Inner and outer regional,Suicide deaths,five-year aggregate,Rate per 100000 people,,,Non-Indigenous people,Males,Inner and outer regional,,ABS (unpublished) Causes of Death Australia,rate (AS),,,,,,,,,,25.7
CtG14A.9,2017-2021,Mortality due to suicide,61,Males,Non-Indigenous people,Inner and outer regional,Suicide deaths,five-year aggregate,Rate per 100000 people,,,Non-Indigenous people,Males,Inner and outer regional,,ABS (unpublished) Causes of Death Australia,rate (AS),,,,,,,,,,25.7
CtG14A.9,2017-2021,Mortality due to suicide,26,Males,Non-Indigenous people,Inner and outer regional,Suicide deaths,five-year aggregate,Rate per 100000 people,,,Non-Indigenous people,Males,Inner and outer regional,,ABS (unpublished) Causes of Death Australia,rate (AS),,,,,,,,,,25.7
CtG14A.9,2017-2021,Mortality due to suicide,69,Males,Non-Indigenous people,Inner and outer regional,Suicide deaths,five-year aggregate,Rate per 100000 people,,,Non-Indigenous people,Males,Inner and outer regional,,ABS (unpublished) Causes of Death Australia,rate (AS),,,,,,,,,,25.7
CtG14A.9,2017-2021,Mortality due to suicide,71,Males,Non-Indigenous people,Inner and outer regional,Suicide deaths,five-year aggregate,Rate per 100000 people,,,Non-Indigenous people,Males,Inner and outer regional,,ABS (unpublished) Causes of Death Australia,rate (AS),,,,,,,,,,25.7
CtG14A.9,2017-2021,Mortality due to suicide,16,Females,Non-Indigenous people,Inner and outer regional,Suicide deaths,five-year aggregate,Rate per 100000 people,,,Non-Indigenous people,Females,Inner and outer regional,,ABS (unpublished) Causes of Death Australia,rate (AS),,,,,,,,,,6.5
CtG14A.9,2017-2021,Mortality due to suicide,62,Females,Non-Indigenous people,Inner and outer regional,Suicide deaths,five-year aggregate,Rate per 100000 people,,,Non-Indigenous people,Females,Inner and outer regional,,ABS (unpublished) Causes of Death Australia,rate (AS),,,,,,,,,,6.5
CtG14A.9,2017-2021,Mortality due to suicide,94,Females,Non-Indigenous people,Inner and outer regional,Suicide deaths,five-year aggregate,Rate per 100000 people,,,Non-Indigenous people,Females,Inner and outer regional,,ABS (unpublished) Causes of Death Australia,rate (AS),,,,,,,,,,6.5
CtG14A.9,2017-2021,Mortality due to suicide,38,Females,Non-Indigenous people,Inner and outer regional,Suicide deaths,five-year aggregate,Rate per 100000 people,,,Non-Indigenous people,Females,Inner and outer regional,,ABS (unpublished) Causes of Death Australia,rate (AS),,,,,,,,,,6.5
CtG14A.9,2017-2021,Mortality due to suicide,81,Females,Non-Indigenous people,Inner and outer regional,Suicide deaths,five-year aggregate,Rate per 100000 people,,,Non-Indigenous people,Females,Inner and outer regional,,ABS (unpublished) Causes of Death Australia,rate (AS),,,,,,,,,,6.5
CtG14A.9,2017-2021,Mortality due to suicide,30,Males,Aboriginal and Torres Strait Islander people,Remote and very remote,Suicide deaths,five-year aggregate,Rate per 100000 people,,,Aboriginal and Torres Strait Islander people,Males,Remote and very remote,,ABS (unpublished) Causes of Death Australia,rate (AS),,,,,,,,,,43.9
CtG14A.9,2017-2021,Mortality due to suicide,85,Males,Aboriginal and Torres Strait Islander people,Remote and very remote,Suicide deaths,five-year aggregate,Rate per 100000 people,,,Aboriginal and Torres Strait Islander people,Males,Remote and very remote,,ABS (unpublished) Causes of Death Australia,rate (AS),,,,,,,,,,43.9
CtG14A.9,2017-2021,Mortality due to suicide,56,Males,Aboriginal and Torres Strait Islander people,Remote and very remote,Suicide deaths,five-year aggregate,Rate per 100000 people,,,Aboriginal and Torres Strait Islander people,Males,Remote and very remote,,ABS (unpublished) Causes of Death Australia,rate (AS),,,,,,,,,,43.9
CtG14A.9,2017-2021,Mortality due to suicide,88,Males,Aboriginal and Torres Strait Islander people,Remote and very remote,Suicide deaths,five-year aggregate,Rate per 100000 people,,,Aboriginal and Torres Strait Islander people,Males,Remote and very remote,,ABS (unpublished) Causes of Death Australia,rate (AS),,,,,,,,,,43.9
CtG14A.9,2017-2021,Mortality due to suicide,10,Males,Aboriginal and Torres Strait Islander people,Remote and very remote,Suicide deaths,five-year aggregate,Rate per 100000 people,,,Aboriginal and Torres Strait Islander people,Males,Remote and very remote,,ABS (unpublished) Causes of Death Australia,rate (AS),,,,,,,,,,43.9
CtG14A.9,2017-2021,Mortality due to suicide,91,Females,Aboriginal and Torres Strait Islander people,Remote and very remote,Suicide deaths,five-year aggregate,Rate per 100000 people,,,Aboriginal and Torres Strait Islander people,Females,Remote and very remote,,ABS (unpublished) Causes of Death Australia,rate (AS),,,,,,,,,,16.5
CtG14A.9,2017-2021,Mortality due to suicide,31,Females,Aboriginal and Torres Strait Islander people,Remote and very remote,Suicide deaths,five-year aggregate,Rate per 100000 people,,,Aboriginal and Torres Strait Islander people,Females,Remote and very remote,,ABS (unpublished) Causes of Death Australia,rate (AS),,,,,,,,,,16.5
CtG14A.9,2017-2021,Mortality due to suicide,32,Females,Aboriginal and Torres Strait Islander people,Remote and very remote,Suicide deaths,five-year aggregate,Rate per 100000 people,,,Aboriginal and Torres Strait Islander people,Females,Remote and very remote,,ABS (unpublished) Causes of Death Australia,rate (AS),,,,,,,,,,16.5
CtG14A.9,2017-2021,Mortality due to suicide,50,Females,Aboriginal and Torres Strait Islander people,Remote and very remote,Suicide deaths,five-year aggregate,Rate per 100000 people,,,Aboriginal and Torres Strait Islander people,Females,Remote and very remote,,ABS (unpublished) Causes of Death Australia,rate (AS),,,,,,,,,,16.5
CtG14A.9,2017-2021,Mortality due to suicide,50,Females,Aboriginal and Torres Strait Islander people,Remote and very remote,Suicide deaths,five-year aggregate,Rate per 100000 people,,,Aboriginal and Torres Strait Islander people,Females,Remote and very remote,,ABS (unpublished) Causes of Death Australia,rate (AS),,,,,,,,,,16.5
CtG14A.9,2017-2021,Mortality due to suicide,29,Males,Non-Indigenous people,Remote and very remote,Suicide deaths,five-year aggregate,Rate per 100000 people,,,Non-Indigenous people,Males,Remote and very remote,,ABS (unpublished) Causes of Death Australia,rate (AS),,,,,,,,,,23.1
CtG14A.9,2017-2021,Mortality due to suicide,94,Males,Non-Indigenous people,Remote and very remote,Suicide deaths,five-year aggregate,Rate per 100000 people,,,Non-Indigenous people,Males,Remote and very remote,,ABS (unpublished) Causes of Death Australia,rate (AS),,,,,,,,,,23.1
CtG14A.9,2017-2021,Mortality due to suicide,63,Males,Non-Indigenous people,Remote and very remote,Suicide deaths,five-year aggregate,Rate per 100000 people,,,Non-Indigenous people,Males,Remote and very remote,,ABS (unpublished) Causes of Death Australia,rate (AS),,,,,,,,,,23.1
CtG14A.9,2017-2021,Mortality due to suicide,47,Males,Non-Indigenous people,Remote and very remote,Suicide deaths,five-year aggregate,Rate per 100000 people,,,Non-Indigenous people,Males,Remote and very remote,,ABS (unpublished) Causes of Death Australia,rate (AS),,,,,,,,,,23.1
CtG14A.9,2017-2021,Mortality due to suicide,76,Males,Non-Indigenous people,Remote and very remote,Suicide deaths,five-year aggregate,Rate per 100000 people,,,Non-Indigenous people,Males,Remote and very remote,,ABS (unpublished) Causes of Death Australia,rate (AS),,,,,,,,,,23.1
CtG14A.9,2017-2021,Mortality due to suicide,99,Females,Non-Indigenous people,Remote and very remote,Suicide deaths,five-year aggregate,Rate per 100000 people,,,Non-Indigenous people,Females,Remote and very remote,,ABS (unpublished) Causes of Death Australia,rate (AS),,,,,,,,,,6.7
CtG14A.9,2017-2021,Mortality due to suicide,44,Females,Non-Indigenous people,Remote and very remote,Suicide deaths,five-year aggregate,Rate per 100000 people,,,Non-Indigenous people,Females,Remote and very remote,,ABS (unpublished) Causes of Death Australia,rate (AS),,,,,,,,,,6.7
CtG14A.9,2017-2021,Mortality due to suicide,65,Females,Non-Indigenous people,Remote and very remote,Suicide deaths,five-year aggregate,Rate per 100000 people,,,Non-Indigenous people,Females,Remote and very remote,,ABS (unpublished) Causes of Death Australia,rate (AS),,,,,,,,,,6.7
CtG14A.9,2017-2021,Mortality due to suicide,72,Females,Non-Indigenous people,Remote and very remote,Suicide deaths,five-year aggregate,Rate per 100000 people,,,Non-Indigenous people,Females,Remote and very remote,,ABS (unpublished) Causes of Death Australia,rate (AS),,,,,,,,,,6.7
CtG14A.9,2017-2021,Mortality due to suicide,13,Females,Non-Indigenous people,Remote and very remote,Suicide deaths,five-year aggregate,Rate per 100000 people,,,Non-Indigenous people,Females,Remote and very remote,,ABS (unpublished) Causes of Death Australia,rate (AS),,,,,,,,,,6.7
CtG14A.9,2016-2020,Mortality due to suicide,53,Males,Aboriginal and Torres Strait Islander people,Major cities,Suicide deaths,five-year aggregate,Rate per 100000 people,,,Aboriginal and Torres Strait Islander people,Males,Major cities,,ABS (unpublished) Causes of Death Australia,rate (AS),,,,,,,,,,33.5
CtG14A.9,2016-2020,Mortality due to suicide,4,Males,Aboriginal and Torres Strait Islander people,Major cities,Suicide deaths,five-year aggregate,Rate per 100000 people,,,Aboriginal and Torres Strait Islander people,Males,Major cities,,ABS (unpublished) Causes of Death Australia,rate (AS),,,,,,,,,,33.5
CtG14A.9,2016-2020,Mortality due to suicide,82,Males,Aboriginal and Torres Strait Islander people,Major cities,Suicide deaths,five-year aggregate,Rate per 100000 people,,,Aboriginal and Torres Strait Islander people,Males,Major cities,,ABS (unpublished) Causes of Death Australia,rate (AS),,,,,,,,,,33.5
CtG14A.9,2016-2020,Mortality due to suicide,63,Males,Aboriginal and Torres Strait Islander people,Major cities,Suicide deaths,five-year aggregate,Rate per 100000 people,,,Aboriginal and Torres Strait Islander people,Males,Major cities,,ABS (unpublished) Causes of Death Australia,rate (AS),,,,,,,,,,33.5
CtG14A.9,2016-2020,Mortality due to suicide,25,Males,Aboriginal and Torres Strait Islander people,Major cities,Suicide deaths,five-year aggregate,Rate per 100000 people,,,Aboriginal and Torres Strait Islander people,Males,Major cities,,ABS (unpublished) Causes of Death Australia,rate (AS),,,,,,,,,,33.5
CtG14A.9,2016-2020,Mortality due to suicide,89,Females,Aboriginal and Torres Strait Islander people,Major cities,Suicide deaths,five-year aggregate,Rate per 100000 people,,,Aboriginal and Torres Strait Islander people,Females,Major cities,,ABS (unpublished) Causes of Death Australia,rate (AS),,,,,,,,,,11.7
CtG14A.9,2016-2020,Mortality due to suicide,87,Females,Aboriginal and Torres Strait Islander people,Major cities,Suicide deaths,five-year aggregate,Rate per 100000 people,,,Aboriginal and Torres Strait Islander people,Females,Major cities,,ABS (unpublished) Causes of Death Australia,rate (AS),,,,,,,,,,11.7
CtG14A.9,2016-2020,Mortality due to suicide,38,Females,Aboriginal and Torres Strait Islander people,Major cities,Suicide deaths,five-year aggregate,Rate per 100000 people,,,Aboriginal and Torres Strait Islander people,Females,Major cities,,ABS (unpublished) Causes of Death Australia,rate (AS),,,,,,,,,,11.7
CtG14A.9,2016-2020,Mortality due to suicide,65,Females,Aboriginal and Torres Strait Islander people,Major cities,Suicide deaths,five-year aggregate,Rate per 100000 people,,,Aboriginal and Torres Strait Islander people,Females,Major cities,,ABS (unpublished) Causes of Death Australia,rate (AS),,,,,,,,,,11.7
CtG14A.9,2016-2020,Mortality due to suicide,61,Females,Aboriginal and Torres Strait Islander people,Major cities,Suicide deaths,five-year aggregate,Rate per 100000 people,,,Aboriginal and Torres Strait Islander people,Females,Major cities,,ABS (unpublished) Causes of Death Australia,rate (AS),,,,,,,,,,11.7
CtG14A.9,2016-2020,Mortality due to suicide,27,Males,Non-Indigenous people,Major cities,Suicide deaths,five-year aggregate,Rate per 100000 people,,,Non-Indigenous people,Males,Major cities,,ABS (unpublished) Causes of Death Australia,rate (AS),,,,,,,,,,15.6
CtG14A.9,2016-2020,Mortality due to suicide,28,Males,Non-Indigenous people,Major cities,Suicide deaths,five-year aggregate,Rate per 100000 people,,,Non-Indigenous people,Males,Major cities,,ABS (unpublished) Causes of Death Australia,rate (AS),,,,,,,,,,15.6
CtG14A.9,2016-2020,Mortality due to suicide,61,Males,Non-Indigenous people,Major cities,Suicide deaths,five-year aggregate,Rate per 100000 people,,,Non-Indigenous people,Males,Major cities,,ABS (unpublished) Causes of Death Australia,rate (AS),,,,,,,,,,15.6
CtG14A.9,2016-2020,Mortality due to suicide,16,Males,Non-Indigenous people,Major cities,Suicide deaths,five-year aggregate,Rate per 100000 people,,,Non-Indigenous people,Males,Major cities,,ABS (unpublished) Causes of Death Australia,rate (AS),,,,,,,,,,15.6
CtG14A.9,2016-2020,Mortality due to suicide,81,Males,Non-Indigenous people,Major cities,Suicide deaths,five-year aggregate,Rate per 100000 people,,,Non-Indigenous people,Males,Major cities,,ABS (unpublished) Causes of Death Australia,rate (AS),,,,,,,,,,15.6
CtG14A.9,2016-2020,Mortality due to suicide,7,Females,Non-Indigenous people,Major cities,Suicide deaths,five-year aggregate,Rate per 100000 people,,,Non-Indigenous people,Females,Major cities,,ABS (unpublished) Causes of Death Australia,rate (AS),,,,,,,,,,5.4
CtG14A.9,2016-2020,Mortality due to suicide,97,Females,Non-Indigenous people,Major cities,Suicide deaths,five-year aggregate,Rate per 100000 people,,,Non-Indigenous people,Females,Major cities,,ABS (unpublished) Causes of Death Australia,rate (AS),,,,,,,,,,5.4
CtG14A.9,2016-2020,Mortality due to suicide,99,Females,Non-Indigenous people,Major cities,Suicide deaths,five-year aggregate,Rate per 100000 people,,,Non-Indigenous people,Females,Major cities,,ABS (unpublished) Causes of Death Australia,rate (AS),,,,,,,,,,5.4
CtG14A.9,2016-2020,Mortality due to suicide,40,Females,Non-Indigenous people,Major cities,Suicide deaths,five-year aggregate,Rate per 100000 people,,,Non-Indigenous people,Females,Major cities,,ABS (unpublished) Causes of Death Australia,rate (AS),,,,,,,,,,5.4
CtG14A.9,2016-2020,Mortality due to suicide,37,Females,Non-Indigenous people,Major cities,Suicide deaths,five-year aggregate,Rate per 100000 people,,,Non-Indigenous people,Females,Major cities,,ABS (unpublished) Causes of Death Australia,rate (AS),,,,,,,,,,5.4
CtG14A.9,2016-2020,Mortality due to suicide,43,Males,Aboriginal and Torres Strait Islander people,Inner and outer regional,Suicide deaths,five-year aggregate,Rate per 100000 people,,,Aboriginal and Torres Strait Islander people,Males,Inner and outer regional,,ABS (unpublished) Causes of Death Australia,rate (AS),,,,,,,,,,37
CtG14A.9,2016-2020,Mortality due to suicide,41,Males,Aboriginal and Torres Strait Islander people,Inner and outer regional,Suicide deaths,five-year aggregate,Rate per 100000 people,,,Aboriginal and Torres Strait Islander people,Males,Inner and outer regional,,ABS (unpublished) Causes of Death Australia,rate (AS),,,,,,,,,,37
CtG14A.9,2016-2020,Mortality due to suicide,98,Males,Aboriginal and Torres Strait Islander people,Inner and outer regional,Suicide deaths,five-year aggregate,Rate per 100000 people,,,Aboriginal and Torres Strait Islander people,Males,Inner and outer regional,,ABS (unpublished) Causes of Death Australia,rate (AS),,,,,,,,,,37
CtG14A.9,2016-2020,Mortality due to suicide,38,Males,Aboriginal and Torres Strait Islander people,Inner and outer regional,Suicide deaths,five-year aggregate,Rate per 100000 people,,,Aboriginal and Torres Strait Islander people,Males,Inner and outer regional,,ABS (unpublished) Causes of Death Australia,rate (AS),,,,,,,,,,37
CtG14A.9,2016-2020,Mortality due to suicide,14,Males,Aboriginal and Torres Strait Islander people,Inner and outer regional,Suicide deaths,five-year aggregate,Rate per 100000 people,,,Aboriginal and Torres Strait Islander people,Males,Inner and outer regional,,ABS (unpublished) Causes of Death Australia,rate (AS),,,,,,,,,,37
CtG14A.9,2016-2020,Mortality due to suicide,93,Females,Aboriginal and Torres Strait Islander people,Inner and outer regional,Suicide deaths,five-year aggregate,Rate per 100000 people,,,Aboriginal and Torres Strait Islander people,Females,Inner and outer regional,,ABS (unpublished) Causes of Death Australia,rate (AS),,,,,,,,,,11.1
CtG14A.9,2016-2020,Mortality due to suicide,59,Females,Aboriginal and Torres Strait Islander people,Inner and outer regional,Suicide deaths,five-year aggregate,Rate per 100000 people,,,Aboriginal and Torres Strait Islander people,Females,Inner and outer regional,,ABS (unpublished) Causes of Death Australia,rate (AS),,,,,,,,,,11.1
CtG14A.9,2016-2020,Mortality due to suicide,99,Females,Aboriginal and Torres Strait Islander people,Inner and outer regional,Suicide deaths,five-year aggregate,Rate per 100000 people,,,Aboriginal and Torres Strait Islander people,Females,Inner and outer regional,,ABS (unpublished) Causes of Death Australia,rate (AS),,,,,,,,,,11.1
CtG14A.9,2016-2020,Mortality due to suicide,86,Females,Aboriginal and Torres Strait Islander people,Inner and outer regional,Suicide deaths,five-year aggregate,Rate per 100000 people,,,Aboriginal and Torres Strait Islander people,Females,Inner and outer regional,,ABS (unpublished) Causes of Death Australia,rate (AS),,,,,,,,,,11.1
CtG14A.9,2016-2020,Mortality due to suicide,83,Females,Aboriginal and Torres Strait Islander people,Inner and outer regional,Suicide deaths,five-year aggregate,Rate per 100000 people,,,Aboriginal and Torres Strait Islander people,Females,Inner and outer regional,,ABS (unpublished) Causes of Death Australia,rate (AS),,,,,,,,,,11.1
CtG14A.9,2016-2020,Mortality due to suicide,22,Males,Non-Indigenous people,Inner and outer regional,Suicide deaths,five-year aggregate,Rate per 100000 people,,,Non-Indigenous people,Males,Inner and outer regional,,ABS (unpublished) Causes of Death Australia,rate (AS),,,,,,,,,,25.5
CtG14A.9,2016-2020,Mortality due to suicide,62,Males,Non-Indigenous people,Inner and outer regional,Suicide deaths,five-year aggregate,Rate per 100000 people,,,Non-Indigenous people,Males,Inner and outer regional,,ABS (unpublished) Causes of Death Australia,rate (AS),,,,,,,,,,25.5
CtG14A.9,2016-2020,Mortality due to suicide,81,Males,Non-Indigenous people,Inner and outer regional,Suicide deaths,five-year aggregate,Rate per 100000 people,,,Non-Indigenous people,Males,Inner and outer regional,,ABS (unpublished) Causes of Death Australia,rate (AS),,,,,,,,,,25.5
CtG14A.9,2016-2020,Mortality due to suicide,94,Males,Non-Indigenous people,Inner and outer regional,Suicide deaths,five-year aggregate,Rate per 100000 people,,,Non-Indigenous people,Males,Inner and outer regional,,ABS (unpublished) Causes of Death Australia,rate (AS),,,,,,,,,,25.5
CtG14A.9,2016-2020,Mortality due to suicide,91,Males,Non-Indigenous people,Inner and outer regional,Suicide deaths,five-year aggregate,Rate per 100000 people,,,Non-Indigenous people,Males,Inner and outer regional,,ABS (unpublished) Causes of Death Australia,rate (AS),,,,,,,,,,25.5
CtG14A.9,2016-2020,Mortality due to suicide,100,Females,Non-Indigenous people,Inner and outer regional,Suicide deaths,five-year aggregate,Rate per 100000 people,,,Non-Indigenous people,Females,Inner and outer regional,,ABS (unpublished) Causes of Death Australia,rate (AS),,,,,,,,,,6.6
CtG14A.9,2016-2020,Mortality due to suicide,46,Females,Non-Indigenous people,Inner and outer regional,Suicide deaths,five-year aggregate,Rate per 100000 people,,,Non-Indigenous people,Females,Inner and outer regional,,ABS (unpublished) Causes of Death Australia,rate (AS),,,,,,,,,,6.6
CtG14A.9,2016-2020,Mortality due to suicide,47,Females,Non-Indigenous people,Inner and outer regional,Suicide deaths,five-year aggregate,Rate per 100000 people,,,Non-Indigenous people,Females,Inner and outer regional,,ABS (unpublished) Causes of Death Australia,rate (AS),,,,,,,,,,6.6
CtG14A.9,2016-2020,Mortality due to suicide,3,Females,Non-Indigenous people,Inner and outer regional,Suicide deaths,five-year aggregate,Rate per 100000 people,,,Non-Indigenous people,Females,Inner and outer regional,,ABS (unpublished) Causes of Death Australia,rate (AS),,,,,,,,,,6.6
CtG14A.9,2016-2020,Mortality due to suicide,87,Females,Non-Indigenous people,Inner and outer regional,Suicide deaths,five-year aggregate,Rate per 100000 people,,,Non-Indigenous people,Females,Inner and outer regional,,ABS (unpublished) Causes of Death Australia,rate (AS),,,,,,,,,,6.6
CtG14A.9,2016-2020,Mortality due to suicide,26,Males,Aboriginal and Torres Strait Islander people,Remote and very remote,Suicide deaths,five-year aggregate,Rate per 100000 people,,,Aboriginal and Torres Strait Islander people,Males,Remote and very remote,,ABS (unpublished) Causes of Death Australia,rate (AS),,,,,,,,,,43
CtG14A.9,2016-2020,Mortality due to suicide,55,Males,Aboriginal and Torres Strait Islander people,Remote and very remote,Suicide deaths,five-year aggregate,Rate per 100000 people,,,Aboriginal and Torres Strait Islander people,Males,Remote and very remote,,ABS (unpublished) Causes of Death Australia,rate (AS),,,,,,,,,,43
CtG14A.9,2016-2020,Mortality due to suicide,65,Males,Aboriginal and Torres Strait Islander people,Remote and very remote,Suicide deaths,five-year aggregate,Rate per 100000 people,,,Aboriginal and Torres Strait Islander people,Males,Remote and very remote,,ABS (unpublished) Causes of Death Australia,rate (AS),,,,,,,,,,43
CtG14A.9,2016-2020,Mortality due to suicide,30,Males,Aboriginal and Torres Strait Islander people,Remote and very remote,Suicide deaths,five-year aggregate,Rate per 100000 people,,,Aboriginal and Torres Strait Islander people,Males,Remote and very remote,,ABS (unpublished) Causes of Death Australia,rate (AS),,,,,,,,,,43
CtG14A.9,2016-2020,Mortality due to suicide,71,Males,Aboriginal and Torres Strait Islander people,Remote and very remote,Suicide deaths,five-year aggregate,Rate per 100000 people,,,Aboriginal and Torres Strait Islander people,Males,Remote and very remote,,ABS (unpublished) Causes of Death Australia,rate (AS),,,,,,,,,,43
CtG14A.9,2016-2020,Mortality due to suicide,61,Females,Aboriginal and Torres Strait Islander people,Remote and very remote,Suicide deaths,five-year aggregate,Rate per 100000 people,,,Aboriginal and Torres Strait Islander people,Females,Remote and very remote,,ABS (unpublished) Causes of Death Australia,rate (AS),,,,,,,,,,16.4
CtG14A.9,2016-2020,Mortality due to suicide,97,Females,Aboriginal and Torres Strait Islander people,Remote and very remote,Suicide deaths,five-year aggregate,Rate per 100000 people,,,Aboriginal and Torres Strait Islander people,Females,Remote and very remote,,ABS (unpublished) Causes of Death Australia,rate (AS),,,,,,,,,,16.4
CtG14A.9,2016-2020,Mortality due to suicide,41,Females,Aboriginal and Torres Strait Islander people,Remote and very remote,Suicide deaths,five-year aggregate,Rate per 100000 people,,,Aboriginal and Torres Strait Islander people,Females,Remote and very remote,,ABS (unpublished) Causes of Death Australia,rate (AS),,,,,,,,,,16.4
CtG14A.9,2016-2020,Mortality due to suicide,77,Females,Aboriginal and Torres Strait Islander people,Remote and very remote,Suicide deaths,five-year aggregate,Rate per 100000 people,,,Aboriginal and Torres Strait Islander people,Females,Remote and very remote,,ABS (unpublished) Causes of Death Australia,rate (AS),,,,,,,,,,16.4
CtG14A.9,2016-2020,Mortality due to suicide,88,Females,Aboriginal and Torres Strait Islander people,Remote and very remote,Suicide deaths,five-year aggregate,Rate per 100000 people,,,Aboriginal and Torres Strait Islander people,Females,Remote and very remote,,ABS (unpublished) Causes of Death Australia,rate (AS),,,,,,,,,,16.4
CtG14A.9,2016-2020,Mortality due to suicide,11,Males,Non-Indigenous people,Remote and very remote,Suicide deaths,five-year aggregate,Rate per 100000 people,,,Non-Indigenous people,Males,Remote and very remote,,ABS (unpublished) Causes of Death Australia,rate (AS),,,,,,,,,,21.7
CtG14A.9,2016-2020,Mortality due to suicide,83,Males,Non-Indigenous people,Remote and very remote,Suicide deaths,five-year aggregate,Rate per 100000 people,,,Non-Indigenous people,Males,Remote and very remote,,ABS (unpublished) Causes of Death Australia,rate (AS),,,,,,,,,,21.7
CtG14A.9,2016-2020,Mortality due to suicide,60,Males,Non-Indigenous people,Remote and very remote,Suicide deaths,five-year aggregate,Rate per 100000 people,,,Non-Indigenous people,Males,Remote and very remote,,ABS (unpublished) Causes of Death Australia,rate (AS),,,,,,,,,,21.7
CtG14A.9,2016-2020,Mortality due to suicide,74,Males,Non-Indigenous people,Remote and very remote,Suicide deaths,five-year aggregate,Rate per 100000 people,,,Non-Indigenous people,Males,Remote and very remote,,ABS (unpublished) Causes of Death Australia,rate (AS),,,,,,,,,,21.7
CtG14A.9,2016-2020,Mortality due to suicide,30,Males,Non-Indigenous people,Remote and very remote,Suicide deaths,five-year aggregate,Rate per 100000 people,,,Non-Indigenous people,Males,Remote and very remote,,ABS (unpublished) Causes of Death Australia,rate (AS),,,,,,,,,,21.7
CtG14A.9,2016-2020,Mortality due to suicide,43,Females,Non-Indigenous people,Remote and very remote,Suicide deaths,five-year aggregate,Rate per 100000 people,,,Non-Indigenous people,Females,Remote and very remote,,ABS (unpublished) Causes of Death Australia,rate (AS),,,,,,,,,,7.3
CtG14A.9,2016-2020,Mortality due to suicide,16,Females,Non-Indigenous people,Remote and very remote,Suicide deaths,five-year aggregate,Rate per 100000 people,,,Non-Indigenous people,Females,Remote and very remote,,ABS (unpublished) Causes of Death Australia,rate (AS),,,,,,,,,,7.3
CtG14A.9,2016-2020,Mortality due to suicide,37,Females,Non-Indigenous people,Remote and very remote,Suicide deaths,five-year aggregate,Rate per 100000 people,,,Non-Indigenous people,Females,Remote and very remote,,ABS (unpublished) Causes of Death Australia,rate (AS),,,,,,,,,,7.3
CtG14A.9,2016-2020,Mortality due to suicide,10,Females,Non-Indigenous people,Remote and very remote,Suicide deaths,five-year aggregate,Rate per 100000 people,,,Non-Indigenous people,Females,Remote and very remote,,ABS (unpublished) Causes of Death Australia,rate (AS),,,,,,,,,,7.3
CtG14A.9,2016-2020,Mortality due to suicide,23,Females,Non-Indigenous people,Remote and very remote,Suicide deaths,five-year aggregate,Rate per 100000 people,,,Non-Indigenous people,Females,Remote and very remote,,ABS (unpublished) Causes of Death Australia,rate (AS),,,,,,,,,,7.3
CtG14A.9,2015-2019,Mortality due to suicide,63,Males,Aboriginal and Torres Strait Islander people,Major cities,Suicide deaths,five-year aggregate,Rate per 100000 people,,,Aboriginal and Torres Strait Islander people,Males,Major cities,,ABS (unpublished) Causes of Death Australia,rate (AS),,,,,,,,,,31.7
CtG14A.9,2015-2019,Mortality due to suicide,22,Males,Aboriginal and Torres Strait Islander people,Major cities,Suicide deaths,five-year aggregate,Rate per 100000 people,,,Aboriginal and Torres Strait Islander people,Males,Major cities,,ABS (unpublished) Causes of Death Australia,rate (AS),,,,,,,,,,31.7
CtG14A.9,2015-2019,Mortality due to suicide,48,Males,Aboriginal and Torres Strait Islander people,Major cities,Suicide deaths,five-year aggregate,Rate per 100000 people,,,Aboriginal and Torres Strait Islander people,Males,Major cities,,ABS (unpublished) Causes of Death Australia,rate (AS),,,,,,,,,,31.7
CtG14A.9,2015-2019,Mortality due to suicide,67,Males,Aboriginal and Torres Strait Islander people,Major cities,Suicide deaths,five-year aggregate,Rate per 100000 people,,,Aboriginal and Torres Strait Islander people,Males,Major cities,,ABS (unpublished) Causes of Death Australia,rate (AS),,,,,,,,,,31.7
CtG14A.9,2015-2019,Mortality due to suicide,19,Males,Aboriginal and Torres Strait Islander people,Major cities,Suicide deaths,five-year aggregate,Rate per 100000 people,,,Aboriginal and Torres Strait Islander people,Males,Major cities,,ABS (unpublished) Causes of Death Australia,rate (AS),,,,,,,,,,31.7
CtG14A.9,2015-2019,Mortality due to suicide,34,Females,Aboriginal and Torres Strait Islander people,Major cities,Suicide deaths,five-year aggregate,Rate per 100000 people,,,Aboriginal and Torres Strait Islander people,Females,Major cities,,ABS (unpublished) Causes of Death Australia,rate (AS),,,,,,,,,,11.6
CtG14A.9,2015-2019,Mortality due to suicide,61,Females,Aboriginal and Torres Strait Islander people,Major cities,Suicide deaths,five-year aggregate,Rate per 100000 people,,,Aboriginal and Torres Strait Islander people,Females,Major cities,,ABS (unpublished) Causes of Death Australia,rate (AS),,,,,,,,,,11.6
CtG14A.9,2015-2019,Mortality due to suicide,99,Females,Aboriginal and Torres Strait Islander people,Major cities,Suicide deaths,five-year aggregate,Rate per 100000 people,,,Aboriginal and Torres Strait Islander people,Females,Major cities,,ABS (unpublished) Causes of Death Australia,rate (AS),,,,,,,,,,11.6
CtG14A.9,2015-2019,Mortality due to suicide,18,Females,Aboriginal and Torres Strait Islander people,Major cities,Suicide deaths,five-year aggregate,Rate per 100000 people,,,Aboriginal and Torres Strait Islander people,Females,Major cities,,ABS (unpublished) Causes of Death Australia,rate (AS),,,,,,,,,,11.6
CtG14A.9,2015-2019,Mortality due to suicide,31,Females,Aboriginal and Torres Strait Islander people,Major cities,Suicide deaths,five-year aggregate,Rate per 100000 people,,,Aboriginal and Torres Strait Islander people,Females,Major cities,,ABS (unpublished) Causes of Death Australia,rate (AS),,,,,,,,,,11.6
CtG14A.9,2015-2019,Mortality due to suicide,3,Males,Non-Indigenous people,Major cities,Suicide deaths,five-year aggregate,Rate per 100000 people,,,Non-Indigenous people,Males,Major cities,,ABS (unpublished) Causes of Death Australia,rate (AS),,,,,,,,,,16
CtG14A.9,2015-2019,Mortality due to suicide,0,Males,Non-Indigenous people,Major cities,Suicide deaths,five-year aggregate,Rate per 100000 people,,,Non-Indigenous people,Males,Major cities,,ABS (unpublished) Causes of Death Australia,rate (AS),,,,,,,,,,16
CtG14A.9,2015-2019,Mortality due to suicide,50,Males,Non-Indigenous people,Major cities,Suicide deaths,five-year aggregate,Rate per 100000 people,,,Non-Indigenous people,Males,Major cities,,ABS (unpublished) Causes of Death Australia,rate (AS),,,,,,,,,,16
CtG14A.9,2015-2019,Mortality due to suicide,54,Males,Non-Indigenous people,Major cities,Suicide deaths,five-year aggregate,Rate per 100000 people,,,Non-Indigenous people,Males,Major cities,,ABS (unpublished) Causes of Death Australia,rate (AS),,,,,,,,,,16
CtG14A.9,2015-2019,Mortality due to suicide,48,Males,Non-Indigenous people,Major cities,Suicide deaths,five-year aggregate,Rate per 100000 people,,,Non-Indigenous people,Males,Major cities,,ABS (unpublished) Causes of Death Australia,rate (AS),,,,,,,,,,16
CtG14A.9,2015-2019,Mortality due to suicide,65,Females,Non-Indigenous people,Major cities,Suicide deaths,five-year aggregate,Rate per 100000 people,,,Non-Indigenous people,Females,Major cities,,ABS (unpublished) Causes of Death Australia,rate (AS),,,,,,,,,,5.6
CtG14A.9,2015-2019,Mortality due to suicide,72,Females,Non-Indigenous people,Major cities,Suicide deaths,five-year aggregate,Rate per 100000 people,,,Non-Indigenous people,Females,Major cities,,ABS (unpublished) Causes of Death Australia,rate (AS),,,,,,,,,,5.6
CtG14A.9,2015-2019,Mortality due to suicide,64,Females,Non-Indigenous people,Major cities,Suicide deaths,five-year aggregate,Rate per 100000 people,,,Non-Indigenous people,Females,Major cities,,ABS (unpublished) Causes of Death Australia,rate (AS),,,,,,,,,,5.6
CtG14A.9,2015-2019,Mortality due to suicide,62,Females,Non-Indigenous people,Major cities,Suicide deaths,five-year aggregate,Rate per 100000 people,,,Non-Indigenous people,Females,Major cities,,ABS (unpublished) Causes of Death Australia,rate (AS),,,,,,,,,,5.6
CtG14A.9,2015-2019,Mortality due to suicide,12,Females,Non-Indigenous people,Major cities,Suicide deaths,five-year aggregate,Rate per 100000 people,,,Non-Indigenous people,Females,Major cities,,ABS (unpublished) Causes of Death Australia,rate (AS),,,,,,,,,,5.6
CtG14A.9,2015-2019,Mortality due to suicide,77,Males,Aboriginal and Torres Strait Islander people,Inner and outer regional,Suicide deaths,five-year aggregate,Rate per 100000 people,,,Aboriginal and Torres Strait Islander people,Males,Inner and outer regional,,ABS (unpublished) Causes of Death Australia,rate (AS),,,,,,,,,,34.8
CtG14A.9,2015-2019,Mortality due to suicide,13,Males,Aboriginal and Torres Strait Islander people,Inner and outer regional,Suicide deaths,five-year aggregate,Rate per 100000 people,,,Aboriginal and Torres Strait Islander people,Males,Inner and outer regional,,ABS (unpublished) Causes of Death Australia,rate (AS),,,,,,,,,,34.8
CtG14A.9,2015-2019,Mortality due to suicide,58,Males,Aboriginal and Torres Strait Islander people,Inner and outer regional,Suicide deaths,five-year aggregate,Rate per 100000 people,,,Aboriginal and Torres Strait Islander people,Males,Inner and outer regional,,ABS (unpublished) Causes of Death Australia,rate (AS),,,,,,,,,,34.8
CtG14A.9,2015-2019,Mortality due to suicide,10,Males,Aboriginal and Torres Strait Islander people,Inner and outer regional,Suicide deaths,five-year aggregate,Rate per 100000 people,,,Aboriginal and Torres Strait Islander people,Males,Inner and outer regional,,ABS (unpublished) Causes of Death Australia,rate (AS),,,,,,,,,,34.8
CtG14A.9,2015-2019,Mortality due to suicide,8,Males,Aboriginal and Torres Strait Islander people,Inner and outer regional,Suicide deaths,five-year aggregate,Rate per 100000 people,,,Aboriginal and Torres Strait Islander people,Males,Inner and outer regional,,ABS (unpublished) Causes of Death Australia,rate (AS),,,,,,,,,,34.8
CtG14A.9,2015-2019,Mortality due to suicide,26,Females,Aboriginal and Torres Strait Islander people,Inner and outer regional,Suicide deaths,five-year aggregate,Rate per 100000 people,,,Aboriginal and Torres Strait Islander people,Females,Inner and outer regional,,ABS (unpublished) Causes of Death Australia,rate (AS),,,,,,,,,,11.6
CtG14A.9,2015-2019,Mortality due to suicide,36,Females,Aboriginal and Torres Strait Islander people,Inner and outer regional,Suicide deaths,five-year aggregate,Rate per 100000 people,,,Aboriginal and Torres Strait Islander people,Females,Inner and outer regional,,ABS (unpublished) Causes of Death Australia,rate (AS),,,,,,,,,,11.6
CtG14A.9,2015-2019,Mortality due to suicide,55,Females,Aboriginal and Torres Strait Islander people,Inner and outer regional,Suicide deaths,five-year aggregate,Rate per 100000 people,,,Aboriginal and Torres Strait Islander people,Females,Inner and outer regional,,ABS (unpublished) Causes of Death Australia,rate (AS),,,,,,,,,,11.6
CtG14A.9,2015-2019,Mortality due to suicide,34,Females,Aboriginal and Torres Strait Islander people,Inner and outer regional,Suicide deaths,five-year aggregate,Rate per 100000 people,,,Aboriginal and Torres Strait Islander people,Females,Inner and outer regional,,ABS (unpublished) Causes of Death Australia,rate (AS),,,,,,,,,,11.6
CtG14A.9,2015-2019,Mortality due to suicide,40,Females,Aboriginal and Torres Strait Islander people,Inner and outer regional,Suicide deaths,five-year aggregate,Rate per 100000 people,,,Aboriginal and Torres Strait Islander people,Females,Inner and outer regional,,ABS (unpublished) Causes of Death Australia,rate (AS),,,,,,,,,,11.6
CtG14A.9,2015-2019,Mortality due to suicide,39,Males,Non-Indigenous people,Inner and outer regional,Suicide deaths,five-year aggregate,Rate per 100000 people,,,Non-Indigenous people,Males,Inner and outer regional,,ABS (unpublished) Causes of Death Australia,rate (AS),,,,,,,,,,25.6
CtG14A.9,2015-2019,Mortality due to suicide,6,Males,Non-Indigenous people,Inner and outer regional,Suicide deaths,five-year aggregate,Rate per 100000 people,,,Non-Indigenous people,Males,Inner and outer regional,,ABS (unpublished) Causes of Death Australia,rate (AS),,,,,,,,,,25.6
CtG14A.9,2015-2019,Mortality due to suicide,50,Males,Non-Indigenous people,Inner and outer regional,Suicide deaths,five-year aggregate,Rate per 100000 people,,,Non-Indigenous people,Males,Inner and outer regional,,ABS (unpublished) Causes of Death Australia,rate (AS),,,,,,,,,,25.6
CtG14A.9,2015-2019,Mortality due to suicide,51,Males,Non-Indigenous people,Inner and outer regional,Suicide deaths,five-year aggregate,Rate per 100000 people,,,Non-Indigenous people,Males,Inner and outer regional,,ABS (unpublished) Causes of Death Australia,rate (AS),,,,,,,,,,25.6
CtG14A.9,2015-2019,Mortality due to suicide,51,Males,Non-Indigenous people,Inner and outer regional,Suicide deaths,five-year aggregate,Rate per 100000 people,,,Non-Indigenous people,Males,Inner and outer regional,,ABS (unpublished) Causes of Death Australia,rate (AS),,,,,,,,,,25.6
CtG14A.9,2015-2019,Mortality due to suicide,41,Females,Non-Indigenous people,Inner and outer regional,Suicide deaths,five-year aggregate,Rate per 100000 people,,,Non-Indigenous people,Females,Inner and outer regional,,ABS (unpublished) Causes of Death Australia,rate (AS),,,,,,,,,,6.7
CtG14A.9,2015-2019,Mortality due to suicide,81,Females,Non-Indigenous people,Inner and outer regional,Suicide deaths,five-year aggregate,Rate per 100000 people,,,Non-Indigenous people,Females,Inner and outer regional,,ABS (unpublished) Causes of Death Australia,rate (AS),,,,,,,,,,6.7
CtG14A.9,2015-2019,Mortality due to suicide,32,Females,Non-Indigenous people,Inner and outer regional,Suicide deaths,five-year aggregate,Rate per 100000 people,,,Non-Indigenous people,Females,Inner and outer regional,,ABS (unpublished) Causes of Death Australia,rate (AS),,,,,,,,,,6.7
CtG14A.9,2015-2019,Mortality due to suicide,10,Females,Non-Indigenous people,Inner and outer regional,Suicide deaths,five-year aggregate,Rate per 100000 people,,,Non-Indigenous people,Females,Inner and outer regional,,ABS (unpublished) Causes of Death Australia,rate (AS),,,,,,,,,,6.7
CtG14A.9,2015-2019,Mortality due to suicide,53,Females,Non-Indigenous people,Inner and outer regional,Suicide deaths,five-year aggregate,Rate per 100000 people,,,Non-Indigenous people,Females,Inner and outer regional,,ABS (unpublished) Causes of Death Australia,rate (AS),,,,,,,,,,6.7
CtG14A.9,2015-2019,Mortality due to suicide,0,Males,Aboriginal and Torres Strait Islander people,Remote and very remote,Suicide deaths,five-year aggregate,Rate per 100000 people,,,Aboriginal and Torres Strait Islander people,Males,Remote and very remote,,ABS (unpublished) Causes of Death Australia,rate (AS),,,,,,,,,,42.7
CtG14A.9,2015-2019,Mortality due to suicide,9,Males,Aboriginal and Torres Strait Islander people,Remote and very remote,Suicide deaths,five-year aggregate,Rate per 100000 people,,,Aboriginal and Torres Strait Islander people,Males,Remote and very remote,,ABS (unpublished) Causes of Death Australia,rate (AS),,,,,,,,,,42.7
CtG14A.9,2015-2019,Mortality due to suicide,65,Males,Aboriginal and Torres Strait Islander people,Remote and very remote,Suicide deaths,five-year aggregate,Rate per 100000 people,,,Aboriginal and Torres Strait Islander people,Males,Remote and very remote,,ABS (unpublished) Causes of Death Australia,rate (AS),,,,,,,,,,42.7
CtG14A.9,2015-2019,Mortality due to suicide,5,Males,Aboriginal and Torres Strait Islander people,Remote and very remote,Suicide deaths,five-year aggregate,Rate per 100000 people,,,Aboriginal and Torres Strait Islander people,Males,Remote and very remote,,ABS (unpublished) Causes of Death Australia,rate (AS),,,,,,,,,,42.7
CtG14A.9,2015-2019,Mortality due to suicide,92,Males,Aboriginal and Torres Strait Islander people,Remote and very remote,Suicide deaths,five-year aggregate,Rate per 100000 people,,,Aboriginal and Torres Strait Islander people,Males,Remote and very remote,,ABS (unpublished) Causes of Death Australia,rate (AS),,,,,,,,,,42.7
CtG14A.9,2015-2019,Mortality due to suicide,84,Females,Aboriginal and Torres Strait Islander people,Remote and very remote,Suicide deaths,five-year aggregate,Rate per 100000 people,,,Aboriginal and Torres Strait Islander people,Females,Remote and very remote,,ABS (unpublished) Causes of Death Australia,rate (AS),,,,,,,,,,14.4
CtG14A.9,2015-2019,Mortality due to suicide,28,Females,Aboriginal and Torres Strait Islander people,Remote and very remote,Suicide deaths,five-year aggregate,Rate per 100000 people,,,Aboriginal and Torres Strait Islander people,Females,Remote and very remote,,ABS (unpublished) Causes of Death Australia,rate (AS),,,,,,,,,,14.4
CtG14A.9,2015-2019,Mortality due to suicide,0,Females,Aboriginal and Torres Strait Islander people,Remote and very remote,Suicide deaths,five-year aggregate,Rate per 100000 people,,,Aboriginal and Torres Strait Islander people,Females,Remote and very remote,,ABS (unpublished) Causes of Death Australia,rate (AS),,,,,,,,,,14.4
CtG14A.9,2015-2019,Mortality due to suicide,82,Females,Aboriginal and Torres Strait Islander people,Remote and very remote,Suicide deaths,five-year aggregate,Rate per 100000 people,,,Aboriginal and Torres Strait Islander people,Females,Remote and very remote,,ABS (unpublished) Causes of Death Australia,rate (AS),,,,,,,,,,14.4
CtG14A.9,2015-2019,Mortality due to suicide,85,Females,Aboriginal and Torres Strait Islander people,Remote and very remote,Suicide deaths,five-year aggregate,Rate per 100000 people,,,Aboriginal and Torres Strait Islander people,Females,Remote and very remote,,ABS (unpublished) Causes of Death Australia,rate (AS),,,,,,,,,,14.4
CtG14A.9,2015-2019,Mortality due to suicide,67,Males,Non-Indigenous people,Remote and very remote,Suicide deaths,five-year aggregate,Rate per 100000 people,,,Non-Indigenous people,Males,Remote and very remote,,ABS (unpublished) Causes of Death Australia,rate (AS),,,,,,,,,,22.6
CtG14A.9,2015-2019,Mortality due to suicide,58,Males,Non-Indigenous people,Remote and very remote,Suicide deaths,five-year aggregate,Rate per 100000 people,,,Non-Indigenous people,Males,Remote and very remote,,ABS (unpublished) Causes of Death Australia,rate (AS),,,,,,,,,,22.6
CtG14A.9,2015-2019,Mortality due to suicide,84,Males,Non-Indigenous people,Remote and very remote,Suicide deaths,five-year aggregate,Rate per 100000 people,,,Non-Indigenous people,Males,Remote and very remote,,ABS (unpublished) Causes of Death Australia,rate (AS),,,,,,,,,,22.6
CtG14A.9,2015-2019,Mortality due to suicide,35,Males,Non-Indigenous people,Remote and very remote,Suicide deaths,five-year aggregate,Rate per 100000 people,,,Non-Indigenous people,Males,Remote and very remote,,ABS (unpublished) Causes of Death Australia,rate (AS),,,,,,,,,,22.6
CtG14A.9,2015-2019,Mortality due to suicide,45,Males,Non-Indigenous people,Remote and very remote,Suicide deaths,five-year aggregate,Rate per 100000 people,,,Non-Indigenous people,Males,Remote and very remote,,ABS (unpublished) Causes of Death Australia,rate (AS),,,,,,,,,,22.6
CtG14A.9,2015-2019,Mortality due to suicide,72,Females,Non-Indigenous people,Remote and very remote,Suicide deaths,five-year aggregate,Rate per 100000 people,,,Non-Indigenous people,Females,Remote and very remote,,ABS (unpublished) Causes of Death Australia,rate (AS),,,,,,,,,,6.9
CtG14A.9,2015-2019,Mortality due to suicide,64,Females,Non-Indigenous people,Remote and very remote,Suicide deaths,five-year aggregate,Rate per 100000 people,,,Non-Indigenous people,Females,Remote and very remote,,ABS (unpublished) Causes of Death Australia,rate (AS),,,,,,,,,,6.9
CtG14A.9,2015-2019,Mortality due to suicide,70,Females,Non-Indigenous people,Remote and very remote,Suicide deaths,five-year aggregate,Rate per 100000 people,,,Non-Indigenous people,Females,Remote and very remote,,ABS (unpublished) Causes of Death Australia,rate (AS),,,,,,,,,,6.9
CtG14A.9,2015-2019,Mortality due to suicide,69,Females,Non-Indigenous people,Remote and very remote,Suicide deaths,five-year aggregate,Rate per 100000 people,,,Non-Indigenous people,Females,Remote and very remote,,ABS (unpublished) Causes of Death Australia,rate (AS),,,,,,,,,,6.9
CtG14A.9,2015-2019,Mortality due to suicide,43,Females,Non-Indigenous people,Remote and very remote,Suicide deaths,five-year aggregate,Rate per 100000 people,,,Non-Indigenous people,Females,Remote and very remote,,ABS (unpublished) Causes of Death Australia,rate (AS),,,,,,,,,,6.9
CtG14A.9,2014-2018,Mortality due to suicide,22,Males,Aboriginal and Torres Strait Islander people,Major cities,Suicide deaths,five-year aggregate,Rate per 100000 people,,,Aboriginal and Torres Strait Islander people,Males,Major cities,,ABS (unpublished) Causes of Death Australia,rate (AS),,,,,,,,,,30.7
CtG14A.9,2014-2018,Mortality due to suicide,58,Males,Aboriginal and Torres Strait Islander people,Major cities,Suicide deaths,five-year aggregate,Rate per 100000 people,,,Aboriginal and Torres Strait Islander people,Males,Major cities,,ABS (unpublished) Causes of Death Australia,rate (AS),,,,,,,,,,30.7
CtG14A.9,2014-2018,Mortality due to suicide,32,Males,Aboriginal and Torres Strait Islander people,Major cities,Suicide deaths,five-year aggregate,Rate per 100000 people,,,Aboriginal and Torres Strait Islander people,Males,Major cities,,ABS (unpublished) Causes of Death Australia,rate (AS),,,,,,,,,,30.7
CtG14A.9,2014-2018,Mortality due to suicide,91,Males,Aboriginal and Torres Strait Islander people,Major cities,Suicide deaths,five-year aggregate,Rate per 100000 people,,,Aboriginal and Torres Strait Islander people,Males,Major cities,,ABS (unpublished) Causes of Death Australia,rate (AS),,,,,,,,,,30.7
CtG14A.9,2014-2018,Mortality due to suicide,34,Males,Aboriginal and Torres Strait Islander people,Major cities,Suicide deaths,five-year aggregate,Rate per 100000 people,,,Aboriginal and Torres Strait Islander people,Males,Major cities,,ABS (unpublished) Causes of Death Australia,rate (AS),,,,,,,,,,30.7
CtG14A.9,2014-2018,Mortality due to suicide,56,Females,Aboriginal and Torres Strait Islander people,Major cities,Suicide deaths,five-year aggregate,Rate per 100000 people,,,Aboriginal and Torres Strait Islander people,Females,Major cities,,ABS (unpublished) Causes of Death Australia,rate (AS),,,,,,,,,,10.9
CtG14A.9,2014-2018,Mortality due to suicide,66,Females,Aboriginal and Torres Strait Islander people,Major cities,Suicide deaths,five-year aggregate,Rate per 100000 people,,,Aboriginal and Torres Strait Islander people,Females,Major cities,,ABS (unpublished) Causes of Death Australia,rate (AS),,,,,,,,,,10.9
CtG14A.9,2014-2018,Mortality due to suicide,18,Females,Aboriginal and Torres Strait Islander people,Major cities,Suicide deaths,five-year aggregate,Rate per 100000 people,,,Aboriginal and Torres Strait Islander people,Females,Major cities,,ABS (unpublished) Causes of Death Australia,rate (AS),,,,,,,,,,10.9
CtG14A.9,2014-2018,Mortality due to suicide,12,Females,Aboriginal and Torres Strait Islander people,Major cities,Suicide deaths,five-year aggregate,Rate per 100000 people,,,Aboriginal and Torres Strait Islander people,Females,Major cities,,ABS (unpublished) Causes of Death Australia,rate (AS),,,,,,,,,,10.9
CtG14A.9,2014-2018,Mortality due to suicide,4,Females,Aboriginal and Torres Strait Islander people,Major cities,Suicide deaths,five-year aggregate,Rate per 100000 people,,,Aboriginal and Torres Strait Islander people,Females,Major cities,,ABS (unpublished) Causes of Death Australia,rate (AS),,,,,,,,,,10.9
CtG14A.9,2014-2018,Mortality due to suicide,22,Males,Non-Indigenous people,Major cities,Suicide deaths,five-year aggregate,Rate per 100000 people,,,Non-Indigenous people,Males,Major cities,,ABS (unpublished) Causes of Death Australia,rate (AS),,,,,,,,,,15.8
CtG14A.9,2014-2018,Mortality due to suicide,26,Males,Non-Indigenous people,Major cities,Suicide deaths,five-year aggregate,Rate per 100000 people,,,Non-Indigenous people,Males,Major cities,,ABS (unpublished) Causes of Death Australia,rate (AS),,,,,,,,,,15.8
CtG14A.9,2014-2018,Mortality due to suicide,55,Males,Non-Indigenous people,Major cities,Suicide deaths,five-year aggregate,Rate per 100000 people,,,Non-Indigenous people,Males,Major cities,,ABS (unpublished) Causes of Death Australia,rate (AS),,,,,,,,,,15.8
CtG14A.9,2014-2018,Mortality due to suicide,14,Males,Non-Indigenous people,Major cities,Suicide deaths,five-year aggregate,Rate per 100000 people,,,Non-Indigenous people,Males,Major cities,,ABS (unpublished) Causes of Death Australia,rate (AS),,,,,,,,,,15.8
CtG14A.9,2014-2018,Mortality due to suicide,87,Males,Non-Indigenous people,Major cities,Suicide deaths,five-year aggregate,Rate per 100000 people,,,Non-Indigenous people,Males,Major cities,,ABS (unpublished) Causes of Death Australia,rate (AS),,,,,,,,,,15.8
CtG14A.9,2014-2018,Mortality due to suicide,20,Females,Non-Indigenous people,Major cities,Suicide deaths,five-year aggregate,Rate per 100000 people,,,Non-Indigenous people,Females,Major cities,,ABS (unpublished) Causes of Death Australia,rate (AS),,,,,,,,,,5.7
CtG14A.9,2014-2018,Mortality due to suicide,13,Females,Non-Indigenous people,Major cities,Suicide deaths,five-year aggregate,Rate per 100000 people,,,Non-Indigenous people,Females,Major cities,,ABS (unpublished) Causes of Death Australia,rate (AS),,,,,,,,,,5.7
CtG14A.9,2014-2018,Mortality due to suicide,60,Females,Non-Indigenous people,Major cities,Suicide deaths,five-year aggregate,Rate per 100000 people,,,Non-Indigenous people,Females,Major cities,,ABS (unpublished) Causes of Death Australia,rate (AS),,,,,,,,,,5.7
CtG14A.9,2014-2018,Mortality due to suicide,29,Females,Non-Indigenous people,Major cities,Suicide deaths,five-year aggregate,Rate per 100000 people,,,Non-Indigenous people,Females,Major cities,,ABS (unpublished) Causes of Death Australia,rate (AS),,,,,,,,,,5.7
CtG14A.9,2014-2018,Mortality due to suicide,51,Females,Non-Indigenous people,Major cities,Suicide deaths,five-year aggregate,Rate per 100000 people,,,Non-Indigenous people,Females,Major cities,,ABS (unpublished) Causes of Death Australia,rate (AS),,,,,,,,,,5.7
CtG14A.9,2014-2018,Mortality due to suicide,38,Males,Aboriginal and Torres Strait Islander people,Inner and outer regional,Suicide deaths,five-year aggregate,Rate per 100000 people,,,Aboriginal and Torres Strait Islander people,Males,Inner and outer regional,,ABS (unpublished) Causes of Death Australia,rate (AS),,,,,,,,,,32.9
CtG14A.9,2014-2018,Mortality due to suicide,55,Males,Aboriginal and Torres Strait Islander people,Inner and outer regional,Suicide deaths,five-year aggregate,Rate per 100000 people,,,Aboriginal and Torres Strait Islander people,Males,Inner and outer regional,,ABS (unpublished) Causes of Death Australia,rate (AS),,,,,,,,,,32.9
CtG14A.9,2014-2018,Mortality due to suicide,54,Males,Aboriginal and Torres Strait Islander people,Inner and outer regional,Suicide deaths,five-year aggregate,Rate per 100000 people,,,Aboriginal and Torres Strait Islander people,Males,Inner and outer regional,,ABS (unpublished) Causes of Death Australia,rate (AS),,,,,,,,,,32.9
CtG14A.9,2014-2018,Mortality due to suicide,88,Males,Aboriginal and Torres Strait Islander people,Inner and outer regional,Suicide deaths,five-year aggregate,Rate per 100000 people,,,Aboriginal and Torres Strait Islander people,Males,Inner and outer regional,,ABS (unpublished) Causes of Death Australia,rate (AS),,,,,,,,,,32.9
CtG14A.9,2014-2018,Mortality due to suicide,44,Males,Aboriginal and Torres Strait Islander people,Inner and outer regional,Suicide deaths,five-year aggregate,Rate per 100000 people,,,Aboriginal and Torres Strait Islander people,Males,Inner and outer regional,,ABS (unpublished) Causes of Death Australia,rate (AS),,,,,,,,,,32.9
CtG14A.9,2014-2018,Mortality due to suicide,42,Females,Aboriginal and Torres Strait Islander people,Inner and outer regional,Suicide deaths,five-year aggregate,Rate per 100000 people,,,Aboriginal and Torres Strait Islander people,Females,Inner and outer regional,,ABS (unpublished) Causes of Death Australia,rate (AS),,,,,,,,,,9.6
CtG14A.9,2014-2018,Mortality due to suicide,57,Females,Aboriginal and Torres Strait Islander people,Inner and outer regional,Suicide deaths,five-year aggregate,Rate per 100000 people,,,Aboriginal and Torres Strait Islander people,Females,Inner and outer regional,,ABS (unpublished) Causes of Death Australia,rate (AS),,,,,,,,,,9.6
CtG14A.9,2014-2018,Mortality due to suicide,49,Females,Aboriginal and Torres Strait Islander people,Inner and outer regional,Suicide deaths,five-year aggregate,Rate per 100000 people,,,Aboriginal and Torres Strait Islander people,Females,Inner and outer regional,,ABS (unpublished) Causes of Death Australia,rate (AS),,,,,,,,,,9.6
CtG14A.9,2014-2018,Mortality due to suicide,71,Females,Aboriginal and Torres Strait Islander people,Inner and outer regional,Suicide deaths,five-year aggregate,Rate per 100000 people,,,Aboriginal and Torres Strait Islander people,Females,Inner and outer regional,,ABS (unpublished) Causes of Death Australia,rate (AS),,,,,,,,,,9.6
CtG14A.9,2014-2018,Mortality due to suicide,98,Females,Aboriginal and Torres Strait Islander people,Inner and outer regional,Suicide deaths,five-year aggregate,Rate per 100000 people,,,Aboriginal and Torres Strait Islander people,Females,Inner and outer regional,,ABS (unpublished) Causes of Death Australia,rate (AS),,,,,,,,,,9.6
CtG14A.9,2014-2018,Mortality due to suicide,84,Males,Non-Indigenous people,Inner and outer regional,Suicide deaths,five-year aggregate,Rate per 100000 people,,,Non-Indigenous people,Males,Inner and outer regional,,ABS (unpublished) Causes of Death Australia,rate (AS),,,,,,,,,,25.2
CtG14A.9,2014-2018,Mortality due to suicide,29,Males,Non-Indigenous people,Inner and outer regional,Suicide deaths,five-year aggregate,Rate per 100000 people,,,Non-Indigenous people,Males,Inner and outer regional,,ABS (unpublished) Causes of Death Australia,rate (AS),,,,,,,,,,25.2
CtG14A.9,2014-2018,Mortality due to suicide,96,Males,Non-Indigenous people,Inner and outer regional,Suicide deaths,five-year aggregate,Rate per 100000 people,,,Non-Indigenous people,Males,Inner and outer regional,,ABS (unpublished) Causes of Death Australia,rate (AS),,,,,,,,,,25.2
CtG14A.9,2014-2018,Mortality due to suicide,98,Males,Non-Indigenous people,Inner and outer regional,Suicide deaths,five-year aggregate,Rate per 100000 people,,,Non-Indigenous people,Males,Inner and outer regional,,ABS (unpublished) Causes of Death Australia,rate (AS),,,,,,,,,,25.2
CtG14A.9,2014-2018,Mortality due to suicide,16,Males,Non-Indigenous people,Inner and outer regional,Suicide deaths,five-year aggregate,Rate per 100000 people,,,Non-Indigenous people,Males,Inner and outer regional,,ABS (unpublished) Causes of Death Australia,rate (AS),,,,,,,,,,25.2
CtG14A.9,2014-2018,Mortality due to suicide,27,Females,Non-Indigenous people,Inner and outer regional,Suicide deaths,five-year aggregate,Rate per 100000 people,,,Non-Indigenous people,Females,Inner and outer regional,,ABS (unpublished) Causes of Death Australia,rate (AS),,,,,,,,,,6.4
CtG14A.9,2014-2018,Mortality due to suicide,73,Females,Non-Indigenous people,Inner and outer regional,Suicide deaths,five-year aggregate,Rate per 100000 people,,,Non-Indigenous people,Females,Inner and outer regional,,ABS (unpublished) Causes of Death Australia,rate (AS),,,,,,,,,,6.4
CtG14A.9,2014-2018,Mortality due to suicide,96,Females,Non-Indigenous people,Inner and outer regional,Suicide deaths,five-year aggregate,Rate per 100000 people,,,Non-Indigenous people,Females,Inner and outer regional,,ABS (unpublished) Causes of Death Australia,rate (AS),,,,,,,,,,6.4
CtG14A.9,2014-2018,Mortality due to suicide,11,Females,Non-Indigenous people,Inner and outer regional,Suicide deaths,five-year aggregate,Rate per 100000 people,,,Non-Indigenous people,Females,Inner and outer regional,,ABS (unpublished) Causes of Death Australia,rate (AS),,,,,,,,,,6.4
CtG14A.9,2014-2018,Mortality due to suicide,32,Females,Non-Indigenous people,Inner and outer regional,Suicide deaths,five-year aggregate,Rate per 100000 people,,,Non-Indigenous people,Females,Inner and outer regional,,ABS (unpublished) Causes of Death Australia,rate (AS),,,,,,,,,,6.4
CtG14A.9,2014-2018,Mortality due to suicide,73,Males,Aboriginal and Torres Strait Islander people,Remote and very remote,Suicide deaths,five-year aggregate,Rate per 100000 people,,,Aboriginal and Torres Strait Islander people,Males,Remote and very remote,,ABS (unpublished) Causes of Death Australia,rate (AS),,,,,,,,,,41.4
CtG14A.9,2014-2018,Mortality due to suicide,54,Males,Aboriginal and Torres Strait Islander people,Remote and very remote,Suicide deaths,five-year aggregate,Rate per 100000 people,,,Aboriginal and Torres Strait Islander people,Males,Remote and very remote,,ABS (unpublished) Causes of Death Australia,rate (AS),,,,,,,,,,41.4
CtG14A.9,2014-2018,Mortality due to suicide,19,Males,Aboriginal and Torres Strait Islander people,Remote and very remote,Suicide deaths,five-year aggregate,Rate per 100000 people,,,Aboriginal and Torres Strait Islander people,Males,Remote and very remote,,ABS (unpublished) Causes of Death Australia,rate (AS),,,,,,,,,,41.4
CtG14A.9,2014-2018,Mortality due to suicide,69,Males,Aboriginal and Torres Strait Islander people,Remote and very remote,Suicide deaths,five-year aggregate,Rate per 100000 people,,,Aboriginal and Torres Strait Islander people,Males,Remote and very remote,,ABS (unpublished) Causes of Death Australia,rate (AS),,,,,,,,,,41.4
CtG14A.9,2014-2018,Mortality due to suicide,97,Males,Aboriginal and Torres Strait Islander people,Remote and very remote,Suicide deaths,five-year aggregate,Rate per 100000 people,,,Aboriginal and Torres Strait Islander people,Males,Remote and very remote,,ABS (unpublished) Causes of Death Australia,rate (AS),,,,,,,,,,41.4
CtG14A.9,2014-2018,Mortality due to suicide,4,Females,Aboriginal and Torres Strait Islander people,Remote and very remote,Suicide deaths,five-year aggregate,Rate per 100000 people,,,Aboriginal and Torres Strait Islander people,Females,Remote and very remote,,ABS (unpublished) Causes of Death Australia,rate (AS),,,,,,,,,,16.1
CtG14A.9,2014-2018,Mortality due to suicide,9,Females,Aboriginal and Torres Strait Islander people,Remote and very remote,Suicide deaths,five-year aggregate,Rate per 100000 people,,,Aboriginal and Torres Strait Islander people,Females,Remote and very remote,,ABS (unpublished) Causes of Death Australia,rate (AS),,,,,,,,,,16.1
CtG14A.9,2014-2018,Mortality due to suicide,96,Females,Aboriginal and Torres Strait Islander people,Remote and very remote,Suicide deaths,five-year aggregate,Rate per 100000 people,,,Aboriginal and Torres Strait Islander people,Females,Remote and very remote,,ABS (unpublished) Causes of Death Australia,rate (AS),,,,,,,,,,16.1
CtG14A.9,2014-2018,Mortality due to suicide,65,Females,Aboriginal and Torres Strait Islander people,Remote and very remote,Suicide deaths,five-year aggregate,Rate per 100000 people,,,Aboriginal and Torres Strait Islander people,Females,Remote and very remote,,ABS (unpublished) Causes of Death Australia,rate (AS),,,,,,,,,,16.1
CtG14A.9,2014-2018,Mortality due to suicide,48,Females,Aboriginal and Torres Strait Islander people,Remote and very remote,Suicide deaths,five-year aggregate,Rate per 100000 people,,,Aboriginal and Torres Strait Islander people,Females,Remote and very remote,,ABS (unpublished) Causes of Death Australia,rate (AS),,,,,,,,,,16.1
CtG14A.9,2014-2018,Mortality due to suicide,88,Males,Non-Indigenous people,Remote and very remote,Suicide deaths,five-year aggregate,Rate per 100000 people,,,Non-Indigenous people,Males,Remote and very remote,,ABS (unpublished) Causes of Death Australia,rate (AS),,,,,,,,,,22.3
CtG14A.9,2014-2018,Mortality due to suicide,90,Males,Non-Indigenous people,Remote and very remote,Suicide deaths,five-year aggregate,Rate per 100000 people,,,Non-Indigenous people,Males,Remote and very remote,,ABS (unpublished) Causes of Death Australia,rate (AS),,,,,,,,,,22.3
CtG14A.9,2014-2018,Mortality due to suicide,60,Males,Non-Indigenous people,Remote and very remote,Suicide deaths,five-year aggregate,Rate per 100000 people,,,Non-Indigenous people,Males,Remote and very remote,,ABS (unpublished) Causes of Death Australia,rate (AS),,,,,,,,,,22.3
CtG14A.9,2014-2018,Mortality due to suicide,60,Males,Non-Indigenous people,Remote and very remote,Suicide deaths,five-year aggregate,Rate per 100000 people,,,Non-Indigenous people,Males,Remote and very remote,,ABS (unpublished) Causes of Death Australia,rate (AS),,,,,,,,,,22.3
CtG14A.9,2014-2018,Mortality due to suicide,87,Males,Non-Indigenous people,Remote and very remote,Suicide deaths,five-year aggregate,Rate per 100000 people,,,Non-Indigenous people,Males,Remote and very remote,,ABS (unpublished) Causes of Death Australia,rate (AS),,,,,,,,,,22.3
CtG14A.9,2014-2018,Mortality due to suicide,26,Females,Non-Indigenous people,Remote and very remote,Suicide deaths,five-year aggregate,Rate per 100000 people,,,Non-Indigenous people,Females,Remote and very remote,,ABS (unpublished) Causes of Death Australia,rate (AS),,,,,,,,,,5.9
CtG14A.9,2014-2018,Mortality due to suicide,42,Females,Non-Indigenous people,Remote and very remote,Suicide deaths,five-year aggregate,Rate per 100000 people,,,Non-Indigenous people,Females,Remote and very remote,,ABS (unpublished) Causes of Death Australia,rate (AS),,,,,,,,,,5.9
CtG14A.9,2014-2018,Mortality due to suicide,85,Females,Non-Indigenous people,Remote and very remote,Suicide deaths,five-year aggregate,Rate per 100000 people,,,Non-Indigenous people,Females,Remote and very remote,,ABS (unpublished) Causes of Death Australia,rate (AS),,,,,,,,,,5.9
CtG14A.9,2014-2018,Mortality due to suicide,51,Females,Non-Indigenous people,Remote and very remote,Suicide deaths,five-year aggregate,Rate per 100000 people,,,Non-Indigenous people,Females,Remote and very remote,,ABS (unpublished) Causes of Death Australia,rate (AS),,,,,,,,,,5.9
CtG14A.9,2014-2018,Mortality due to suicide,60,Females,Non-Indigenous people,Remote and very remote,Suicide deaths,five-year aggregate,Rate per 100000 people,,,Non-Indigenous people,Females,Remote and very remote,,ABS (unpublished) Causes of Death Australia,rate (AS),,,,,,,,,,5.9
CtG14A.10,2018-2022,Mortality due to suicide,58,Males,Aboriginal and Torres Strait Islander people,Major cities,Suicide deaths,five-year aggregate,Number,,,Aboriginal and Torres Strait Islander people,Males,Major cities,,ABS (unpublished) Causes of Death Australia,no.,,,,,,,,,,272
CtG14A.10,2018-2022,Mortality due to suicide,94,Males,Aboriginal and Torres Strait Islander people,Major cities,Suicide deaths,five-year aggregate,Number,,,Aboriginal and Torres Strait Islander people,Males,Major cities,,ABS (unpublished) Causes of Death Australia,no.,,,,,,,,,,272
CtG14A.10,2018-2022,Mortality due to suicide,24,Males,Aboriginal and Torres Strait Islander people,Major cities,Suicide deaths,five-year aggregate,Number,,,Aboriginal and Torres Strait Islander people,Males,Major cities,,ABS (unpublished) Causes of Death Australia,no.,,,,,,,,,,272
CtG14A.10,2018-2022,Mortality due to suicide,88,Males,Aboriginal and Torres Strait Islander people,Major cities,Suicide deaths,five-year aggregate,Number,,,Aboriginal and Torres Strait Islander people,Males,Major cities,,ABS (unpublished) Causes of Death Australia,no.,,,,,,,,,,272
CtG14A.10,2018-2022,Mortality due to suicide,89,Males,Aboriginal and Torres Strait Islander people,Major cities,Suicide deaths,five-year aggregate,Number,,,Aboriginal and Torres Strait Islander people,Males,Major cities,,ABS (unpublished) Causes of Death Australia,no.,,,,,,,,,,272
CtG14A.10,2018-2022,Mortality due to suicide,93,Females,Aboriginal and Torres Strait Islander people,Major cities,Suicide deaths,five-year aggregate,Number,,,Aboriginal and Torres Strait Islander people,Females,Major cities,,ABS (unpublished) Causes of Death Australia,no.,,,,,,,,,,108
CtG14A.10,2018-2022,Mortality due to suicide,86,Females,Aboriginal and Torres Strait Islander people,Major cities,Suicide deaths,five-year aggregate,Number,,,Aboriginal and Torres Strait Islander people,Females,Major cities,,ABS (unpublished) Causes of Death Australia,no.,,,,,,,,,,108
CtG14A.10,2018-2022,Mortality due to suicide,50,Females,Aboriginal and Torres Strait Islander people,Major cities,Suicide deaths,five-year aggregate,Number,,,Aboriginal and Torres Strait Islander people,Females,Major cities,,ABS (unpublished) Causes of Death Australia,no.,,,,,,,,,,108
CtG14A.10,2018-2022,Mortality due to suicide,34,Females,Aboriginal and Torres Strait Islander people,Major cities,Suicide deaths,five-year aggregate,Number,,,Aboriginal and Torres Strait Islander people,Females,Major cities,,ABS (unpublished) Causes of Death Australia,no.,,,,,,,,,,108
CtG14A.10,2018-2022,Mortality due to suicide,16,Females,Aboriginal and Torres Strait Islander people,Major cities,Suicide deaths,five-year aggregate,Number,,,Aboriginal and Torres Strait Islander people,Females,Major cities,,ABS (unpublished) Causes of Death Australia,no.,,,,,,,,,,108
CtG14A.10,2018-2022,Mortality due to suicide,14,Males,Aboriginal and Torres Strait Islander people,Inner regional,Suicide deaths,five-year aggregate,Number,,,Aboriginal and Torres Strait Islander people,Males,Inner regional,,ABS (unpublished) Causes of Death Australia,no.,,,,,,,,,,168
CtG14A.10,2018-2022,Mortality due to suicide,26,Males,Aboriginal and Torres Strait Islander people,Inner regional,Suicide deaths,five-year aggregate,Number,,,Aboriginal and Torres Strait Islander people,Males,Inner regional,,ABS (unpublished) Causes of Death Australia,no.,,,,,,,,,,168
CtG14A.10,2018-2022,Mortality due to suicide,33,Males,Aboriginal and Torres Strait Islander people,Inner regional,Suicide deaths,five-year aggregate,Number,,,Aboriginal and Torres Strait Islander people,Males,Inner regional,,ABS (unpublished) Causes of Death Australia,no.,,,,,,,,,,168
CtG14A.10,2018-2022,Mortality due to suicide,86,Males,Aboriginal and Torres Strait Islander people,Inner regional,Suicide deaths,five-year aggregate,Number,,,Aboriginal and Torres Strait Islander people,Males,Inner regional,,ABS (unpublished) Causes of Death Australia,no.,,,,,,,,,,168
CtG14A.10,2018-2022,Mortality due to suicide,64,Males,Aboriginal and Torres Strait Islander people,Inner regional,Suicide deaths,five-year aggregate,Number,,,Aboriginal and Torres Strait Islander people,Males,Inner regional,,ABS (unpublished) Causes of Death Australia,no.,,,,,,,,,,168
CtG14A.10,2018-2022,Mortality due to suicide,85,Females,Aboriginal and Torres Strait Islander people,Inner regional,Suicide deaths,five-year aggregate,Number,,,Aboriginal and Torres Strait Islander people,Females,Inner regional,,ABS (unpublished) Causes of Death Australia,no.,,,,,,,,,,61
CtG14A.10,2018-2022,Mortality due to suicide,60,Females,Aboriginal and Torres Strait Islander people,Inner regional,Suicide deaths,five-year aggregate,Number,,,Aboriginal and Torres Strait Islander people,Females,Inner regional,,ABS (unpublished) Causes of Death Australia,no.,,,,,,,,,,61
CtG14A.10,2018-2022,Mortality due to suicide,64,Females,Aboriginal and Torres Strait Islander people,Inner regional,Suicide deaths,five-year aggregate,Number,,,Aboriginal and Torres Strait Islander people,Females,Inner regional,,ABS (unpublished) Causes of Death Australia,no.,,,,,,,,,,61
CtG14A.10,2018-2022,Mortality due to suicide,47,Females,Aboriginal and Torres Strait Islander people,Inner regional,Suicide deaths,five-year aggregate,Number,,,Aboriginal and Torres Strait Islander people,Females,Inner regional,,ABS (unpublished) Causes of Death Australia,no.,,,,,,,,,,61
CtG14A.10,2018-2022,Mortality due to suicide,56,Females,Aboriginal and Torres Strait Islander people,Inner regional,Suicide deaths,five-year aggregate,Number,,,Aboriginal and Torres Strait Islander people,Females,Inner regional,,ABS (unpublished) Causes of Death Australia,no.,,,,,,,,,,61
CtG14A.10,2018-2022,Mortality due to suicide,75,Males,Aboriginal and Torres Strait Islander people,Outer regional,Suicide deaths,five-year aggregate,Number,,,Aboriginal and Torres Strait Islander people,Males,Outer regional,,ABS (unpublished) Causes of Death Australia,no.,,,,,,,,,,160
CtG14A.10,2018-2022,Mortality due to suicide,7,Males,Aboriginal and Torres Strait Islander people,Outer regional,Suicide deaths,five-year aggregate,Number,,,Aboriginal and Torres Strait Islander people,Males,Outer regional,,ABS (unpublished) Causes of Death Australia,no.,,,,,,,,,,160
CtG14A.10,2018-2022,Mortality due to suicide,88,Males,Aboriginal and Torres Strait Islander people,Outer regional,Suicide deaths,five-year aggregate,Number,,,Aboriginal and Torres Strait Islander people,Males,Outer regional,,ABS (unpublished) Causes of Death Australia,no.,,,,,,,,,,160
CtG14A.10,2018-2022,Mortality due to suicide,95,Males,Aboriginal and Torres Strait Islander people,Outer regional,Suicide deaths,five-year aggregate,Number,,,Aboriginal and Torres Strait Islander people,Males,Outer regional,,ABS (unpublished) Causes of Death Australia,no.,,,,,,,,,,160
CtG14A.10,2018-2022,Mortality due to suicide,35,Males,Aboriginal and Torres Strait Islander people,Outer regional,Suicide deaths,five-year aggregate,Number,,,Aboriginal and Torres Strait Islander people,Males,Outer regional,,ABS (unpublished) Causes of Death Australia,no.,,,,,,,,,,160
CtG14A.10,2018-2022,Mortality due to suicide,37,Females,Aboriginal and Torres Strait Islander people,Outer regional,Suicide deaths,five-year aggregate,Number,,,Aboriginal and Torres Strait Islander people,Females,Outer regional,,ABS (unpublished) Causes of Death Australia,no.,,,,,,,,,,55
CtG14A.10,2018-2022,Mortality due to suicide,89,Females,Aboriginal and Torres Strait Islander people,Outer regional,Suicide deaths,five-year aggregate,Number,,,Aboriginal and Torres Strait Islander people,Females,Outer regional,,ABS (unpublished) Causes of Death Australia,no.,,,,,,,,,,55
CtG14A.10,2018-2022,Mortality due to suicide,72,Females,Aboriginal and Torres Strait Islander people,Outer regional,Suicide deaths,five-year aggregate,Number,,,Aboriginal and Torres Strait Islander people,Females,Outer regional,,ABS (unpublished) Causes of Death Australia,no.,,,,,,,,,,55
CtG14A.10,2018-2022,Mortality due to suicide,47,Females,Aboriginal and Torres Strait Islander people,Outer regional,Suicide deaths,five-year aggregate,Number,,,Aboriginal and Torres Strait Islander people,Females,Outer regional,,ABS (unpublished) Causes of Death Australia,no.,,,,,,,,,,55
CtG14A.10,2018-2022,Mortality due to suicide,95,Females,Aboriginal and Torres Strait Islander people,Outer regional,Suicide deaths,five-year aggregate,Number,,,Aboriginal and Torres Strait Islander people,Females,Outer regional,,ABS (unpublished) Causes of Death Australia,no.,,,,,,,,,,55
CtG14A.10,2018-2022,Mortality due to suicide,54,Males,Aboriginal and Torres Strait Islander people,Remote,Suicide deaths,five-year aggregate,Number,,,Aboriginal and Torres Strait Islander people,Males,Remote,,ABS (unpublished) Causes of Death Australia,no.,,,,,,,,,,77
CtG14A.10,2018-2022,Mortality due to suicide,7,Males,Aboriginal and Torres Strait Islander people,Remote,Suicide deaths,five-year aggregate,Number,,,Aboriginal and Torres Strait Islander people,Males,Remote,,ABS (unpublished) Causes of Death Australia,no.,,,,,,,,,,77
CtG14A.10,2018-2022,Mortality due to suicide,55,Males,Aboriginal and Torres Strait Islander people,Remote,Suicide deaths,five-year aggregate,Number,,,Aboriginal and Torres Strait Islander people,Males,Remote,,ABS (unpublished) Causes of Death Australia,no.,,,,,,,,,,77
CtG14A.10,2018-2022,Mortality due to suicide,43,Males,Aboriginal and Torres Strait Islander people,Remote,Suicide deaths,five-year aggregate,Number,,,Aboriginal and Torres Strait Islander people,Males,Remote,,ABS (unpublished) Causes of Death Australia,no.,,,,,,,,,,77
CtG14A.10,2018-2022,Mortality due to suicide,37,Males,Aboriginal and Torres Strait Islander people,Remote,Suicide deaths,five-year aggregate,Number,,,Aboriginal and Torres Strait Islander people,Males,Remote,,ABS (unpublished) Causes of Death Australia,no.,,,,,,,,,,77
CtG14A.10,2018-2022,Mortality due to suicide,90,Females,Aboriginal and Torres Strait Islander people,Remote,Suicide deaths,five-year aggregate,Number,,,Aboriginal and Torres Strait Islander people,Females,Remote,,ABS (unpublished) Causes of Death Australia,no.,,,,,,,,,,30
CtG14A.10,2018-2022,Mortality due to suicide,24,Females,Aboriginal and Torres Strait Islander people,Remote,Suicide deaths,five-year aggregate,Number,,,Aboriginal and Torres Strait Islander people,Females,Remote,,ABS (unpublished) Causes of Death Australia,no.,,,,,,,,,,30
CtG14A.10,2018-2022,Mortality due to suicide,22,Females,Aboriginal and Torres Strait Islander people,Remote,Suicide deaths,five-year aggregate,Number,,,Aboriginal and Torres Strait Islander people,Females,Remote,,ABS (unpublished) Causes of Death Australia,no.,,,,,,,,,,30
CtG14A.10,2018-2022,Mortality due to suicide,89,Females,Aboriginal and Torres Strait Islander people,Remote,Suicide deaths,five-year aggregate,Number,,,Aboriginal and Torres Strait Islander people,Females,Remote,,ABS (unpublished) Causes of Death Australia,no.,,,,,,,,,,30
CtG14A.10,2018-2022,Mortality due to suicide,41,Females,Aboriginal and Torres Strait Islander people,Remote,Suicide deaths,five-year aggregate,Number,,,Aboriginal and Torres Strait Islander people,Females,Remote,,ABS (unpublished) Causes of Death Australia,no.,,,,,,,,,,30
CtG14A.10,2018-2022,Mortality due to suicide,90,Males,Aboriginal and Torres Strait Islander people,Very remote,Suicide deaths,five-year aggregate,Number,,,Aboriginal and Torres Strait Islander people,Males,Very remote,,ABS (unpublished) Causes of Death Australia,no.,,,,,,,,,,92
CtG14A.10,2018-2022,Mortality due to suicide,67,Males,Aboriginal and Torres Strait Islander people,Very remote,Suicide deaths,five-year aggregate,Number,,,Aboriginal and Torres Strait Islander people,Males,Very remote,,ABS (unpublished) Causes of Death Australia,no.,,,,,,,,,,92
CtG14A.10,2018-2022,Mortality due to suicide,12,Males,Aboriginal and Torres Strait Islander people,Very remote,Suicide deaths,five-year aggregate,Number,,,Aboriginal and Torres Strait Islander people,Males,Very remote,,ABS (unpublished) Causes of Death Australia,no.,,,,,,,,,,92
CtG14A.10,2018-2022,Mortality due to suicide,22,Males,Aboriginal and Torres Strait Islander people,Very remote,Suicide deaths,five-year aggregate,Number,,,Aboriginal and Torres Strait Islander people,Males,Very remote,,ABS (unpublished) Causes of Death Australia,no.,,,,,,,,,,92
CtG14A.10,2018-2022,Mortality due to suicide,76,Males,Aboriginal and Torres Strait Islander people,Very remote,Suicide deaths,five-year aggregate,Number,,,Aboriginal and Torres Strait Islander people,Males,Very remote,,ABS (unpublished) Causes of Death Australia,no.,,,,,,,,,,92
CtG14A.10,2018-2022,Mortality due to suicide,38,Females,Aboriginal and Torres Strait Islander people,Very remote,Suicide deaths,five-year aggregate,Number,,,Aboriginal and Torres Strait Islander people,Females,Very remote,,ABS (unpublished) Causes of Death Australia,no.,,,,,,,,,,41
CtG14A.10,2018-2022,Mortality due to suicide,43,Females,Aboriginal and Torres Strait Islander people,Very remote,Suicide deaths,five-year aggregate,Number,,,Aboriginal and Torres Strait Islander people,Females,Very remote,,ABS (unpublished) Causes of Death Australia,no.,,,,,,,,,,41
CtG14A.10,2018-2022,Mortality due to suicide,79,Females,Aboriginal and Torres Strait Islander people,Very remote,Suicide deaths,five-year aggregate,Number,,,Aboriginal and Torres Strait Islander people,Females,Very remote,,ABS (unpublished) Causes of Death Australia,no.,,,,,,,,,,41
CtG14A.10,2018-2022,Mortality due to suicide,25,Females,Aboriginal and Torres Strait Islander people,Very remote,Suicide deaths,five-year aggregate,Number,,,Aboriginal and Torres Strait Islander people,Females,Very remote,,ABS (unpublished) Causes of Death Australia,no.,,,,,,,,,,41
CtG14A.10,2018-2022,Mortality due to suicide,55,Females,Aboriginal and Torres Strait Islander people,Very remote,Suicide deaths,five-year aggregate,Number,,,Aboriginal and Torres Strait Islander people,Females,Very remote,,ABS (unpublished) Causes of Death Australia,no.,,,,,,,,,,41
CtG14A.10,2017-2021,Mortality due to suicide,87,Males,Aboriginal and Torres Strait Islander people,Major cities,Suicide deaths,five-year aggregate,Number,,,Aboriginal and Torres Strait Islander people,Males,Major cities,,ABS (unpublished) Causes of Death Australia,no.,,,,,,,,,,241
CtG14A.10,2017-2021,Mortality due to suicide,50,Males,Aboriginal and Torres Strait Islander people,Major cities,Suicide deaths,five-year aggregate,Number,,,Aboriginal and Torres Strait Islander people,Males,Major cities,,ABS (unpublished) Causes of Death Australia,no.,,,,,,,,,,241
CtG14A.10,2017-2021,Mortality due to suicide,98,Males,Aboriginal and Torres Strait Islander people,Major cities,Suicide deaths,five-year aggregate,Number,,,Aboriginal and Torres Strait Islander people,Males,Major cities,,ABS (unpublished) Causes of Death Australia,no.,,,,,,,,,,241
CtG14A.10,2017-2021,Mortality due to suicide,77,Males,Aboriginal and Torres Strait Islander people,Major cities,Suicide deaths,five-year aggregate,Number,,,Aboriginal and Torres Strait Islander people,Males,Major cities,,ABS (unpublished) Causes of Death Australia,no.,,,,,,,,,,241
CtG14A.10,2017-2021,Mortality due to suicide,26,Males,Aboriginal and Torres Strait Islander people,Major cities,Suicide deaths,five-year aggregate,Number,,,Aboriginal and Torres Strait Islander people,Males,Major cities,,ABS (unpublished) Causes of Death Australia,no.,,,,,,,,,,241
CtG14A.10,2017-2021,Mortality due to suicide,61,Females,Aboriginal and Torres Strait Islander people,Major cities,Suicide deaths,five-year aggregate,Number,,,Aboriginal and Torres Strait Islander people,Females,Major cities,,ABS (unpublished) Causes of Death Australia,no.,,,,,,,,,,96
CtG14A.10,2017-2021,Mortality due to suicide,89,Females,Aboriginal and Torres Strait Islander people,Major cities,Suicide deaths,five-year aggregate,Number,,,Aboriginal and Torres Strait Islander people,Females,Major cities,,ABS (unpublished) Causes of Death Australia,no.,,,,,,,,,,96
CtG14A.10,2017-2021,Mortality due to suicide,93,Females,Aboriginal and Torres Strait Islander people,Major cities,Suicide deaths,five-year aggregate,Number,,,Aboriginal and Torres Strait Islander people,Females,Major cities,,ABS (unpublished) Causes of Death Australia,no.,,,,,,,,,,96
CtG14A.10,2017-2021,Mortality due to suicide,98,Females,Aboriginal and Torres Strait Islander people,Major cities,Suicide deaths,five-year aggregate,Number,,,Aboriginal and Torres Strait Islander people,Females,Major cities,,ABS (unpublished) Causes of Death Australia,no.,,,,,,,,,,96
CtG14A.10,2017-2021,Mortality due to suicide,25,Females,Aboriginal and Torres Strait Islander people,Major cities,Suicide deaths,five-year aggregate,Number,,,Aboriginal and Torres Strait Islander people,Females,Major cities,,ABS (unpublished) Causes of Death Australia,no.,,,,,,,,,,96
CtG14A.10,2017-2021,Mortality due to suicide,22,Males,Aboriginal and Torres Strait Islander people,Inner regional,Suicide deaths,five-year aggregate,Number,,,Aboriginal and Torres Strait Islander people,Males,Inner regional,,ABS (unpublished) Causes of Death Australia,no.,,,,,,,,,,161
CtG14A.10,2017-2021,Mortality due to suicide,59,Males,Aboriginal and Torres Strait Islander people,Inner regional,Suicide deaths,five-year aggregate,Number,,,Aboriginal and Torres Strait Islander people,Males,Inner regional,,ABS (unpublished) Causes of Death Australia,no.,,,,,,,,,,161
CtG14A.10,2017-2021,Mortality due to suicide,68,Males,Aboriginal and Torres Strait Islander people,Inner regional,Suicide deaths,five-year aggregate,Number,,,Aboriginal and Torres Strait Islander people,Males,Inner regional,,ABS (unpublished) Causes of Death Australia,no.,,,,,,,,,,161
CtG14A.10,2017-2021,Mortality due to suicide,73,Males,Aboriginal and Torres Strait Islander people,Inner regional,Suicide deaths,five-year aggregate,Number,,,Aboriginal and Torres Strait Islander people,Males,Inner regional,,ABS (unpublished) Causes of Death Australia,no.,,,,,,,,,,161
CtG14A.10,2017-2021,Mortality due to suicide,24,Males,Aboriginal and Torres Strait Islander people,Inner regional,Suicide deaths,five-year aggregate,Number,,,Aboriginal and Torres Strait Islander people,Males,Inner regional,,ABS (unpublished) Causes of Death Australia,no.,,,,,,,,,,161
CtG14A.10,2017-2021,Mortality due to suicide,97,Females,Aboriginal and Torres Strait Islander people,Inner regional,Suicide deaths,five-year aggregate,Number,,,Aboriginal and Torres Strait Islander people,Females,Inner regional,,ABS (unpublished) Causes of Death Australia,no.,,,,,,,,,,50
CtG14A.10,2017-2021,Mortality due to suicide,13,Females,Aboriginal and Torres Strait Islander people,Inner regional,Suicide deaths,five-year aggregate,Number,,,Aboriginal and Torres Strait Islander people,Females,Inner regional,,ABS (unpublished) Causes of Death Australia,no.,,,,,,,,,,50
CtG14A.10,2017-2021,Mortality due to suicide,89,Females,Aboriginal and Torres Strait Islander people,Inner regional,Suicide deaths,five-year aggregate,Number,,,Aboriginal and Torres Strait Islander people,Females,Inner regional,,ABS (unpublished) Causes of Death Australia,no.,,,,,,,,,,50
CtG14A.10,2017-2021,Mortality due to suicide,4,Females,Aboriginal and Torres Strait Islander people,Inner regional,Suicide deaths,five-year aggregate,Number,,,Aboriginal and Torres Strait Islander people,Females,Inner regional,,ABS (unpublished) Causes of Death Australia,no.,,,,,,,,,,50
CtG14A.10,2017-2021,Mortality due to suicide,13,Females,Aboriginal and Torres Strait Islander people,Inner regional,Suicide deaths,five-year aggregate,Number,,,Aboriginal and Torres Strait Islander people,Females,Inner regional,,ABS (unpublished) Causes of Death Australia,no.,,,,,,,,,,50
CtG14A.10,2017-2021,Mortality due to suicide,12,Males,Aboriginal and Torres Strait Islander people,Outer regional,Suicide deaths,five-year aggregate,Number,,,Aboriginal and Torres Strait Islander people,Males,Outer regional,,ABS (unpublished) Causes of Death Australia,no.,,,,,,,,,,155
CtG14A.10,2017-2021,Mortality due to suicide,15,Males,Aboriginal and Torres Strait Islander people,Outer regional,Suicide deaths,five-year aggregate,Number,,,Aboriginal and Torres Strait Islander people,Males,Outer regional,,ABS (unpublished) Causes of Death Australia,no.,,,,,,,,,,155
CtG14A.10,2017-2021,Mortality due to suicide,1,Males,Aboriginal and Torres Strait Islander people,Outer regional,Suicide deaths,five-year aggregate,Number,,,Aboriginal and Torres Strait Islander people,Males,Outer regional,,ABS (unpublished) Causes of Death Australia,no.,,,,,,,,,,155
CtG14A.10,2017-2021,Mortality due to suicide,64,Males,Aboriginal and Torres Strait Islander people,Outer regional,Suicide deaths,five-year aggregate,Number,,,Aboriginal and Torres Strait Islander people,Males,Outer regional,,ABS (unpublished) Causes of Death Australia,no.,,,,,,,,,,155
CtG14A.10,2017-2021,Mortality due to suicide,21,Males,Aboriginal and Torres Strait Islander people,Outer regional,Suicide deaths,five-year aggregate,Number,,,Aboriginal and Torres Strait Islander people,Males,Outer regional,,ABS (unpublished) Causes of Death Australia,no.,,,,,,,,,,155
CtG14A.10,2017-2021,Mortality due to suicide,50,Females,Aboriginal and Torres Strait Islander people,Outer regional,Suicide deaths,five-year aggregate,Number,,,Aboriginal and Torres Strait Islander people,Females,Outer regional,,ABS (unpublished) Causes of Death Australia,no.,,,,,,,,,,58
CtG14A.10,2017-2021,Mortality due to suicide,32,Females,Aboriginal and Torres Strait Islander people,Outer regional,Suicide deaths,five-year aggregate,Number,,,Aboriginal and Torres Strait Islander people,Females,Outer regional,,ABS (unpublished) Causes of Death Australia,no.,,,,,,,,,,58
CtG14A.10,2017-2021,Mortality due to suicide,49,Females,Aboriginal and Torres Strait Islander people,Outer regional,Suicide deaths,five-year aggregate,Number,,,Aboriginal and Torres Strait Islander people,Females,Outer regional,,ABS (unpublished) Causes of Death Australia,no.,,,,,,,,,,58
CtG14A.10,2017-2021,Mortality due to suicide,5,Females,Aboriginal and Torres Strait Islander people,Outer regional,Suicide deaths,five-year aggregate,Number,,,Aboriginal and Torres Strait Islander people,Females,Outer regional,,ABS (unpublished) Causes of Death Australia,no.,,,,,,,,,,58
CtG14A.10,2017-2021,Mortality due to suicide,50,Females,Aboriginal and Torres Strait Islander people,Outer regional,Suicide deaths,five-year aggregate,Number,,,Aboriginal and Torres Strait Islander people,Females,Outer regional,,ABS (unpublished) Causes of Death Australia,no.,,,,,,,,,,58
CtG14A.10,2017-2021,Mortality due to suicide,94,Males,Aboriginal and Torres Strait Islander people,Remote,Suicide deaths,five-year aggregate,Number,,,Aboriginal and Torres Strait Islander people,Males,Remote,,ABS (unpublished) Causes of Death Australia,no.,,,,,,,,,,64
CtG14A.10,2017-2021,Mortality due to suicide,96,Males,Aboriginal and Torres Strait Islander people,Remote,Suicide deaths,five-year aggregate,Number,,,Aboriginal and Torres Strait Islander people,Males,Remote,,ABS (unpublished) Causes of Death Australia,no.,,,,,,,,,,64
CtG14A.10,2017-2021,Mortality due to suicide,32,Males,Aboriginal and Torres Strait Islander people,Remote,Suicide deaths,five-year aggregate,Number,,,Aboriginal and Torres Strait Islander people,Males,Remote,,ABS (unpublished) Causes of Death Australia,no.,,,,,,,,,,64
CtG14A.10,2017-2021,Mortality due to suicide,50,Males,Aboriginal and Torres Strait Islander people,Remote,Suicide deaths,five-year aggregate,Number,,,Aboriginal and Torres Strait Islander people,Males,Remote,,ABS (unpublished) Causes of Death Australia,no.,,,,,,,,,,64
CtG14A.10,2017-2021,Mortality due to suicide,27,Males,Aboriginal and Torres Strait Islander people,Remote,Suicide deaths,five-year aggregate,Number,,,Aboriginal and Torres Strait Islander people,Males,Remote,,ABS (unpublished) Causes of Death Australia,no.,,,,,,,,,,64
CtG14A.10,2017-2021,Mortality due to suicide,85,Females,Aboriginal and Torres Strait Islander people,Remote,Suicide deaths,five-year aggregate,Number,,,Aboriginal and Torres Strait Islander people,Females,Remote,,ABS (unpublished) Causes of Death Australia,no.,,,,,,,,,,25
CtG14A.10,2017-2021,Mortality due to suicide,27,Females,Aboriginal and Torres Strait Islander people,Remote,Suicide deaths,five-year aggregate,Number,,,Aboriginal and Torres Strait Islander people,Females,Remote,,ABS (unpublished) Causes of Death Australia,no.,,,,,,,,,,25
CtG14A.10,2017-2021,Mortality due to suicide,29,Females,Aboriginal and Torres Strait Islander people,Remote,Suicide deaths,five-year aggregate,Number,,,Aboriginal and Torres Strait Islander people,Females,Remote,,ABS (unpublished) Causes of Death Australia,no.,,,,,,,,,,25
CtG14A.10,2017-2021,Mortality due to suicide,61,Females,Aboriginal and Torres Strait Islander people,Remote,Suicide deaths,five-year aggregate,Number,,,Aboriginal and Torres Strait Islander people,Females,Remote,,ABS (unpublished) Causes of Death Australia,no.,,,,,,,,,,25
CtG14A.10,2017-2021,Mortality due to suicide,61,Females,Aboriginal and Torres Strait Islander people,Remote,Suicide deaths,five-year aggregate,Number,,,Aboriginal and Torres Strait Islander people,Females,Remote,,ABS (unpublished) Causes of Death Australia,no.,,,,,,,,,,25
CtG14A.10,2017-2021,Mortality due to suicide,49,Males,Aboriginal and Torres Strait Islander people,Very remote,Suicide deaths,five-year aggregate,Number,,,Aboriginal and Torres Strait Islander people,Males,Very remote,,ABS (unpublished) Causes of Death Australia,no.,,,,,,,,,,100
CtG14A.10,2017-2021,Mortality due to suicide,7,Males,Aboriginal and Torres Strait Islander people,Very remote,Suicide deaths,five-year aggregate,Number,,,Aboriginal and Torres Strait Islander people,Males,Very remote,,ABS (unpublished) Causes of Death Australia,no.,,,,,,,,,,100
CtG14A.10,2017-2021,Mortality due to suicide,78,Males,Aboriginal and Torres Strait Islander people,Very remote,Suicide deaths,five-year aggregate,Number,,,Aboriginal and Torres Strait Islander people,Males,Very remote,,ABS (unpublished) Causes of Death Australia,no.,,,,,,,,,,100
CtG14A.10,2017-2021,Mortality due to suicide,19,Males,Aboriginal and Torres Strait Islander people,Very remote,Suicide deaths,five-year aggregate,Number,,,Aboriginal and Torres Strait Islander people,Males,Very remote,,ABS (unpublished) Causes of Death Australia,no.,,,,,,,,,,100
CtG14A.10,2017-2021,Mortality due to suicide,10,Males,Aboriginal and Torres Strait Islander people,Very remote,Suicide deaths,five-year aggregate,Number,,,Aboriginal and Torres Strait Islander people,Males,Very remote,,ABS (unpublished) Causes of Death Australia,no.,,,,,,,,,,100
CtG14A.10,2017-2021,Mortality due to suicide,91,Females,Aboriginal and Torres Strait Islander people,Very remote,Suicide deaths,five-year aggregate,Number,,,Aboriginal and Torres Strait Islander people,Females,Very remote,,ABS (unpublished) Causes of Death Australia,no.,,,,,,,,,,45
CtG14A.10,2017-2021,Mortality due to suicide,93,Females,Aboriginal and Torres Strait Islander people,Very remote,Suicide deaths,five-year aggregate,Number,,,Aboriginal and Torres Strait Islander people,Females,Very remote,,ABS (unpublished) Causes of Death Australia,no.,,,,,,,,,,45
CtG14A.10,2017-2021,Mortality due to suicide,20,Females,Aboriginal and Torres Strait Islander people,Very remote,Suicide deaths,five-year aggregate,Number,,,Aboriginal and Torres Strait Islander people,Females,Very remote,,ABS (unpublished) Causes of Death Australia,no.,,,,,,,,,,45
CtG14A.10,2017-2021,Mortality due to suicide,49,Females,Aboriginal and Torres Strait Islander people,Very remote,Suicide deaths,five-year aggregate,Number,,,Aboriginal and Torres Strait Islander people,Females,Very remote,,ABS (unpublished) Causes of Death Australia,no.,,,,,,,,,,45
CtG14A.10,2017-2021,Mortality due to suicide,29,Females,Aboriginal and Torres Strait Islander people,Very remote,Suicide deaths,five-year aggregate,Number,,,Aboriginal and Torres Strait Islander people,Females,Very remote,,ABS (unpublished) Causes of Death Australia,no.,,,,,,,,,,45
CtG14A.10,2016-2020,Mortality due to suicide,24,Males,Aboriginal and Torres Strait Islander people,Major cities,Suicide deaths,five-year aggregate,Number,,,Aboriginal and Torres Strait Islander people,Males,Major cities,,ABS (unpublished) Causes of Death Australia,no.,,,,,,,,,,233
CtG14A.10,2016-2020,Mortality due to suicide,23,Males,Aboriginal and Torres Strait Islander people,Major cities,Suicide deaths,five-year aggregate,Number,,,Aboriginal and Torres Strait Islander people,Males,Major cities,,ABS (unpublished) Causes of Death Australia,no.,,,,,,,,,,233
CtG14A.10,2016-2020,Mortality due to suicide,36,Males,Aboriginal and Torres Strait Islander people,Major cities,Suicide deaths,five-year aggregate,Number,,,Aboriginal and Torres Strait Islander people,Males,Major cities,,ABS (unpublished) Causes of Death Australia,no.,,,,,,,,,,233
CtG14A.10,2016-2020,Mortality due to suicide,85,Males,Aboriginal and Torres Strait Islander people,Major cities,Suicide deaths,five-year aggregate,Number,,,Aboriginal and Torres Strait Islander people,Males,Major cities,,ABS (unpublished) Causes of Death Australia,no.,,,,,,,,,,233
CtG14A.10,2016-2020,Mortality due to suicide,6,Males,Aboriginal and Torres Strait Islander people,Major cities,Suicide deaths,five-year aggregate,Number,,,Aboriginal and Torres Strait Islander people,Males,Major cities,,ABS (unpublished) Causes of Death Australia,no.,,,,,,,,,,233
CtG14A.10,2016-2020,Mortality due to suicide,11,Females,Aboriginal and Torres Strait Islander people,Major cities,Suicide deaths,five-year aggregate,Number,,,Aboriginal and Torres Strait Islander people,Females,Major cities,,ABS (unpublished) Causes of Death Australia,no.,,,,,,,,,,88
CtG14A.10,2016-2020,Mortality due to suicide,60,Females,Aboriginal and Torres Strait Islander people,Major cities,Suicide deaths,five-year aggregate,Number,,,Aboriginal and Torres Strait Islander people,Females,Major cities,,ABS (unpublished) Causes of Death Australia,no.,,,,,,,,,,88
CtG14A.10,2016-2020,Mortality due to suicide,64,Females,Aboriginal and Torres Strait Islander people,Major cities,Suicide deaths,five-year aggregate,Number,,,Aboriginal and Torres Strait Islander people,Females,Major cities,,ABS (unpublished) Causes of Death Australia,no.,,,,,,,,,,88
CtG14A.10,2016-2020,Mortality due to suicide,16,Females,Aboriginal and Torres Strait Islander people,Major cities,Suicide deaths,five-year aggregate,Number,,,Aboriginal and Torres Strait Islander people,Females,Major cities,,ABS (unpublished) Causes of Death Australia,no.,,,,,,,,,,88
CtG14A.10,2016-2020,Mortality due to suicide,96,Females,Aboriginal and Torres Strait Islander people,Major cities,Suicide deaths,five-year aggregate,Number,,,Aboriginal and Torres Strait Islander people,Females,Major cities,,ABS (unpublished) Causes of Death Australia,no.,,,,,,,,,,88
CtG14A.10,2016-2020,Mortality due to suicide,56,Males,Aboriginal and Torres Strait Islander people,Inner regional,Suicide deaths,five-year aggregate,Number,,,Aboriginal and Torres Strait Islander people,Males,Inner regional,,ABS (unpublished) Causes of Death Australia,no.,,,,,,,,,,147
CtG14A.10,2016-2020,Mortality due to suicide,36,Males,Aboriginal and Torres Strait Islander people,Inner regional,Suicide deaths,five-year aggregate,Number,,,Aboriginal and Torres Strait Islander people,Males,Inner regional,,ABS (unpublished) Causes of Death Australia,no.,,,,,,,,,,147
CtG14A.10,2016-2020,Mortality due to suicide,37,Males,Aboriginal and Torres Strait Islander people,Inner regional,Suicide deaths,five-year aggregate,Number,,,Aboriginal and Torres Strait Islander people,Males,Inner regional,,ABS (unpublished) Causes of Death Australia,no.,,,,,,,,,,147
CtG14A.10,2016-2020,Mortality due to suicide,45,Males,Aboriginal and Torres Strait Islander people,Inner regional,Suicide deaths,five-year aggregate,Number,,,Aboriginal and Torres Strait Islander people,Males,Inner regional,,ABS (unpublished) Causes of Death Australia,no.,,,,,,,,,,147
CtG14A.10,2016-2020,Mortality due to suicide,2,Males,Aboriginal and Torres Strait Islander people,Inner regional,Suicide deaths,five-year aggregate,Number,,,Aboriginal and Torres Strait Islander people,Males,Inner regional,,ABS (unpublished) Causes of Death Australia,no.,,,,,,,,,,147
CtG14A.10,2016-2020,Mortality due to suicide,87,Females,Aboriginal and Torres Strait Islander people,Inner regional,Suicide deaths,five-year aggregate,Number,,,Aboriginal and Torres Strait Islander people,Females,Inner regional,,ABS (unpublished) Causes of Death Australia,no.,,,,,,,,,,40
CtG14A.10,2016-2020,Mortality due to suicide,50,Females,Aboriginal and Torres Strait Islander people,Inner regional,Suicide deaths,five-year aggregate,Number,,,Aboriginal and Torres Strait Islander people,Females,Inner regional,,ABS (unpublished) Causes of Death Australia,no.,,,,,,,,,,40
CtG14A.10,2016-2020,Mortality due to suicide,66,Females,Aboriginal and Torres Strait Islander people,Inner regional,Suicide deaths,five-year aggregate,Number,,,Aboriginal and Torres Strait Islander people,Females,Inner regional,,ABS (unpublished) Causes of Death Australia,no.,,,,,,,,,,40
CtG14A.10,2016-2020,Mortality due to suicide,13,Females,Aboriginal and Torres Strait Islander people,Inner regional,Suicide deaths,five-year aggregate,Number,,,Aboriginal and Torres Strait Islander people,Females,Inner regional,,ABS (unpublished) Causes of Death Australia,no.,,,,,,,,,,40
CtG14A.10,2016-2020,Mortality due to suicide,21,Females,Aboriginal and Torres Strait Islander people,Inner regional,Suicide deaths,five-year aggregate,Number,,,Aboriginal and Torres Strait Islander people,Females,Inner regional,,ABS (unpublished) Causes of Death Australia,no.,,,,,,,,,,40
CtG14A.10,2016-2020,Mortality due to suicide,44,Males,Aboriginal and Torres Strait Islander people,Outer regional,Suicide deaths,five-year aggregate,Number,,,Aboriginal and Torres Strait Islander people,Males,Outer regional,,ABS (unpublished) Causes of Death Australia,no.,,,,,,,,,,150
CtG14A.10,2016-2020,Mortality due to suicide,45,Males,Aboriginal and Torres Strait Islander people,Outer regional,Suicide deaths,five-year aggregate,Number,,,Aboriginal and Torres Strait Islander people,Males,Outer regional,,ABS (unpublished) Causes of Death Australia,no.,,,,,,,,,,150
CtG14A.10,2016-2020,Mortality due to suicide,61,Males,Aboriginal and Torres Strait Islander people,Outer regional,Suicide deaths,five-year aggregate,Number,,,Aboriginal and Torres Strait Islander people,Males,Outer regional,,ABS (unpublished) Causes of Death Australia,no.,,,,,,,,,,150
CtG14A.10,2016-2020,Mortality due to suicide,47,Males,Aboriginal and Torres Strait Islander people,Outer regional,Suicide deaths,five-year aggregate,Number,,,Aboriginal and Torres Strait Islander people,Males,Outer regional,,ABS (unpublished) Causes of Death Australia,no.,,,,,,,,,,150
CtG14A.10,2016-2020,Mortality due to suicide,83,Males,Aboriginal and Torres Strait Islander people,Outer regional,Suicide deaths,five-year aggregate,Number,,,Aboriginal and Torres Strait Islander people,Males,Outer regional,,ABS (unpublished) Causes of Death Australia,no.,,,,,,,,,,150
CtG14A.10,2016-2020,Mortality due to suicide,87,Females,Aboriginal and Torres Strait Islander people,Outer regional,Suicide deaths,five-year aggregate,Number,,,Aboriginal and Torres Strait Islander people,Females,Outer regional,,ABS (unpublished) Causes of Death Australia,no.,,,,,,,,,,55
CtG14A.10,2016-2020,Mortality due to suicide,93,Females,Aboriginal and Torres Strait Islander people,Outer regional,Suicide deaths,five-year aggregate,Number,,,Aboriginal and Torres Strait Islander people,Females,Outer regional,,ABS (unpublished) Causes of Death Australia,no.,,,,,,,,,,55
CtG14A.10,2016-2020,Mortality due to suicide,79,Females,Aboriginal and Torres Strait Islander people,Outer regional,Suicide deaths,five-year aggregate,Number,,,Aboriginal and Torres Strait Islander people,Females,Outer regional,,ABS (unpublished) Causes of Death Australia,no.,,,,,,,,,,55
CtG14A.10,2016-2020,Mortality due to suicide,57,Females,Aboriginal and Torres Strait Islander people,Outer regional,Suicide deaths,five-year aggregate,Number,,,Aboriginal and Torres Strait Islander people,Females,Outer regional,,ABS (unpublished) Causes of Death Australia,no.,,,,,,,,,,55
CtG14A.10,2016-2020,Mortality due to suicide,52,Females,Aboriginal and Torres Strait Islander people,Outer regional,Suicide deaths,five-year aggregate,Number,,,Aboriginal and Torres Strait Islander people,Females,Outer regional,,ABS (unpublished) Causes of Death Australia,no.,,,,,,,,,,55
CtG14A.10,2016-2020,Mortality due to suicide,65,Males,Aboriginal and Torres Strait Islander people,Remote,Suicide deaths,five-year aggregate,Number,,,Aboriginal and Torres Strait Islander people,Males,Remote,,ABS (unpublished) Causes of Death Australia,no.,,,,,,,,,,60
CtG14A.10,2016-2020,Mortality due to suicide,99,Males,Aboriginal and Torres Strait Islander people,Remote,Suicide deaths,five-year aggregate,Number,,,Aboriginal and Torres Strait Islander people,Males,Remote,,ABS (unpublished) Causes of Death Australia,no.,,,,,,,,,,60
CtG14A.10,2016-2020,Mortality due to suicide,90,Males,Aboriginal and Torres Strait Islander people,Remote,Suicide deaths,five-year aggregate,Number,,,Aboriginal and Torres Strait Islander people,Males,Remote,,ABS (unpublished) Causes of Death Australia,no.,,,,,,,,,,60
CtG14A.10,2016-2020,Mortality due to suicide,43,Males,Aboriginal and Torres Strait Islander people,Remote,Suicide deaths,five-year aggregate,Number,,,Aboriginal and Torres Strait Islander people,Males,Remote,,ABS (unpublished) Causes of Death Australia,no.,,,,,,,,,,60
CtG14A.10,2016-2020,Mortality due to suicide,9,Males,Aboriginal and Torres Strait Islander people,Remote,Suicide deaths,five-year aggregate,Number,,,Aboriginal and Torres Strait Islander people,Males,Remote,,ABS (unpublished) Causes of Death Australia,no.,,,,,,,,,,60
CtG14A.10,2016-2020,Mortality due to suicide,13,Females,Aboriginal and Torres Strait Islander people,Remote,Suicide deaths,five-year aggregate,Number,,,Aboriginal and Torres Strait Islander people,Females,Remote,,ABS (unpublished) Causes of Death Australia,no.,,,,,,,,,,20
CtG14A.10,2016-2020,Mortality due to suicide,82,Females,Aboriginal and Torres Strait Islander people,Remote,Suicide deaths,five-year aggregate,Number,,,Aboriginal and Torres Strait Islander people,Females,Remote,,ABS (unpublished) Causes of Death Australia,no.,,,,,,,,,,20
CtG14A.10,2016-2020,Mortality due to suicide,50,Females,Aboriginal and Torres Strait Islander people,Remote,Suicide deaths,five-year aggregate,Number,,,Aboriginal and Torres Strait Islander people,Females,Remote,,ABS (unpublished) Causes of Death Australia,no.,,,,,,,,,,20
CtG14A.10,2016-2020,Mortality due to suicide,55,Females,Aboriginal and Torres Strait Islander people,Remote,Suicide deaths,five-year aggregate,Number,,,Aboriginal and Torres Strait Islander people,Females,Remote,,ABS (unpublished) Causes of Death Australia,no.,,,,,,,,,,20
CtG14A.10,2016-2020,Mortality due to suicide,8,Females,Aboriginal and Torres Strait Islander people,Remote,Suicide deaths,five-year aggregate,Number,,,Aboriginal and Torres Strait Islander people,Females,Remote,,ABS (unpublished) Causes of Death Australia,no.,,,,,,,,,,20
CtG14A.10,2016-2020,Mortality due to suicide,43,Males,Aboriginal and Torres Strait Islander people,Very remote,Suicide deaths,five-year aggregate,Number,,,Aboriginal and Torres Strait Islander people,Males,Very remote,,ABS (unpublished) Causes of Death Australia,no.,,,,,,,,,,104
CtG14A.10,2016-2020,Mortality due to suicide,40,Males,Aboriginal and Torres Strait Islander people,Very remote,Suicide deaths,five-year aggregate,Number,,,Aboriginal and Torres Strait Islander people,Males,Very remote,,ABS (unpublished) Causes of Death Australia,no.,,,,,,,,,,104
CtG14A.10,2016-2020,Mortality due to suicide,59,Males,Aboriginal and Torres Strait Islander people,Very remote,Suicide deaths,five-year aggregate,Number,,,Aboriginal and Torres Strait Islander people,Males,Very remote,,ABS (unpublished) Causes of Death Australia,no.,,,,,,,,,,104
CtG14A.10,2016-2020,Mortality due to suicide,60,Males,Aboriginal and Torres Strait Islander people,Very remote,Suicide deaths,five-year aggregate,Number,,,Aboriginal and Torres Strait Islander people,Males,Very remote,,ABS (unpublished) Causes of Death Australia,no.,,,,,,,,,,104
CtG14A.10,2016-2020,Mortality due to suicide,42,Males,Aboriginal and Torres Strait Islander people,Very remote,Suicide deaths,five-year aggregate,Number,,,Aboriginal and Torres Strait Islander people,Males,Very remote,,ABS (unpublished) Causes of Death Australia,no.,,,,,,,,,,104
CtG14A.10,2016-2020,Mortality due to suicide,79,Females,Aboriginal and Torres Strait Islander people,Very remote,Suicide deaths,five-year aggregate,Number,,,Aboriginal and Torres Strait Islander people,Females,Very remote,,ABS (unpublished) Causes of Death Australia,no.,,,,,,,,,,51
CtG14A.10,2016-2020,Mortality due to suicide,33,Females,Aboriginal and Torres Strait Islander people,Very remote,Suicide deaths,five-year aggregate,Number,,,Aboriginal and Torres Strait Islander people,Females,Very remote,,ABS (unpublished) Causes of Death Australia,no.,,,,,,,,,,51
CtG14A.10,2016-2020,Mortality due to suicide,40,Females,Aboriginal and Torres Strait Islander people,Very remote,Suicide deaths,five-year aggregate,Number,,,Aboriginal and Torres Strait Islander people,Females,Very remote,,ABS (unpublished) Causes of Death Australia,no.,,,,,,,,,,51
CtG14A.10,2016-2020,Mortality due to suicide,9,Females,Aboriginal and Torres Strait Islander people,Very remote,Suicide deaths,five-year aggregate,Number,,,Aboriginal and Torres Strait Islander people,Females,Very remote,,ABS (unpublished) Causes of Death Australia,no.,,,,,,,,,,51
CtG14A.10,2016-2020,Mortality due to suicide,67,Females,Aboriginal and Torres Strait Islander people,Very remote,Suicide deaths,five-year aggregate,Number,,,Aboriginal and Torres Strait Islander people,Females,Very remote,,ABS (unpublished) Causes of Death Australia,no.,,,,,,,,,,51
CtG14A.10,2015-2019,Mortality due to suicide,78,Males,Aboriginal and Torres Strait Islander people,Major cities,Suicide deaths,five-year aggregate,Number,,,Aboriginal and Torres Strait Islander people,Males,Major cities,,ABS (unpublished) Causes of Death Australia,no.,,,,,,,,,,213
CtG14A.10,2015-2019,Mortality due to suicide,65,Males,Aboriginal and Torres Strait Islander people,Major cities,Suicide deaths,five-year aggregate,Number,,,Aboriginal and Torres Strait Islander people,Males,Major cities,,ABS (unpublished) Causes of Death Australia,no.,,,,,,,,,,213
CtG14A.10,2015-2019,Mortality due to suicide,91,Males,Aboriginal and Torres Strait Islander people,Major cities,Suicide deaths,five-year aggregate,Number,,,Aboriginal and Torres Strait Islander people,Males,Major cities,,ABS (unpublished) Causes of Death Australia,no.,,,,,,,,,,213
CtG14A.10,2015-2019,Mortality due to suicide,53,Males,Aboriginal and Torres Strait Islander people,Major cities,Suicide deaths,five-year aggregate,Number,,,Aboriginal and Torres Strait Islander people,Males,Major cities,,ABS (unpublished) Causes of Death Australia,no.,,,,,,,,,,213
CtG14A.10,2015-2019,Mortality due to suicide,1,Males,Aboriginal and Torres Strait Islander people,Major cities,Suicide deaths,five-year aggregate,Number,,,Aboriginal and Torres Strait Islander people,Males,Major cities,,ABS (unpublished) Causes of Death Australia,no.,,,,,,,,,,213
CtG14A.10,2015-2019,Mortality due to suicide,57,Females,Aboriginal and Torres Strait Islander people,Major cities,Suicide deaths,five-year aggregate,Number,,,Aboriginal and Torres Strait Islander people,Females,Major cities,,ABS (unpublished) Causes of Death Australia,no.,,,,,,,,,,86
CtG14A.10,2015-2019,Mortality due to suicide,94,Females,Aboriginal and Torres Strait Islander people,Major cities,Suicide deaths,five-year aggregate,Number,,,Aboriginal and Torres Strait Islander people,Females,Major cities,,ABS (unpublished) Causes of Death Australia,no.,,,,,,,,,,86
CtG14A.10,2015-2019,Mortality due to suicide,64,Females,Aboriginal and Torres Strait Islander people,Major cities,Suicide deaths,five-year aggregate,Number,,,Aboriginal and Torres Strait Islander people,Females,Major cities,,ABS (unpublished) Causes of Death Australia,no.,,,,,,,,,,86
CtG14A.10,2015-2019,Mortality due to suicide,47,Females,Aboriginal and Torres Strait Islander people,Major cities,Suicide deaths,five-year aggregate,Number,,,Aboriginal and Torres Strait Islander people,Females,Major cities,,ABS (unpublished) Causes of Death Australia,no.,,,,,,,,,,86
CtG14A.10,2015-2019,Mortality due to suicide,37,Females,Aboriginal and Torres Strait Islander people,Major cities,Suicide deaths,five-year aggregate,Number,,,Aboriginal and Torres Strait Islander people,Females,Major cities,,ABS (unpublished) Causes of Death Australia,no.,,,,,,,,,,86
CtG14A.10,2015-2019,Mortality due to suicide,55,Males,Aboriginal and Torres Strait Islander people,Inner regional,Suicide deaths,five-year aggregate,Number,,,Aboriginal and Torres Strait Islander people,Males,Inner regional,,ABS (unpublished) Causes of Death Australia,no.,,,,,,,,,,130
CtG14A.10,2015-2019,Mortality due to suicide,30,Males,Aboriginal and Torres Strait Islander people,Inner regional,Suicide deaths,five-year aggregate,Number,,,Aboriginal and Torres Strait Islander people,Males,Inner regional,,ABS (unpublished) Causes of Death Australia,no.,,,,,,,,,,130
CtG14A.10,2015-2019,Mortality due to suicide,38,Males,Aboriginal and Torres Strait Islander people,Inner regional,Suicide deaths,five-year aggregate,Number,,,Aboriginal and Torres Strait Islander people,Males,Inner regional,,ABS (unpublished) Causes of Death Australia,no.,,,,,,,,,,130
CtG14A.10,2015-2019,Mortality due to suicide,52,Males,Aboriginal and Torres Strait Islander people,Inner regional,Suicide deaths,five-year aggregate,Number,,,Aboriginal and Torres Strait Islander people,Males,Inner regional,,ABS (unpublished) Causes of Death Australia,no.,,,,,,,,,,130
CtG14A.10,2015-2019,Mortality due to suicide,33,Males,Aboriginal and Torres Strait Islander people,Inner regional,Suicide deaths,five-year aggregate,Number,,,Aboriginal and Torres Strait Islander people,Males,Inner regional,,ABS (unpublished) Causes of Death Australia,no.,,,,,,,,,,130
CtG14A.10,2015-2019,Mortality due to suicide,70,Females,Aboriginal and Torres Strait Islander people,Inner regional,Suicide deaths,five-year aggregate,Number,,,Aboriginal and Torres Strait Islander people,Females,Inner regional,,ABS (unpublished) Causes of Death Australia,no.,,,,,,,,,,34
CtG14A.10,2015-2019,Mortality due to suicide,96,Females,Aboriginal and Torres Strait Islander people,Inner regional,Suicide deaths,five-year aggregate,Number,,,Aboriginal and Torres Strait Islander people,Females,Inner regional,,ABS (unpublished) Causes of Death Australia,no.,,,,,,,,,,34
CtG14A.10,2015-2019,Mortality due to suicide,85,Females,Aboriginal and Torres Strait Islander people,Inner regional,Suicide deaths,five-year aggregate,Number,,,Aboriginal and Torres Strait Islander people,Females,Inner regional,,ABS (unpublished) Causes of Death Australia,no.,,,,,,,,,,34
CtG14A.10,2015-2019,Mortality due to suicide,71,Females,Aboriginal and Torres Strait Islander people,Inner regional,Suicide deaths,five-year aggregate,Number,,,Aboriginal and Torres Strait Islander people,Females,Inner regional,,ABS (unpublished) Causes of Death Australia,no.,,,,,,,,,,34
CtG14A.10,2015-2019,Mortality due to suicide,59,Females,Aboriginal and Torres Strait Islander people,Inner regional,Suicide deaths,five-year aggregate,Number,,,Aboriginal and Torres Strait Islander people,Females,Inner regional,,ABS (unpublished) Causes of Death Australia,no.,,,,,,,,,,34
CtG14A.10,2015-2019,Mortality due to suicide,30,Males,Aboriginal and Torres Strait Islander people,Outer regional,Suicide deaths,five-year aggregate,Number,,,Aboriginal and Torres Strait Islander people,Males,Outer regional,,ABS (unpublished) Causes of Death Australia,no.,,,,,,,,,,140
CtG14A.10,2015-2019,Mortality due to suicide,99,Males,Aboriginal and Torres Strait Islander people,Outer regional,Suicide deaths,five-year aggregate,Number,,,Aboriginal and Torres Strait Islander people,Males,Outer regional,,ABS (unpublished) Causes of Death Australia,no.,,,,,,,,,,140
CtG14A.10,2015-2019,Mortality due to suicide,8,Males,Aboriginal and Torres Strait Islander people,Outer regional,Suicide deaths,five-year aggregate,Number,,,Aboriginal and Torres Strait Islander people,Males,Outer regional,,ABS (unpublished) Causes of Death Australia,no.,,,,,,,,,,140
CtG14A.10,2015-2019,Mortality due to suicide,78,Males,Aboriginal and Torres Strait Islander people,Outer regional,Suicide deaths,five-year aggregate,Number,,,Aboriginal and Torres Strait Islander people,Males,Outer regional,,ABS (unpublished) Causes of Death Australia,no.,,,,,,,,,,140
CtG14A.10,2015-2019,Mortality due to suicide,88,Males,Aboriginal and Torres Strait Islander people,Outer regional,Suicide deaths,five-year aggregate,Number,,,Aboriginal and Torres Strait Islander people,Males,Outer regional,,ABS (unpublished) Causes of Death Australia,no.,,,,,,,,,,140
CtG14A.10,2015-2019,Mortality due to suicide,78,Females,Aboriginal and Torres Strait Islander people,Outer regional,Suicide deaths,five-year aggregate,Number,,,Aboriginal and Torres Strait Islander people,Females,Outer regional,,ABS (unpublished) Causes of Death Australia,no.,,,,,,,,,,61
CtG14A.10,2015-2019,Mortality due to suicide,40,Females,Aboriginal and Torres Strait Islander people,Outer regional,Suicide deaths,five-year aggregate,Number,,,Aboriginal and Torres Strait Islander people,Females,Outer regional,,ABS (unpublished) Causes of Death Australia,no.,,,,,,,,,,61
CtG14A.10,2015-2019,Mortality due to suicide,74,Females,Aboriginal and Torres Strait Islander people,Outer regional,Suicide deaths,five-year aggregate,Number,,,Aboriginal and Torres Strait Islander people,Females,Outer regional,,ABS (unpublished) Causes of Death Australia,no.,,,,,,,,,,61
CtG14A.10,2015-2019,Mortality due to suicide,43,Females,Aboriginal and Torres Strait Islander people,Outer regional,Suicide deaths,five-year aggregate,Number,,,Aboriginal and Torres Strait Islander people,Females,Outer regional,,ABS (unpublished) Causes of Death Australia,no.,,,,,,,,,,61
CtG14A.10,2015-2019,Mortality due to suicide,37,Females,Aboriginal and Torres Strait Islander people,Outer regional,Suicide deaths,five-year aggregate,Number,,,Aboriginal and Torres Strait Islander people,Females,Outer regional,,ABS (unpublished) Causes of Death Australia,no.,,,,,,,,,,61
CtG14A.10,2015-2019,Mortality due to suicide,96,Males,Aboriginal and Torres Strait Islander people,Remote,Suicide deaths,five-year aggregate,Number,,,Aboriginal and Torres Strait Islander people,Males,Remote,,ABS (unpublished) Causes of Death Australia,no.,,,,,,,,,,66
CtG14A.10,2015-2019,Mortality due to suicide,59,Males,Aboriginal and Torres Strait Islander people,Remote,Suicide deaths,five-year aggregate,Number,,,Aboriginal and Torres Strait Islander people,Males,Remote,,ABS (unpublished) Causes of Death Australia,no.,,,,,,,,,,66
CtG14A.10,2015-2019,Mortality due to suicide,8,Males,Aboriginal and Torres Strait Islander people,Remote,Suicide deaths,five-year aggregate,Number,,,Aboriginal and Torres Strait Islander people,Males,Remote,,ABS (unpublished) Causes of Death Australia,no.,,,,,,,,,,66
CtG14A.10,2015-2019,Mortality due to suicide,95,Males,Aboriginal and Torres Strait Islander people,Remote,Suicide deaths,five-year aggregate,Number,,,Aboriginal and Torres Strait Islander people,Males,Remote,,ABS (unpublished) Causes of Death Australia,no.,,,,,,,,,,66
CtG14A.10,2015-2019,Mortality due to suicide,48,Males,Aboriginal and Torres Strait Islander people,Remote,Suicide deaths,five-year aggregate,Number,,,Aboriginal and Torres Strait Islander people,Males,Remote,,ABS (unpublished) Causes of Death Australia,no.,,,,,,,,,,66
CtG14A.10,2015-2019,Mortality due to suicide,58,Females,Aboriginal and Torres Strait Islander people,Remote,Suicide deaths,five-year aggregate,Number,,,Aboriginal and Torres Strait Islander people,Females,Remote,,ABS (unpublished) Causes of Death Australia,no.,,,,,,,,,,14
CtG14A.10,2015-2019,Mortality due to suicide,57,Females,Aboriginal and Torres Strait Islander people,Remote,Suicide deaths,five-year aggregate,Number,,,Aboriginal and Torres Strait Islander people,Females,Remote,,ABS (unpublished) Causes of Death Australia,no.,,,,,,,,,,14
CtG14A.10,2015-2019,Mortality due to suicide,72,Females,Aboriginal and Torres Strait Islander people,Remote,Suicide deaths,five-year aggregate,Number,,,Aboriginal and Torres Strait Islander people,Females,Remote,,ABS (unpublished) Causes of Death Australia,no.,,,,,,,,,,14
CtG14A.10,2015-2019,Mortality due to suicide,82,Females,Aboriginal and Torres Strait Islander people,Remote,Suicide deaths,five-year aggregate,Number,,,Aboriginal and Torres Strait Islander people,Females,Remote,,ABS (unpublished) Causes of Death Australia,no.,,,,,,,,,,14
CtG14A.10,2015-2019,Mortality due to suicide,94,Females,Aboriginal and Torres Strait Islander people,Remote,Suicide deaths,five-year aggregate,Number,,,Aboriginal and Torres Strait Islander people,Females,Remote,,ABS (unpublished) Causes of Death Australia,no.,,,,,,,,,,14
CtG14A.10,2015-2019,Mortality due to suicide,13,Males,Aboriginal and Torres Strait Islander people,Very remote,Suicide deaths,five-year aggregate,Number,,,Aboriginal and Torres Strait Islander people,Males,Very remote,,ABS (unpublished) Causes of Death Australia,no.,,,,,,,,,,100
CtG14A.10,2015-2019,Mortality due to suicide,7,Males,Aboriginal and Torres Strait Islander people,Very remote,Suicide deaths,five-year aggregate,Number,,,Aboriginal and Torres Strait Islander people,Males,Very remote,,ABS (unpublished) Causes of Death Australia,no.,,,,,,,,,,100
CtG14A.10,2015-2019,Mortality due to suicide,10,Males,Aboriginal and Torres Strait Islander people,Very remote,Suicide deaths,five-year aggregate,Number,,,Aboriginal and Torres Strait Islander people,Males,Very remote,,ABS (unpublished) Causes of Death Australia,no.,,,,,,,,,,100
CtG14A.10,2015-2019,Mortality due to suicide,37,Males,Aboriginal and Torres Strait Islander people,Very remote,Suicide deaths,five-year aggregate,Number,,,Aboriginal and Torres Strait Islander people,Males,Very remote,,ABS (unpublished) Causes of Death Australia,no.,,,,,,,,,,100
CtG14A.10,2015-2019,Mortality due to suicide,93,Males,Aboriginal and Torres Strait Islander people,Very remote,Suicide deaths,five-year aggregate,Number,,,Aboriginal and Torres Strait Islander people,Males,Very remote,,ABS (unpublished) Causes of Death Australia,no.,,,,,,,,,,100
CtG14A.10,2015-2019,Mortality due to suicide,53,Females,Aboriginal and Torres Strait Islander people,Very remote,Suicide deaths,five-year aggregate,Number,,,Aboriginal and Torres Strait Islander people,Females,Very remote,,ABS (unpublished) Causes of Death Australia,no.,,,,,,,,,,49
CtG14A.10,2015-2019,Mortality due to suicide,41,Females,Aboriginal and Torres Strait Islander people,Very remote,Suicide deaths,five-year aggregate,Number,,,Aboriginal and Torres Strait Islander people,Females,Very remote,,ABS (unpublished) Causes of Death Australia,no.,,,,,,,,,,49
CtG14A.10,2015-2019,Mortality due to suicide,80,Females,Aboriginal and Torres Strait Islander people,Very remote,Suicide deaths,five-year aggregate,Number,,,Aboriginal and Torres Strait Islander people,Females,Very remote,,ABS (unpublished) Causes of Death Australia,no.,,,,,,,,,,49
CtG14A.10,2015-2019,Mortality due to suicide,75,Females,Aboriginal and Torres Strait Islander people,Very remote,Suicide deaths,five-year aggregate,Number,,,Aboriginal and Torres Strait Islander people,Females,Very remote,,ABS (unpublished) Causes of Death Australia,no.,,,,,,,,,,49
CtG14A.10,2015-2019,Mortality due to suicide,9,Females,Aboriginal and Torres Strait Islander people,Very remote,Suicide deaths,five-year aggregate,Number,,,Aboriginal and Torres Strait Islander people,Females,Very remote,,ABS (unpublished) Causes of Death Australia,no.,,,,,,,,,,49
CtG14A.10,2014-2018,Mortality due to suicide,79,Males,Aboriginal and Torres Strait Islander people,Major cities,Suicide deaths,five-year aggregate,Number,,,Aboriginal and Torres Strait Islander people,Males,Major cities,,ABS (unpublished) Causes of Death Australia,no.,,,,,,,,,,201
CtG14A.10,2014-2018,Mortality due to suicide,42,Males,Aboriginal and Torres Strait Islander people,Major cities,Suicide deaths,five-year aggregate,Number,,,Aboriginal and Torres Strait Islander people,Males,Major cities,,ABS (unpublished) Causes of Death Australia,no.,,,,,,,,,,201
CtG14A.10,2014-2018,Mortality due to suicide,48,Males,Aboriginal and Torres Strait Islander people,Major cities,Suicide deaths,five-year aggregate,Number,,,Aboriginal and Torres Strait Islander people,Males,Major cities,,ABS (unpublished) Causes of Death Australia,no.,,,,,,,,,,201
CtG14A.10,2014-2018,Mortality due to suicide,44,Males,Aboriginal and Torres Strait Islander people,Major cities,Suicide deaths,five-year aggregate,Number,,,Aboriginal and Torres Strait Islander people,Males,Major cities,,ABS (unpublished) Causes of Death Australia,no.,,,,,,,,,,201
CtG14A.10,2014-2018,Mortality due to suicide,98,Males,Aboriginal and Torres Strait Islander people,Major cities,Suicide deaths,five-year aggregate,Number,,,Aboriginal and Torres Strait Islander people,Males,Major cities,,ABS (unpublished) Causes of Death Australia,no.,,,,,,,,,,201
CtG14A.10,2014-2018,Mortality due to suicide,67,Females,Aboriginal and Torres Strait Islander people,Major cities,Suicide deaths,five-year aggregate,Number,,,Aboriginal and Torres Strait Islander people,Females,Major cities,,ABS (unpublished) Causes of Death Australia,no.,,,,,,,,,,77
CtG14A.10,2014-2018,Mortality due to suicide,69,Females,Aboriginal and Torres Strait Islander people,Major cities,Suicide deaths,five-year aggregate,Number,,,Aboriginal and Torres Strait Islander people,Females,Major cities,,ABS (unpublished) Causes of Death Australia,no.,,,,,,,,,,77
CtG14A.10,2014-2018,Mortality due to suicide,20,Females,Aboriginal and Torres Strait Islander people,Major cities,Suicide deaths,five-year aggregate,Number,,,Aboriginal and Torres Strait Islander people,Females,Major cities,,ABS (unpublished) Causes of Death Australia,no.,,,,,,,,,,77
CtG14A.10,2014-2018,Mortality due to suicide,90,Females,Aboriginal and Torres Strait Islander people,Major cities,Suicide deaths,five-year aggregate,Number,,,Aboriginal and Torres Strait Islander people,Females,Major cities,,ABS (unpublished) Causes of Death Australia,no.,,,,,,,,,,77
CtG14A.10,2014-2018,Mortality due to suicide,15,Females,Aboriginal and Torres Strait Islander people,Major cities,Suicide deaths,five-year aggregate,Number,,,Aboriginal and Torres Strait Islander people,Females,Major cities,,ABS (unpublished) Causes of Death Australia,no.,,,,,,,,,,77
CtG14A.10,2014-2018,Mortality due to suicide,79,Males,Aboriginal and Torres Strait Islander people,Inner regional,Suicide deaths,five-year aggregate,Number,,,Aboriginal and Torres Strait Islander people,Males,Inner regional,,ABS (unpublished) Causes of Death Australia,no.,,,,,,,,,,121
CtG14A.10,2014-2018,Mortality due to suicide,37,Males,Aboriginal and Torres Strait Islander people,Inner regional,Suicide deaths,five-year aggregate,Number,,,Aboriginal and Torres Strait Islander people,Males,Inner regional,,ABS (unpublished) Causes of Death Australia,no.,,,,,,,,,,121
CtG14A.10,2014-2018,Mortality due to suicide,54,Males,Aboriginal and Torres Strait Islander people,Inner regional,Suicide deaths,five-year aggregate,Number,,,Aboriginal and Torres Strait Islander people,Males,Inner regional,,ABS (unpublished) Causes of Death Australia,no.,,,,,,,,,,121
CtG14A.10,2014-2018,Mortality due to suicide,95,Males,Aboriginal and Torres Strait Islander people,Inner regional,Suicide deaths,five-year aggregate,Number,,,Aboriginal and Torres Strait Islander people,Males,Inner regional,,ABS (unpublished) Causes of Death Australia,no.,,,,,,,,,,121
CtG14A.10,2014-2018,Mortality due to suicide,56,Males,Aboriginal and Torres Strait Islander people,Inner regional,Suicide deaths,five-year aggregate,Number,,,Aboriginal and Torres Strait Islander people,Males,Inner regional,,ABS (unpublished) Causes of Death Australia,no.,,,,,,,,,,121
CtG14A.10,2014-2018,Mortality due to suicide,47,Females,Aboriginal and Torres Strait Islander people,Inner regional,Suicide deaths,five-year aggregate,Number,,,Aboriginal and Torres Strait Islander people,Females,Inner regional,,ABS (unpublished) Causes of Death Australia,no.,,,,,,,,,,29
CtG14A.10,2014-2018,Mortality due to suicide,80,Females,Aboriginal and Torres Strait Islander people,Inner regional,Suicide deaths,five-year aggregate,Number,,,Aboriginal and Torres Strait Islander people,Females,Inner regional,,ABS (unpublished) Causes of Death Australia,no.,,,,,,,,,,29
CtG14A.10,2014-2018,Mortality due to suicide,73,Females,Aboriginal and Torres Strait Islander people,Inner regional,Suicide deaths,five-year aggregate,Number,,,Aboriginal and Torres Strait Islander people,Females,Inner regional,,ABS (unpublished) Causes of Death Australia,no.,,,,,,,,,,29
CtG14A.10,2014-2018,Mortality due to suicide,84,Females,Aboriginal and Torres Strait Islander people,Inner regional,Suicide deaths,five-year aggregate,Number,,,Aboriginal and Torres Strait Islander people,Females,Inner regional,,ABS (unpublished) Causes of Death Australia,no.,,,,,,,,,,29
CtG14A.10,2014-2018,Mortality due to suicide,74,Females,Aboriginal and Torres Strait Islander people,Inner regional,Suicide deaths,five-year aggregate,Number,,,Aboriginal and Torres Strait Islander people,Females,Inner regional,,ABS (unpublished) Causes of Death Australia,no.,,,,,,,,,,29
CtG14A.10,2014-2018,Mortality due to suicide,31,Males,Aboriginal and Torres Strait Islander people,Outer regional,Suicide deaths,five-year aggregate,Number,,,Aboriginal and Torres Strait Islander people,Males,Outer regional,,ABS (unpublished) Causes of Death Australia,no.,,,,,,,,,,130
CtG14A.10,2014-2018,Mortality due to suicide,38,Males,Aboriginal and Torres Strait Islander people,Outer regional,Suicide deaths,five-year aggregate,Number,,,Aboriginal and Torres Strait Islander people,Males,Outer regional,,ABS (unpublished) Causes of Death Australia,no.,,,,,,,,,,130
CtG14A.10,2014-2018,Mortality due to suicide,62,Males,Aboriginal and Torres Strait Islander people,Outer regional,Suicide deaths,five-year aggregate,Number,,,Aboriginal and Torres Strait Islander people,Males,Outer regional,,ABS (unpublished) Causes of Death Australia,no.,,,,,,,,,,130
CtG14A.10,2014-2018,Mortality due to suicide,95,Males,Aboriginal and Torres Strait Islander people,Outer regional,Suicide deaths,five-year aggregate,Number,,,Aboriginal and Torres Strait Islander people,Males,Outer regional,,ABS (unpublished) Causes of Death Australia,no.,,,,,,,,,,130
CtG14A.10,2014-2018,Mortality due to suicide,55,Males,Aboriginal and Torres Strait Islander people,Outer regional,Suicide deaths,five-year aggregate,Number,,,Aboriginal and Torres Strait Islander people,Males,Outer regional,,ABS (unpublished) Causes of Death Australia,no.,,,,,,,,,,130
CtG14A.10,2014-2018,Mortality due to suicide,51,Females,Aboriginal and Torres Strait Islander people,Outer regional,Suicide deaths,five-year aggregate,Number,,,Aboriginal and Torres Strait Islander people,Females,Outer regional,,ABS (unpublished) Causes of Death Australia,no.,,,,,,,,,,49
CtG14A.10,2014-2018,Mortality due to suicide,31,Females,Aboriginal and Torres Strait Islander people,Outer regional,Suicide deaths,five-year aggregate,Number,,,Aboriginal and Torres Strait Islander people,Females,Outer regional,,ABS (unpublished) Causes of Death Australia,no.,,,,,,,,,,49
CtG14A.10,2014-2018,Mortality due to suicide,42,Females,Aboriginal and Torres Strait Islander people,Outer regional,Suicide deaths,five-year aggregate,Number,,,Aboriginal and Torres Strait Islander people,Females,Outer regional,,ABS (unpublished) Causes of Death Australia,no.,,,,,,,,,,49
CtG14A.10,2014-2018,Mortality due to suicide,5,Females,Aboriginal and Torres Strait Islander people,Outer regional,Suicide deaths,five-year aggregate,Number,,,Aboriginal and Torres Strait Islander people,Females,Outer regional,,ABS (unpublished) Causes of Death Australia,no.,,,,,,,,,,49
CtG14A.10,2014-2018,Mortality due to suicide,51,Females,Aboriginal and Torres Strait Islander people,Outer regional,Suicide deaths,five-year aggregate,Number,,,Aboriginal and Torres Strait Islander people,Females,Outer regional,,ABS (unpublished) Causes of Death Australia,no.,,,,,,,,,,49
CtG14A.10,2014-2018,Mortality due to suicide,74,Males,Aboriginal and Torres Strait Islander people,Remote,Suicide deaths,five-year aggregate,Number,,,Aboriginal and Torres Strait Islander people,Males,Remote,,ABS (unpublished) Causes of Death Australia,no.,,,,,,,,,,60
CtG14A.10,2014-2018,Mortality due to suicide,37,Males,Aboriginal and Torres Strait Islander people,Remote,Suicide deaths,five-year aggregate,Number,,,Aboriginal and Torres Strait Islander people,Males,Remote,,ABS (unpublished) Causes of Death Australia,no.,,,,,,,,,,60
CtG14A.10,2014-2018,Mortality due to suicide,6,Males,Aboriginal and Torres Strait Islander people,Remote,Suicide deaths,five-year aggregate,Number,,,Aboriginal and Torres Strait Islander people,Males,Remote,,ABS (unpublished) Causes of Death Australia,no.,,,,,,,,,,60
CtG14A.10,2014-2018,Mortality due to suicide,69,Males,Aboriginal and Torres Strait Islander people,Remote,Suicide deaths,five-year aggregate,Number,,,Aboriginal and Torres Strait Islander people,Males,Remote,,ABS (unpublished) Causes of Death Australia,no.,,,,,,,,,,60
CtG14A.10,2014-2018,Mortality due to suicide,31,Males,Aboriginal and Torres Strait Islander people,Remote,Suicide deaths,five-year aggregate,Number,,,Aboriginal and Torres Strait Islander people,Males,Remote,,ABS (unpublished) Causes of Death Australia,no.,,,,,,,,,,60
CtG14A.10,2014-2018,Mortality due to suicide,28,Females,Aboriginal and Torres Strait Islander people,Remote,Suicide deaths,five-year aggregate,Number,,,Aboriginal and Torres Strait Islander people,Females,Remote,,ABS (unpublished) Causes of Death Australia,no.,,,,,,,,,,17
CtG14A.10,2014-2018,Mortality due to suicide,3,Females,Aboriginal and Torres Strait Islander people,Remote,Suicide deaths,five-year aggregate,Number,,,Aboriginal and Torres Strait Islander people,Females,Remote,,ABS (unpublished) Causes of Death Australia,no.,,,,,,,,,,17
CtG14A.10,2014-2018,Mortality due to suicide,45,Females,Aboriginal and Torres Strait Islander people,Remote,Suicide deaths,five-year aggregate,Number,,,Aboriginal and Torres Strait Islander people,Females,Remote,,ABS (unpublished) Causes of Death Australia,no.,,,,,,,,,,17
CtG14A.10,2014-2018,Mortality due to suicide,71,Females,Aboriginal and Torres Strait Islander people,Remote,Suicide deaths,five-year aggregate,Number,,,Aboriginal and Torres Strait Islander people,Females,Remote,,ABS (unpublished) Causes of Death Australia,no.,,,,,,,,,,17
CtG14A.10,2014-2018,Mortality due to suicide,87,Females,Aboriginal and Torres Strait Islander people,Remote,Suicide deaths,five-year aggregate,Number,,,Aboriginal and Torres Strait Islander people,Females,Remote,,ABS (unpublished) Causes of Death Australia,no.,,,,,,,,,,17
CtG14A.10,2014-2018,Mortality due to suicide,86,Males,Aboriginal and Torres Strait Islander people,Very remote,Suicide deaths,five-year aggregate,Number,,,Aboriginal and Torres Strait Islander people,Males,Very remote,,ABS (unpublished) Causes of Death Australia,no.,,,,,,,,,,100
CtG14A.10,2014-2018,Mortality due to suicide,35,Males,Aboriginal and Torres Strait Islander people,Very remote,Suicide deaths,five-year aggregate,Number,,,Aboriginal and Torres Strait Islander people,Males,Very remote,,ABS (unpublished) Causes of Death Australia,no.,,,,,,,,,,100
CtG14A.10,2014-2018,Mortality due to suicide,30,Males,Aboriginal and Torres Strait Islander people,Very remote,Suicide deaths,five-year aggregate,Number,,,Aboriginal and Torres Strait Islander people,Males,Very remote,,ABS (unpublished) Causes of Death Australia,no.,,,,,,,,,,100
CtG14A.10,2014-2018,Mortality due to suicide,73,Males,Aboriginal and Torres Strait Islander people,Very remote,Suicide deaths,five-year aggregate,Number,,,Aboriginal and Torres Strait Islander people,Males,Very remote,,ABS (unpublished) Causes of Death Australia,no.,,,,,,,,,,100
CtG14A.10,2014-2018,Mortality due to suicide,35,Males,Aboriginal and Torres Strait Islander people,Very remote,Suicide deaths,five-year aggregate,Number,,,Aboriginal and Torres Strait Islander people,Males,Very remote,,ABS (unpublished) Causes of Death Australia,no.,,,,,,,,,,100
CtG14A.10,2014-2018,Mortality due to suicide,67,Females,Aboriginal and Torres Strait Islander people,Very remote,Suicide deaths,five-year aggregate,Number,,,Aboriginal and Torres Strait Islander people,Females,Very remote,,ABS (unpublished) Causes of Death Australia,no.,,,,,,,,,,53
CtG14A.10,2014-2018,Mortality due to suicide,84,Females,Aboriginal and Torres Strait Islander people,Very remote,Suicide deaths,five-year aggregate,Number,,,Aboriginal and Torres Strait Islander people,Females,Very remote,,ABS (unpublished) Causes of Death Australia,no.,,,,,,,,,,53
CtG14A.10,2014-2018,Mortality due to suicide,54,Females,Aboriginal and Torres Strait Islander people,Very remote,Suicide deaths,five-year aggregate,Number,,,Aboriginal and Torres Strait Islander people,Females,Very remote,,ABS (unpublished) Causes of Death Australia,no.,,,,,,,,,,53
CtG14A.10,2014-2018,Mortality due to suicide,4,Females,Aboriginal and Torres Strait Islander people,Very remote,Suicide deaths,five-year aggregate,Number,,,Aboriginal and Torres Strait Islander people,Females,Very remote,,ABS (unpublished) Causes of Death Australia,no.,,,,,,,,,,53
CtG14A.10,2014-2018,Mortality due to suicide,38,Females,Aboriginal and Torres Strait Islander people,Very remote,Suicide deaths,five-year aggregate,Number,,,Aboriginal and Torres Strait Islander people,Females,Very remote,,ABS (unpublished) Causes of Death Australia,no.,,,,,,,,,,53
CtG14A.5,2014-2018,Mortality due to suicide,5,All people,Aboriginal and Torres Strait Islander people,All areas,Suicide deaths,five-year aggregate,Number,,,Aboriginal and Torres Strait Islander people,All people,5-17 years old,,ABS (unpublished) Causes of Death Australia,no.,17,2,21,24,3,3,0,20,np,
CtG14A.6,2015-2019,Mortality due to suicide,25,Males,Non-Indigenous people,All areas,Suicide deaths,five-year aggregate,Rate per 100000 people,,,Non-Indigenous people,Males,25-34 years old,,ABS (unpublished) Causes of Death Australia,rate,,,,,,,,,24.1,
CtG14A.6,2016-2020,Mortality due to suicide,5,Females,Aboriginal and Torres Strait Islander people,All areas,Suicide deaths,five-year aggregate,Rate per 100000 people,,,Aboriginal and Torres Strait Islander people,Females,5-17 years old,,ABS (unpublished) Causes of Death Australia,rate,,,,,,,,,8.4,
CtG14A.6,2017-2021,Mortality due to suicide,45,Males,Non-Indigenous people,All areas,Suicide deaths,five-year aggregate,Rate per 100000 people,,,Non-Indigenous people,Males,45+ years old,,ABS (unpublished) Causes of Death Australia,rate,,,,,,,,,24.7,
CtG14A.8,2018-2022,Mortality due to suicide,76,All people,Aboriginal and Torres Strait Islander people,Inner and outer regional,Suicide deaths,five-year aggregate,Number,,,Aboriginal and Torres Strait Islander people,,Inner and outer regional,,ABS (unpublished) Causes of Death Australia,no.,140,40,173,34,11,14,0,32,,
CtG14A.10,2015-2019,Mortality due to suicide,89,Males,Aboriginal and Torres Strait Islander people,Inner regional,Suicide deaths,five-year aggregate,Number,,,Aboriginal and Torres Strait Islander people,Males,Inner regional,,ABS (unpublished) Causes of Death Australia,no.,,,,,,,,,,130
CtG14A.4,2015-2019,Mortality due to suicide,27,Females,Non-Indigenous people,All areas,Suicide deaths,five-year aggregate,Rate per 100000 people,,,Non-Indigenous people,Females,,,ABS (unpublished) Causes of Death Australia,rate (AS),5,np,6.9,7.2,6.4,np,np,8.4,6,
CtG14A.6,2016-2020,Mortality due to suicide,37,Females,Non-Indigenous people,All areas,Suicide deaths,five-year aggregate,Rate per 100000 people,,,Non-Indigenous people,Females,All ages,,ABS (unpublished) Causes of Death Australia,rate,,,,,,,,,6,
CtG14A.2,2010-2014,Mortality due to suicide,81,All people,Aboriginal and Torres Strait Islander people,All areas,Suicide deaths,five-year aggregate,Number,,,Aboriginal and Torres Strait Islander people,All people,,,ABS (unpublished) Causes of Death Australia,no.,108,31,195,179,43,3,1,126,651,
CtG14A.7,2018-2022,Mortality due to suicide,86,All people,Aboriginal and Torres Strait Islander people,Major cities,Suicide deaths,five-year aggregate,Rate per 100000 people,,,Aboriginal and Torres Strait Islander people,,Major cities,,ABS (unpublished) Causes of Death Australia,rate (AS),,,,,,,,,,25.5
CtG14A.10,2016-2020,Mortality due to suicide,66,Females,Aboriginal and Torres Strait Islander people,Outer regional,Suicide deaths,five-year aggregate,Number,,,Aboriginal and Torres Strait Islander people,Females,Outer regional,,ABS (unpublished) Causes of Death Australia,no.,,,,,,,,,,55
CtG14A.3,2013,Mortality due to suicide,30,Females,Aboriginal and Torres Strait Islander people,All areas,Suicide deaths,,Rate per 100000 people,,,Aboriginal and Torres Strait Islander people,Females,,,ABS (unpublished) Causes of Death Australia,rate (AS),,,,,,,,,12.1,
CtG14A.8,2015-2019,Mortality due to suicide,76,All people,Aboriginal and Torres Strait Islander people,Inner and outer regional,Suicide deaths,five-year aggregate,Number,,,Aboriginal and Torres Strait Islander people,,Inner and outer regional,,ABS (unpublished) Causes of Death Australia,no.,127,26,150,26,11,7,0,18,,
CtG14A.5,2015-2019,Mortality due to suicide,25,All people,Non-Indigenous people,All areas,Suicide deaths,five-year aggregate,Rate per 100000 people,,,Non-Indigenous people,All people,25-34 years old,,ABS (unpublished) Causes of Death Australia,rate,12.5,np,18.1,18.3,17.6,np,np,12.9,15.4,
CtG14A.7,2017-2021,Mortality due to suicide,71,All people,Aboriginal and Torres Strait Islander people,Major cities,Suicide deaths,five-year aggregate,Rate per 100000 people,,,Aboriginal and Torres Strait Islander people,,Major cities,,ABS (unpublished) Causes of Death Australia,rate (AS),,,,,,,,,,23.1
CtG14A.6,2016-2020,Mortality due to suicide,45,Males,Non-Indigenous people,All areas,Suicide deaths,five-year aggregate,Rate per 100000 people,,,Non-Indigenous people,Males,45+ years old,,ABS (unpublished) Causes of Death Australia,rate,,,,,,,,,24.3,
CtG14A.6,2018-2022,Mortality due to suicide,35,Males,Non-Indigenous people,All areas,Suicide deaths,five-year aggregate,Rate per 100000 people,,,Non-Indigenous people,Males,35-44 years old,,ABS (unpublished) Causes of Death Australia,rate,,,,,,,,,25.4,
CtG14A.6,2016-2020,Mortality due to suicide,35,Males,Aboriginal and Torres Strait Islander people,All areas,Suicide deaths,five-year aggregate,Rate per 100000 people,,,Aboriginal and Torres Strait Islander people,Males,35-44 years old,,ABS (unpublished) Causes of Death Australia,rate,,,,,,,,,75.1,
CtG14A.4,2015-2019,Mortality due to suicide,71,Males,Non-Indigenous people,All areas,Suicide deaths,five-year aggregate,Rate per 100000 people,,,Non-Indigenous people,Males,,,ABS (unpublished) Causes of Death Australia,rate (AS),16.7,np,23.4,20.3,19.2,np,np,22.8,19.4,
CtG14A.1,2024,Mortality due to suicide,31,All people,Aboriginal and Torres Strait Islander people,All areas,Suicide deaths,,Rate per 100000 people,Trajectory,75% reduction,Aboriginal and Torres Strait Islander people,All people,,,Derived from ABS (unpublished) Causes of Death Australia,rate (AS),,,,,,,,,16.4,
CtG14A.5,2015-2019,Mortality due to suicide,35,All people,Aboriginal and Torres Strait Islander people,All areas,Suicide deaths,five-year aggregate,Rate per 100000 people,,,Aboriginal and Torres Strait Islander people,All people,35-44 years old,,ABS (unpublished) Causes of Death Australia,rate,32.9,np,46.5,54.8,54.3,np,np,31.9,41.5,
CtG14A.4,2015-2019,Mortality due to suicide,99,Females,Aboriginal and Torres Strait Islander people,All areas,Suicide deaths,five-year aggregate,Number,,,Aboriginal and Torres Strait Islander people,Females,,,ABS (unpublished) Causes of Death Australia,no.,53,15,73,57,15,1,3,29,np,
CtG14A.6,2017-2021,Mortality due to suicide,45,Males,Aboriginal and Torres Strait Islander people,All areas,Suicide deaths,five-year aggregate,Rate per 100000 people,,,Aboriginal and Torres Strait Islander people,Males,45+ years old,,ABS (unpublished) Causes of Death Australia,rate,,,,,,,,,28.5,
CtG14A.10,2018-2022,Mortality due to suicide,85,Males,Aboriginal and Torres Strait Islander people,Very remote,Suicide deaths,five-year aggregate,Number,,,Aboriginal and Torres Strait Islander people,Males,Very remote,,ABS (unpublished) Causes of Death Australia,no.,,,,,,,,,,92
CtG14A.6,2018-2022,Mortality due to suicide,45,Males,Non-Indigenous people,All areas,Suicide deaths,five-year aggregate,Rate per 100000 people,,,Non-Indigenous people,Males,45+ years old,,ABS (unpublished) Causes of Death Australia,rate,,,,,,,,,24.7,
CtG14A.9,2017-2021,Mortality due to suicide,86,Females,Non-Indigenous people,Inner and outer regional,Suicide deaths,five-year aggregate,Rate per 100000 people,,,Non-Indigenous people,Females,Inner and outer regional,,ABS (unpublished) Causes of Death Australia,rate (AS),,,,,,,,,,6.5
CtG14A.2,2017-2021,Mortality due to suicide,47,All people,Aboriginal and Torres Strait Islander people,All areas,Suicide deaths,five-year aggregate,Number,,,Aboriginal and Torres Strait Islander people,All people,,,ABS Causes of Death Australia,no.,252,68,318,179,51,10,11,129,929,
CtG14A.5,2018-2022,Mortality due to suicide,18,All people,Aboriginal and Torres Strait Islander people,All areas,Suicide deaths,five-year aggregate,Number,,,Aboriginal and Torres Strait Islander people,All people,18-24 years old,,ABS (unpublished) Causes of Death Australia,no.,46,14,97,35,16,2,3,45,np,
CtG14A.9,2015-2019,Mortality due to suicide,48,Males,Non-Indigenous people,Major cities,Suicide deaths,five-year aggregate,Rate per 100000 people,,,Non-Indigenous people,Males,Major cities,,ABS (unpublished) Causes of Death Australia,rate (AS),,,,,,,,,,16
CtG14A.6,2015-2019,Mortality due to suicide,18,Females,Aboriginal and Torres Strait Islander people,All areas,Suicide deaths,five-year aggregate,Rate per 100000 people,,,Aboriginal and Torres Strait Islander people,Females,18-24 years old,,ABS (unpublished) Causes of Death Australia,rate,,,,,,,,,28,
CtG14A.7,2017-2021,Mortality due to suicide,6,All people,Non-Indigenous people,Inner and outer regional,Suicide deaths,five-year aggregate,Rate per 100000 people,,,Non-Indigenous people,,Inner and outer regional,,ABS (unpublished) Causes of Death Australia,rate (AS),,,,,,,,,,16
CtG14A.5,2017-2021,Mortality due to suicide,25,All people,Aboriginal and Torres Strait Islander people,All areas,Suicide deaths,five-year aggregate,Number,,,Aboriginal and Torres Strait Islander people,All people,25-34 years old,,ABS (unpublished) Causes of Death Australia,no.,67,24,80,72,12,5,1,35,np,
CtG14A.10,2017-2021,Mortality due to suicide,57,Males,Aboriginal and Torres Strait Islander people,Inner regional,Suicide deaths,five-year aggregate,Number,,,Aboriginal and Torres Strait Islander people,Males,Inner regional,,ABS (unpublished) Causes of Death Australia,no.,,,,,,,,,,161
CtG14A.10,2014-2018,Mortality due to suicide,78,Females,Aboriginal and Torres Strait Islander people,Major cities,Suicide deaths,five-year aggregate,Number,,,Aboriginal and Torres Strait Islander people,Females,Major cities,,ABS (unpublished) Causes of Death Australia,no.,,,,,,,,,,77
CtG14A.6,2015-2019,Mortality due to suicide,25,Females,Non-Indigenous people,All areas,Suicide deaths,five-year aggregate,Rate per 100000 people,,,Non-Indigenous people,Females,25-34 years old,,ABS (unpublished) Causes of Death Australia,rate,,,,,,,,,6.7,
CtG14A.5,2017-2021,Mortality due to suicide,35,All people,Aboriginal and Torres Strait Islander people,All areas,Suicide deaths,five-year aggregate,Rate per 100000 people,,,Aboriginal and Torres Strait Islander people,All people,35-44 years old,,ABS (unpublished) Causes of Death Australia,rate,40.1,np,51.6,62.8,57.7,np,np,37,47.7,
CtG14A.10,2017-2021,Mortality due to suicide,19,Males,Aboriginal and Torres Strait Islander people,Major cities,Suicide deaths,five-year aggregate,Number,,,Aboriginal and Torres Strait Islander people,Males,Major cities,,ABS (unpublished) Causes of Death Australia,no.,,,,,,,,,,241
CtG14A.2,2014-2018,Mortality due to suicide,21,All people,Aboriginal and Torres Strait Islander people,All areas,Suicide deaths,five-year aggregate,Rate per 100000 people,,,Aboriginal and Torres Strait Islander people,All people,,,ABS (unpublished) Causes of Death Australia,rate (AS),17.5,np,24.2,38.2,21.2,np,np,25.9,23.9,
CtG14A.10,2018-2022,Mortality due to suicide,21,Males,Aboriginal and Torres Strait Islander people,Remote,Suicide deaths,five-year aggregate,Number,,,Aboriginal and Torres Strait Islander people,Males,Remote,,ABS (unpublished) Causes of Death Australia,no.,,,,,,,,,,77
CtG14A.6,2014-2018,Mortality due to suicide,5,Males,Aboriginal and Torres Strait Islander people,All areas,Suicide deaths,five-year aggregate,Rate per 100000 people,,,Aboriginal and Torres Strait Islander people,Males,5-17 years old,,ABS (unpublished) Causes of Death Australia,rate,,,,,,,,,8.8,
CtG14A.10,2016-2020,Mortality due to suicide,21,Males,Aboriginal and Torres Strait Islander people,Remote,Suicide deaths,five-year aggregate,Number,,,Aboriginal and Torres Strait Islander people,Males,Remote,,ABS (unpublished) Causes of Death Australia,no.,,,,,,,,,,60
CtG14A.6,2014-2018,Mortality due to suicide,18,Females,Aboriginal and Torres Strait Islander people,All areas,Suicide deaths,five-year aggregate,Rate per 100000 people,,,Aboriginal and Torres Strait Islander people,Females,18-24 years old,,ABS (unpublished) Causes of Death Australia,rate,,,,,,,,,26.8,
CtG14A.6,2014-2018,Mortality due to suicide,89,Females,Non-Indigenous people,All areas,Suicide deaths,five-year aggregate,Rate per 100000 people,,,Non-Indigenous people,Females,All ages,,ABS (unpublished) Causes of Death Australia,rate,,,,,,,,,6.2,
CtG14A.5,2015-2019,Mortality due to suicide,35,All people,Non-Indigenous people,All areas,Suicide deaths,five-year aggregate,Rate per 100000 people,,,Non-Indigenous people,All people,35-44 years old,,ABS (unpublished) Causes of Death Australia,rate,15.2,np,23,19.5,18.2,np,np,16.4,18.4,
CtG14A.1,2021,Mortality due to suicide,94,All people,Aboriginal and Torres Strait Islander people,All areas,Suicide deaths,,Number,Actual,,Aboriginal and Torres Strait Islander people,All people,,,Derived from ABS (unpublished) Causes of Death Australia,no.,,,,,,,,,196,
CtG14A.10,2014-2018,Mortality due to suicide,37,Females,Aboriginal and Torres Strait Islander people,Very remote,Suicide deaths,five-year aggregate,Number,,,Aboriginal and Torres Strait Islander people,Females,Very remote,,ABS (unpublished) Causes of Death Australia,no.,,,,,,,,,,53
CtG14A.9,2014-2018,Mortality due to suicide,73,Females,Aboriginal and Torres Strait Islander people,Major cities,Suicide deaths,five-year aggregate,Rate per 100000 people,,,Aboriginal and Torres Strait Islander people,Females,Major cities,,ABS (unpublished) Causes of Death Australia,rate (AS),,,,,,,,,,10.9
CtG14A.7,2015-2019,Mortality due to suicide,79,All people,Aboriginal and Torres Strait Islander people,Inner and outer regional,Suicide deaths,five-year aggregate,Rate per 100000 people,,,Aboriginal and Torres Strait Islander people,,Inner and outer regional,,ABS (unpublished) Causes of Death Australia,rate (AS),,,,,,,,,,23.1
CtG14A.6,2017-2021,Mortality due to suicide,5,Females,Non-Indigenous people,All areas,Suicide deaths,five-year aggregate,Rate per 100000 people,,,Non-Indigenous people,Females,5-17 years old,,ABS (unpublished) Causes of Death Australia,rate,,,,,,,,,1.7,
CtG14A.6,2016-2020,Mortality due to suicide,5,Females,Aboriginal and Torres Strait Islander people,All areas,Suicide deaths,five-year aggregate,Rate per 100000 people,,,Aboriginal and Torres Strait Islander people,Females,5-17 years old,,ABS (unpublished) Causes of Death Australia,rate,,,,,,,,,8.4,
CtG14A.7,2018-2022,Mortality due to suicide,95,All people,Non-Indigenous people,Inner and outer regional,Suicide deaths,five-year aggregate,Rate per 100000 people,,,Non-Indigenous people,,Inner and outer regional,,ABS (unpublished) Causes of Death Australia,rate (AS),,,,,,,,,,15.7
CtG14A.5,2016-2020,Mortality due to suicide,45,All people,Non-Indigenous people,All areas,Suicide deaths,five-year aggregate,Rate per 100000 people,,,Non-Indigenous people,All people,45+ years old,,ABS (unpublished) Causes of Death Australia,rate,13.8,np,17.9,16.5,15.2,np,np,20.8,15.6,
CtG14A.7,2015-2019,Mortality due to suicide,33,All people,Non-Indigenous people,Major cities,Suicide deaths,five-year aggregate,Rate per 100000 people,,,Non-Indigenous people,,Major cities,,ABS (unpublished) Causes of Death Australia,rate (AS),,,,,,,,,,10.7
CtG14A.2,2018-2022,Mortality due to suicide,50,All people,Aboriginal and Torres Strait Islander people,All areas,Suicide deaths,five-year aggregate,Rate per 100000 people,,,Aboriginal and Torres Strait Islander people,All people,,,ABS Causes of Death Australia,rate (AS),22.8,np,28.1,38.1,23.9,np,np,31.6,27.6,
CtG14A.2,2016-2020,Mortality due to suicide,76,All people,Aboriginal and Torres Strait Islander people,All areas,Suicide deaths,five-year aggregate,Rate per 100000 people,,,Aboriginal and Torres Strait Islander people,All people,,,ABS Causes of Death Australia,rate (AS),19.8,np,28,33.3,20.9,np,np,29,25.6,
CtG14A.9,2014-2018,Mortality due to suicide,48,Males,Non-Indigenous people,Inner and outer regional,Suicide deaths,five-year aggregate,Rate per 100000 people,,,Non-Indigenous people,Males,Inner and outer regional,,ABS (unpublished) Causes of Death Australia,rate (AS),,,,,,,,,,25.2
CtG14A.6,2018-2022,Mortality due to suicide,10,Males,Non-Indigenous people,All areas,Suicide deaths,five-year aggregate,Rate per 100000 people,,,Non-Indigenous people,Males,All ages,,ABS (unpublished) Causes of Death Australia,rate,,,,,,,,,19.2,
CtG14A.5,2014-2018,Mortality due to suicide,18,All people,Aboriginal and Torres Strait Islander people,All areas,Suicide deaths,five-year aggregate,Rate per 100000 people,,,Aboriginal and Torres Strait Islander people,All people,18-24 years old,,ABS (unpublished) Causes of Death Australia,rate,22.7,np,61.1,75.2,21.3,np,np,61,46,
CtG14A.4,2015-2019,Mortality due to suicide,90,Females,Aboriginal and Torres Strait Islander people,All areas,Suicide deaths,five-year aggregate,Rate per 100000 people,,,Aboriginal and Torres Strait Islander people,Females,,,ABS (unpublished) Causes of Death Australia,rate (AS),8.7,np,12.1,20.6,np,np,np,13.4,12.4,
CtG14A.6,2015-2019,Mortality due to suicide,18,Males,Non-Indigenous people,All areas,Suicide deaths,five-year aggregate,Rate per 100000 people,,,Non-Indigenous people,Males,18-24 years old,,ABS (unpublished) Causes of Death Australia,rate,,,,,,,,,21,
CtG14A.6,2017-2021,Mortality due to suicide,5,Males,Non-Indigenous people,All areas,Suicide deaths,five-year aggregate,Rate per 100000 people,,,Non-Indigenous people,Males,5-17 years old,,ABS (unpublished) Causes of Death Australia,rate,,,,,,,,,2.9,
CtG14A.2,2009-2013,Mortality due to suicide,77,All people,Aboriginal and Torres Strait Islander people,All areas,Suicide deaths,five-year aggregate,Rate per 100000 people,,,Aboriginal and Torres Strait Islander people,All people,,,ABS (unpublished) Causes of Death Australia,rate (AS),11,np,20.7,34.4,20.4,np,np,29.1,20.2,
CtG14A.5,2014-2018,Mortality due to suicide,45,All people,Aboriginal and Torres Strait Islander people,All areas,Suicide deaths,five-year aggregate,Number,,,Aboriginal and Torres Strait Islander people,All people,45+ years old,,ABS (unpublished) Causes of Death Australia,no.,47,6,30,18,7,1,0,10,np,
CtG14A.6,2017-2021,Mortality due to suicide,35,Males,Non-Indigenous people,All areas,Suicide deaths,five-year aggregate,Rate per 100000 people,,,Non-Indigenous people,Males,35-44 years old,,ABS (unpublished) Causes of Death Australia,rate,,,,,,,,,26.4,
CtG14A.5,2015-2019,Mortality due to suicide,18,All people,Aboriginal and Torres Strait Islander people,All areas,Suicide deaths,five-year aggregate,Number,,,Aboriginal and Torres Strait Islander people,All people,18-24 years old,,ABS (unpublished) Causes of Death Australia,no.,43,10,101,41,9,0,5,36,np,
CtG14A.5,2015-2019,Mortality due to suicide,18,All people,Non-Indigenous people,All areas,Suicide deaths,five-year aggregate,Rate per 100000 people,,,Non-Indigenous people,All people,18-24 years old,,ABS (unpublished) Causes of Death Australia,rate,11.8,np,17.2,13.5,13.1,np,np,25.7,13.8,
CtG14A.10,2014-2018,Mortality due to suicide,89,Females,Aboriginal and Torres Strait Islander people,Outer regional,Suicide deaths,five-year aggregate,Number,,,Aboriginal and Torres Strait Islander people,Females,Outer regional,,ABS (unpublished) Causes of Death Australia,no.,,,,,,,,,,49
CtG14A.4,2018-2022,Mortality due to suicide,22,Males,Aboriginal and Torres Strait Islander people,All areas,Suicide deaths,five-year aggregate,Number,,,Aboriginal and Torres Strait Islander people,Males,,,ABS (unpublished) Causes of Death Australia,no.,206,57,234,144,36,11,7,91,np,
CtG14A.4,2014-2018,Mortality due to suicide,72,Females,Non-Indigenous people,All areas,Suicide deaths,five-year aggregate,Rate per 100000 people,,,Non-Indigenous people,Females,,,ABS (unpublished) Causes of Death Australia,rate (AS),5.1,np,6.7,6.9,6.6,np,np,8.5,6,
CtG14A.6,2016-2020,Mortality due to suicide,25,Females,Non-Indigenous people,All areas,Suicide deaths,five-year aggregate,Rate per 100000 people,,,Non-Indigenous people,Females,25-34 years old,,ABS (unpublished) Causes of Death Australia,rate,,,,,,,,,6.9,
CtG14A.10,2017-2021,Mortality due to suicide,88,Females,Aboriginal and Torres Strait Islander people,Major cities,Suicide deaths,five-year aggregate,Number,,,Aboriginal and Torres Strait Islander people,Females,Major cities,,ABS (unpublished) Causes of Death Australia,no.,,,,,,,,,,96
CtG14A.1,2013,Mortality due to suicide,19,All people,Aboriginal and Torres Strait Islander people,All areas,Suicide deaths,,Number,Actual,,Aboriginal and Torres Strait Islander people,All people,,,Derived from ABS (unpublished) Causes of Death Australia,no.,,,,,,,,,140,
CtG14A.6,2014-2018,Mortality due to suicide,5,Females,Aboriginal and Torres Strait Islander people,All areas,Suicide deaths,five-year aggregate,Rate per 100000 people,,,Aboriginal and Torres Strait Islander people,Females,5-17 years old,,ABS (unpublished) Causes of Death Australia,rate,,,,,,,,,7.8,
CtG14A.6,2016-2020,Mortality due to suicide,18,Males,Non-Indigenous people,All areas,Suicide deaths,five-year aggregate,Rate per 100000 people,,,Non-Indigenous people,Males,18-24 years old,,ABS (unpublished) Causes of Death Australia,rate,,,,,,,,,21.4,
CtG14A.10,2018-2022,Mortality due to suicide,58,Males,Aboriginal and Torres Strait Islander people,Outer regional,Suicide deaths,five-year aggregate,Number,,,Aboriginal and Torres Strait Islander people,Males,Outer regional,,ABS (unpublished) Causes of Death Australia,no.,,,,,,,,,,160
CtG14A.7,2018-2022,Mortality due to suicide,52,All people,Aboriginal and Torres Strait Islander people,Inner and outer regional,Suicide deaths,five-year aggregate,Rate per 100000 people,,,Aboriginal and Torres Strait Islander people,,Inner and outer regional,,ABS (unpublished) Causes of Death Australia,rate (AS),,,,,,,,,,26.5
CtG14A.6,2016-2020,Mortality due to suicide,25,Males,Aboriginal and Torres Strait Islander people,All areas,Suicide deaths,five-year aggregate,Rate per 100000 people,,,Aboriginal and Torres Strait Islander people,Males,25-34 years old,,ABS (unpublished) Causes of Death Australia,rate,,,,,,,,,70.6,
CtG14A.7,2017-2021,Mortality due to suicide,94,All people,Aboriginal and Torres Strait Islander people,Inner and outer regional,Suicide deaths,five-year aggregate,Rate per 100000 people,,,Aboriginal and Torres Strait Islander people,,Inner and outer regional,,ABS (unpublished) Causes of Death Australia,rate (AS),,,,,,,,,,25.4
CtG14A.4,2017-2021,Mortality due to suicide,86,Males,Aboriginal and Torres Strait Islander people,All areas,Suicide deaths,five-year aggregate,Rate per 100000 people,,,Aboriginal and Torres Strait Islander people,Males,,,ABS (unpublished) Causes of Death Australia,rate (AS),33,np,43.5,48.6,31.5,np,np,45.3,39.8,
CtG14A.8,2014-2018,Mortality due to suicide,22,All people,Aboriginal and Torres Strait Islander people,Inner and outer regional,Suicide deaths,five-year aggregate,Number,,,Aboriginal and Torres Strait Islander people,,Inner and outer regional,,ABS (unpublished) Causes of Death Australia,no.,113,25,131,28,9,2,0,18,,
CtG14A.4,2016-2020,Mortality due to suicide,36,Males,Aboriginal and Torres Strait Islander people,All areas,Suicide deaths,five-year aggregate,Rate per 100000 people,,,Aboriginal and Torres Strait Islander people,Males,,,ABS (unpublished) Causes of Death Australia,rate (AS),32.5,np,43.8,45.6,29.2,np,np,43.3,39.2,
CtG14A.4,2018-2022,Mortality due to suicide,73,Males,Aboriginal and Torres Strait Islander people,All areas,Suicide deaths,five-year aggregate,Number,,,Aboriginal and Torres Strait Islander people,Males,,,ABS (unpublished) Causes of Death Australia,no.,206,57,234,144,36,11,7,91,np,
CtG14A.9,2017-2021,Mortality due to suicide,18,Females,Aboriginal and Torres Strait Islander people,Inner and outer regional,Suicide deaths,five-year aggregate,Rate per 100000 people,,,Aboriginal and Torres Strait Islander people,Females,Inner and outer regional,,ABS (unpublished) Causes of Death Australia,rate (AS),,,,,,,,,,12.5
CtG14A.10,2017-2021,Mortality due to suicide,52,Males,Aboriginal and Torres Strait Islander people,Remote,Suicide deaths,five-year aggregate,Number,,,Aboriginal and Torres Strait Islander people,Males,Remote,,ABS (unpublished) Causes of Death Australia,no.,,,,,,,,,,64
CtG14A.10,2015-2019,Mortality due to suicide,0,Females,Aboriginal and Torres Strait Islander people,Outer regional,Suicide deaths,five-year aggregate,Number,,,Aboriginal and Torres Strait Islander people,Females,Outer regional,,ABS (unpublished) Causes of Death Australia,no.,,,,,,,,,,61
CtG14A.2,2016-2020,Mortality due to suicide,70,All people,Aboriginal and Torres Strait Islander people,All areas,Suicide deaths,five-year aggregate,Rate per 100000 people,,,Aboriginal and Torres Strait Islander people,All people,,,ABS Causes of Death Australia,rate (AS),19.8,np,28,33.3,20.9,np,np,29,25.6,
CtG14A.9,2016-2020,Mortality due to suicide,38,Females,Non-Indigenous people,Inner and outer regional,Suicide deaths,five-year aggregate,Rate per 100000 people,,,Non-Indigenous people,Females,Inner and outer regional,,ABS (unpublished) Causes of Death Australia,rate (AS),,,,,,,,,,6.6
CtG14A.5,2015-2019,Mortality due to suicide,45,All people,Non-Indigenous people,All areas,Suicide deaths,five-year aggregate,Rate per 100000 people,,,Non-Indigenous people,All people,45+ years old,,ABS (unpublished) Causes of Death Australia,rate,14,np,18.4,17.2,15.7,np,np,22.3,15.9,
CtG14A.4,2014-2018,Mortality due to suicide,67,Females,Aboriginal and Torres Strait Islander people,All areas,Suicide deaths,five-year aggregate,Number,,,Aboriginal and Torres Strait Islander people,Females,,,ABS (unpublished) Causes of Death Australia,no.,44,13,60,56,18,1,4,35,np,
CtG14A.9,2018-2022,Mortality due to suicide,90,Males,Aboriginal and Torres Strait Islander people,Remote and very remote,Suicide deaths,five-year aggregate,Rate per 100000 people,,,Aboriginal and Torres Strait Islander people,Males,Remote and very remote,,ABS (unpublished) Causes of Death Australia,rate (AS),,,,,,,,,,45.2
CtG14A.5,2015-2019,Mortality due to suicide,45,All people,Aboriginal and Torres Strait Islander people,All areas,Suicide deaths,five-year aggregate,Number,,,Aboriginal and Torres Strait Islander people,All people,45+ years old,,ABS (unpublished) Causes of Death Australia,no.,57,9,36,16,7,3,0,12,np,
CtG14A.10,2016-2020,Mortality due to suicide,13,Females,Aboriginal and Torres Strait Islander people,Remote,Suicide deaths,five-year aggregate,Number,,,Aboriginal and Torres Strait Islander people,Females,Remote,,ABS (unpublished) Causes of Death Australia,no.,,,,,,,,,,20
CtG14A.9,2015-2019,Mortality due to suicide,25,Females,Aboriginal and Torres Strait Islander people,Major cities,Suicide deaths,five-year aggregate,Rate per 100000 people,,,Aboriginal and Torres Strait Islander people,Females,Major cities,,ABS (unpublished) Causes of Death Australia,rate (AS),,,,,,,,,,11.6
CtG14A.7,2016-2020,Mortality due to suicide,56,All people,Non-Indigenous people,Remote and very remote,Suicide deaths,five-year aggregate,Rate per 100000 people,,,Non-Indigenous people,,Remote and very remote,,ABS (unpublished) Causes of Death Australia,rate (AS),,,,,,,,,,15.1
CtG14A.6,2018-2022,Mortality due to suicide,35,Females,Non-Indigenous people,All areas,Suicide deaths,five-year aggregate,Rate per 100000 people,,,Non-Indigenous people,Females,35-44 years old,,ABS (unpublished) Causes of Death Australia,rate,,,,,,,,,8.3,
CtG14A.7,2018-2022,Mortality due to suicide,42,All people,Aboriginal and Torres Strait Islander people,Major cities,Suicide deaths,five-year aggregate,Rate per 100000 people,,,Aboriginal and Torres Strait Islander people,,Major cities,,ABS (unpublished) Causes of Death Australia,rate (AS),,,,,,,,,,25.5
CtG14A.6,2017-2021,Mortality due to suicide,18,Females,Aboriginal and Torres Strait Islander people,All areas,Suicide deaths,five-year aggregate,Rate per 100000 people,,,Aboriginal and Torres Strait Islander people,Females,18-24 years old,,ABS (unpublished) Causes of Death Australia,rate,,,,,,,,,27.6,
CtG14A.4,2014-2018,Mortality due to suicide,20,Females,Aboriginal and Torres Strait Islander people,All areas,Suicide deaths,five-year aggregate,Number,,,Aboriginal and Torres Strait Islander people,Females,,,ABS (unpublished) Causes of Death Australia,no.,44,13,60,56,18,1,4,35,np,
CtG14A.4,2017-2021,Mortality due to suicide,7,Males,Non-Indigenous people,All areas,Suicide deaths,five-year aggregate,Rate per 100000 people,,,Non-Indigenous people,Males,,,ABS (unpublished) Causes of Death Australia,rate (AS),16.2,np,23.2,20.6,19.3,np,np,17.4,19.1,
CtG14A.5,2014-2018,Mortality due to suicide,25,All people,Aboriginal and Torres Strait Islander people,All areas,Suicide deaths,five-year aggregate,Number,,,Aboriginal and Torres Strait Islander people,All people,25-34 years old,,ABS (unpublished) Causes of Death Australia,no.,59,12,69,75,5,0,4,31,np,
CtG14A.4,2017-2021,Mortality due to suicide,100,Females,Aboriginal and Torres Strait Islander people,All areas,Suicide deaths,five-year aggregate,Rate per 100000 people,,,Aboriginal and Torres Strait Islander people,Females,,,ABS (unpublished) Causes of Death Australia,rate (AS),9.3,np,13.5,21,np,np,np,16.8,13.5,
CtG14A.2,2016-2020,Mortality due to suicide,63,All people,Non-Indigenous people,All areas,Suicide deaths,five-year aggregate,Rate per 100000 people,,,Non-Indigenous people,All people,,,ABS Causes of Death Australia,rate (AS),10.5,np,14.6,13.6,12.7,np,np,14.5,12.4,
CtG14A.6,2017-2021,Mortality due to suicide,18,Females,Non-Indigenous people,All areas,Suicide deaths,five-year aggregate,Rate per 100000 people,,,Non-Indigenous people,Females,18-24 years old,,ABS (unpublished) Causes of Death Australia,rate,,,,,,,,,6.3,
CtG14A.9,2016-2020,Mortality due to suicide,31,Males,Non-Indigenous people,Remote and very remote,Suicide deaths,five-year aggregate,Rate per 100000 people,,,Non-Indigenous people,Males,Remote and very remote,,ABS (unpublished) Causes of Death Australia,rate (AS),,,,,,,,,,21.7
CtG14A.7,2018-2022,Mortality due to suicide,74,All people,Aboriginal and Torres Strait Islander people,Major cities,Suicide deaths,five-year aggregate,Rate per 100000 people,,,Aboriginal and Torres Strait Islander people,,Major cities,,ABS (unpublished) Causes of Death Australia,rate (AS),,,,,,,,,,25.5
CtG14A.5,2014-2018,Mortality due to suicide,18,All people,Aboriginal and Torres Strait Islander people,All areas,Suicide deaths,five-year aggregate,Number,,,Aboriginal and Torres Strait Islander people,All people,18-24 years old,,ABS (unpublished) Causes of Death Australia,no.,40,7,89,48,6,0,5,29,np,
CtG14A.5,2018-2022,Mortality due to suicide,18,All people,Aboriginal and Torres Strait Islander people,All areas,Suicide deaths,five-year aggregate,Number,,,Aboriginal and Torres Strait Islander people,All people,18-24 years old,,ABS (unpublished) Causes of Death Australia,no.,46,14,97,35,16,2,3,45,np,
CtG14A.6,2017-2021,Mortality due to suicide,5,Females,Non-Indigenous people,All areas,Suicide deaths,five-year aggregate,Rate per 100000 people,,,Non-Indigenous people,Females,5-17 years old,,ABS (unpublished) Causes of Death Australia,rate,,,,,,,,,1.7,
CtG14A.3,2019,Mortality due to suicide,13,Females,Non-Indigenous people,All areas,Suicide deaths,,Rate per 100000 people,,,Non-Indigenous people,Females,,,ABS (unpublished) Causes of Death Australia,rate (AS),,,,,,,,,6,
CtG14A.9,2015-2019,Mortality due to suicide,25,Females,Non-Indigenous people,Inner and outer regional,Suicide deaths,five-year aggregate,Rate per 100000 people,,,Non-Indigenous people,Females,Inner and outer regional,,ABS (unpublished) Causes of Death Australia,rate (AS),,,,,,,,,,6.7
CtG14A.9,2018-2022,Mortality due to suicide,95,Males,Non-Indigenous people,Remote and very remote,Suicide deaths,five-year aggregate,Rate per 100000 people,,,Non-Indigenous people,Males,Remote and very remote,,ABS (unpublished) Causes of Death Australia,rate (AS),,,,,,,,,,23.5
CtG14A.8,2015-2019,Mortality due to suicide,43,All people,Aboriginal and Torres Strait Islander people,Major cities,Suicide deaths,five-year aggregate,Number,,,Aboriginal and Torres Strait Islander people,,Major cities,,ABS (unpublished) Causes of Death Australia,no.,93,12,91,70,24,..,9,..,,
CtG14A.5,2018-2022,Mortality due to suicide,18,All people,Non-Indigenous people,All areas,Suicide deaths,five-year aggregate,Rate per 100000 people,,,Non-Indigenous people,All people,18-24 years old,,ABS (unpublished) Causes of Death Australia,rate,11.7,np,16.9,15.3,13.9,np,np,24.1,14,
CtG14A.6,2017-2021,Mortality due to suicide,25,Females,Non-Indigenous people,All areas,Suicide deaths,five-year aggregate,Rate per 100000 people,,,Non-Indigenous people,Females,25-34 years old,,ABS (unpublished) Causes of Death Australia,rate,,,,,,,,,6.5,
CtG14A.6,2016-2020,Mortality due to suicide,35,Males,Aboriginal and Torres Strait Islander people,All areas,Suicide deaths,five-year aggregate,Rate per 100000 people,,,Aboriginal and Torres Strait Islander people,Males,35-44 years old,,ABS (unpublished) Causes of Death Australia,rate,,,,,,,,,75.1,
CtG14A.9,2018-2022,Mortality due to suicide,64,Females,Non-Indigenous people,Major cities,Suicide deaths,five-year aggregate,Rate per 100000 people,,,Non-Indigenous people,Females,Major cities,,ABS (unpublished) Causes of Death Australia,rate (AS),,,,,,,,,,5.3
CtG14A.9,2017-2021,Mortality due to suicide,22,Males,Non-Indigenous people,Remote and very remote,Suicide deaths,five-year aggregate,Rate per 100000 people,,,Non-Indigenous people,Males,Remote and very remote,,ABS (unpublished) Causes of Death Australia,rate (AS),,,,,,,,,,23.1
CtG14A.7,2015-2019,Mortality due to suicide,55,All people,Non-Indigenous people,Remote and very remote,Suicide deaths,five-year aggregate,Rate per 100000 people,,,Non-Indigenous people,,Remote and very remote,,ABS (unpublished) Causes of Death Australia,rate (AS),,,,,,,,,,15.5
CtG14A.5,2015-2019,Mortality due to suicide,25,All people,Aboriginal and Torres Strait Islander people,All areas,Suicide deaths,five-year aggregate,Number,,,Aboriginal and Torres Strait Islander people,All people,25-34 years old,,ABS (unpublished) Causes of Death Australia,no.,61,12,78,71,7,1,4,31,np,
CtG14A.6,2017-2021,Mortality due to suicide,25,Females,Aboriginal and Torres Strait Islander people,All areas,Suicide deaths,five-year aggregate,Rate per 100000 people,,,Aboriginal and Torres Strait Islander people,Females,25-34 years old,,ABS (unpublished) Causes of Death Australia,rate,,,,,,,,,23.9,
CtG14A.8,2018-2022,Mortality due to suicide,4,All people,Aboriginal and Torres Strait Islander people,Remote and very remote,Suicide deaths,five-year aggregate,Number,,,Aboriginal and Torres Strait Islander people,,Remote and very remote,,ABS (unpublished) Causes of Death Australia,no.,9,0,51,85,2,0,..,91,,
CtG14A.6,2014-2018,Mortality due to suicide,5,Males,Aboriginal and Torres Strait Islander people,All areas,Suicide deaths,five-year aggregate,Rate per 100000 people,,,Aboriginal and Torres Strait Islander people,Males,5-17 years old,,ABS (unpublished) Causes of Death Australia,rate,,,,,,,,,8.8,
CtG14A.9,2014-2018,Mortality due to suicide,13,Males,Non-Indigenous people,Inner and outer regional,Suicide deaths,five-year aggregate,Rate per 100000 people,,,Non-Indigenous people,Males,Inner and outer regional,,ABS (unpublished) Causes of Death Australia,rate (AS),,,,,,,,,,25.2
CtG14A.6,2015-2019,Mortality due to suicide,99,Males,Non-Indigenous people,All areas,Suicide deaths,five-year aggregate,Rate per 100000 people,,,Non-Indigenous people,Males,All ages,,ABS (unpublished) Causes of Death Australia,rate,,,,,,,,,19.6,
CtG14A.8,2016-2020,Mortality due to suicide,0,All people,Aboriginal and Torres Strait Islander people,Major cities,Suicide deaths,five-year aggregate,Number,,,Aboriginal and Torres Strait Islander people,,Major cities,,ABS (unpublished) Causes of Death Australia,no.,101,23,94,66,27,..,10,..,,
CtG14A.7,2017-2021,Mortality due to suicide,29,All people,Non-Indigenous people,Inner and outer regional,Suicide deaths,five-year aggregate,Rate per 100000 people,,,Non-Indigenous people,,Inner and outer regional,,ABS (unpublished) Causes of Death Australia,rate (AS),,,,,,,,,,16
CtG14A.10,2018-2022,Mortality due to suicide,81,Males,Aboriginal and Torres Strait Islander people,Remote,Suicide deaths,five-year aggregate,Number,,,Aboriginal and Torres Strait Islander people,Males,Remote,,ABS (unpublished) Causes of Death Australia,no.,,,,,,,,,,77
CtG14A.7,2018-2022,Mortality due to suicide,77,All people,Aboriginal and Torres Strait Islander people,Inner and outer regional,Suicide deaths,five-year aggregate,Rate per 100000 people,,,Aboriginal and Torres Strait Islander people,,Inner and outer regional,,ABS (unpublished) Causes of Death Australia,rate (AS),,,,,,,,,,26.5
CtG14A.10,2014-2018,Mortality due to suicide,87,Males,Aboriginal and Torres Strait Islander people,Remote,Suicide deaths,five-year aggregate,Number,,,Aboriginal and Torres Strait Islander people,Males,Remote,,ABS (unpublished) Causes of Death Australia,no.,,,,,,,,,,60
CtG14A.6,2014-2018,Mortality due to suicide,25,Females,Aboriginal and Torres Strait Islander people,All areas,Suicide deaths,five-year aggregate,Rate per 100000 people,,,Aboriginal and Torres Strait Islander people,Females,25-34 years old,,ABS (unpublished) Causes of Death Australia,rate,,,,,,,,,21.7,
CtG14A.6,2014-2018,Mortality due to suicide,18,Females,Non-Indigenous people,All areas,Suicide deaths,five-year aggregate,Rate per 100000 people,,,Non-Indigenous people,Females,18-24 years old,,ABS (unpublished) Causes of Death Australia,rate,,,,,,,,,6.3,
CtG14A.6,2015-2019,Mortality due to suicide,35,Males,Aboriginal and Torres Strait Islander people,All areas,Suicide deaths,five-year aggregate,Rate per 100000 people,,,Aboriginal and Torres Strait Islander people,Males,35-44 years old,,ABS (unpublished) Causes of Death Australia,rate,,,,,,,,,68.9,
CtG14A.6,2018-2022,Mortality due to suicide,45,Males,Non-Indigenous people,All areas,Suicide deaths,five-year aggregate,Rate per 100000 people,,,Non-Indigenous people,Males,45+ years old,,ABS (unpublished) Causes of Death Australia,rate,,,,,,,,,24.7,
CtG14A.9,2017-2021,Mortality due to suicide,76,Males,Aboriginal and Torres Strait Islander people,Major cities,Suicide deaths,five-year aggregate,Rate per 100000 people,,,Aboriginal and Torres Strait Islander people,Males,Major cities,,ABS (unpublished) Causes of Death Australia,rate (AS),,,,,,,,,,34
CtG14A.6,2015-2019,Mortality due to suicide,25,Males,Aboriginal and Torres Strait Islander people,All areas,Suicide deaths,five-year aggregate,Rate per 100000 people,,,Aboriginal and Torres Strait Islander people,Males,25-34 years old,,ABS (unpublished) Causes of Death Australia,rate,,,,,,,,,72.9,
CtG14A.5,2016-2020,Mortality due to suicide,5,All people,Aboriginal and Torres Strait Islander people,All areas,Suicide deaths,five-year aggregate,Number,,,Aboriginal and Torres Strait Islander people,All people,5-17 years old,,ABS (unpublished) Causes of Death Australia,no.,17,3,27,19,2,0,0,13,np,
CtG14A.6,2014-2018,Mortality due to suicide,82,Females,Non-Indigenous people,All areas,Suicide deaths,five-year aggregate,Rate per 100000 people,,,Non-Indigenous people,Females,All ages,,ABS (unpublished) Causes of Death Australia,rate,,,,,,,,,6.2,
CtG14A.6,2014-2018,Mortality due to suicide,35,Males,Non-Indigenous people,All areas,Suicide deaths,five-year aggregate,Rate per 100000 people,,,Non-Indigenous people,Males,35-44 years old,,ABS (unpublished) Causes of Death Australia,rate,,,,,,,,,28.4,
CtG14A.5,2017-2021,Mortality due to suicide,35,All people,Aboriginal and Torres Strait Islander people,All areas,Suicide deaths,five-year aggregate,Number,,,Aboriginal and Torres Strait Islander people,All people,35-44 years old,,ABS (unpublished) Causes of Death Australia,no.,55,13,63,38,13,0,1,19,np,
CtG14A.2,2010-2014,Mortality due to suicide,95,All people,Aboriginal and Torres Strait Islander people,All areas,Suicide deaths,five-year aggregate,Rate per 100000 people,,,Aboriginal and Torres Strait Islander people,All people,,,ABS (unpublished) Causes of Death Australia,rate (AS),10.8,np,21.1,38.1,24.6,np,np,31.6,21.3,
CtG14A.6,2015-2019,Mortality due to suicide,5,Females,Non-Indigenous people,All areas,Suicide deaths,five-year aggregate,Rate per 100000 people,,,Non-Indigenous people,Females,5-17 years old,,ABS (unpublished) Causes of Death Australia,rate,,,,,,,,,1.5,
CtG14A.5,2016-2020,Mortality due to suicide,5,All people,Non-Indigenous people,All areas,Suicide deaths,five-year aggregate,Rate per 100000 people,,,Non-Indigenous people,All people,5-17 years old,,ABS (unpublished) Causes of Death Australia,rate,2,np,2.6,2.4,1.9,np,np,4.8,2.2,
CtG14A.5,2016-2020,Mortality due to suicide,18,All people,Aboriginal and Torres Strait Islander people,All areas,Suicide deaths,five-year aggregate,Rate per 100000 people,,,Aboriginal and Torres Strait Islander people,All people,18-24 years old,,ABS (unpublished) Causes of Death Australia,rate,28.5,np,70.1,57,37.4,np,np,81.7,51.6,
CtG14A.9,2014-2018,Mortality due to suicide,79,Males,Non-Indigenous people,Remote and very remote,Suicide deaths,five-year aggregate,Rate per 100000 people,,,Non-Indigenous people,Males,Remote and very remote,,ABS (unpublished) Causes of Death Australia,rate (AS),,,,,,,,,,22.3
CtG14A.7,2014-2018,Mortality due to suicide,38,All people,Non-Indigenous people,Remote and very remote,Suicide deaths,five-year aggregate,Rate per 100000 people,,,Non-Indigenous people,,Remote and very remote,,ABS (unpublished) Causes of Death Australia,rate (AS),,,,,,,,,,14.9
CtG14A.7,2018-2022,Mortality due to suicide,71,All people,Aboriginal and Torres Strait Islander people,Inner and outer regional,Suicide deaths,five-year aggregate,Rate per 100000 people,,,Aboriginal and Torres Strait Islander people,,Inner and outer regional,,ABS (unpublished) Causes of Death Australia,rate (AS),,,,,,,,,,26.5
CtG14A.6,2016-2020,Mortality due to suicide,5,Males,Non-Indigenous people,All areas,Suicide deaths,five-year aggregate,Rate per 100000 people,,,Non-Indigenous people,Males,5-17 years old,,ABS (unpublished) Causes of Death Australia,rate,,,,,,,,,3,
CtG14A.9,2016-2020,Mortality due to suicide,44,Females,Aboriginal and Torres Strait Islander people,Inner and outer regional,Suicide deaths,five-year aggregate,Rate per 100000 people,,,Aboriginal and Torres Strait Islander people,Females,Inner and outer regional,,ABS (unpublished) Causes of Death Australia,rate (AS),,,,,,,,,,11.1
CtG14A.7,2017-2021,Mortality due to suicide,51,All people,Non-Indigenous people,Major cities,Suicide deaths,five-year aggregate,Rate per 100000 people,,,Non-Indigenous people,,Major cities,,ABS (unpublished) Causes of Death Australia,rate (AS),,,,,,,,,,10.4
CtG14A.5,2018-2022,Mortality due to suicide,18,All people,Aboriginal and Torres Strait Islander people,All areas,Suicide deaths,five-year aggregate,Number,,,Aboriginal and Torres Strait Islander people,All people,18-24 years old,,ABS (unpublished) Causes of Death Australia,no.,46,14,97,35,16,2,3,45,np,
CtG14A.6,2015-2019,Mortality due to suicide,25,Females,Aboriginal and Torres Strait Islander people,All areas,Suicide deaths,five-year aggregate,Rate per 100000 people,,,Aboriginal and Torres Strait Islander people,Females,25-34 years old,,ABS (unpublished) Causes of Death Australia,rate,,,,,,,,,21.7,
CtG14A.8,2018-2022,Mortality due to suicide,2,All people,Aboriginal and Torres Strait Islander people,Major cities,Suicide deaths,five-year aggregate,Number,,,Aboriginal and Torres Strait Islander people,,Major cities,,ABS (unpublished) Causes of Death Australia,no.,124,38,98,75,35,..,10,..,,
CtG14A.5,2016-2020,Mortality due to suicide,35,All people,Non-Indigenous people,All areas,Suicide deaths,five-year aggregate,Rate per 100000 people,,,Non-Indigenous people,All people,35-44 years old,,ABS (unpublished) Causes of Death Australia,rate,14.5,np,22.1,18.8,18.1,np,np,13.2,17.6,
CtG14A.10,2015-2019,Mortality due to suicide,70,Males,Aboriginal and Torres Strait Islander people,Major cities,Suicide deaths,five-year aggregate,Number,,,Aboriginal and Torres Strait Islander people,Males,Major cities,,ABS (unpublished) Causes of Death Australia,no.,,,,,,,,,,213
CtG14A.1,2031,Mortality due to suicide,38,All people,Aboriginal and Torres Strait Islander people,All areas,Suicide deaths,,Rate per 100000 people,Linear regression estimates,,Aboriginal and Torres Strait Islander people,All people,,,ABS (unpublished) Causes of Death Australia,rate (AS),,,,,,,,,37.6,
CtG14A.5,2017-2021,Mortality due to suicide,18,All people,Aboriginal and Torres Strait Islander people,All areas,Suicide deaths,five-year aggregate,Number,,,Aboriginal and Torres Strait Islander people,All people,18-24 years old,,ABS (unpublished) Causes of Death Australia,no.,50,11,106,31,16,1,5,44,np,
CtG14A.7,2015-2019,Mortality due to suicide,73,All people,Non-Indigenous people,Inner and outer regional,Suicide deaths,five-year aggregate,Rate per 100000 people,,,Non-Indigenous people,,Inner and outer regional,,ABS (unpublished) Causes of Death Australia,rate (AS),,,,,,,,,,16.1
CtG14A.5,2014-2018,Mortality due to suicide,45,All people,Non-Indigenous people,All areas,Suicide deaths,five-year aggregate,Rate per 100000 people,,,Non-Indigenous people,All people,45+ years old,,ABS (unpublished) Causes of Death Australia,rate,14.1,np,18.2,17,15.5,np,np,23,15.9,
CtG14A.9,2018-2022,Mortality due to suicide,78,Males,Non-Indigenous people,Remote and very remote,Suicide deaths,five-year aggregate,Rate per 100000 people,,,Non-Indigenous people,Males,Remote and very remote,,ABS (unpublished) Causes of Death Australia,rate (AS),,,,,,,,,,23.5
CtG14A.8,2017-2021,Mortality due to suicide,75,All people,Aboriginal and Torres Strait Islander people,Remote and very remote,Suicide deaths,five-year aggregate,Number,,,Aboriginal and Torres Strait Islander people,,Remote and very remote,,ABS (unpublished) Causes of Death Australia,no.,8,0,49,79,3,0,..,94,,
CtG14A.6,2016-2020,Mortality due to suicide,18,Males,Non-Indigenous people,All areas,Suicide deaths,five-year aggregate,Rate per 100000 people,,,Non-Indigenous people,Males,18-24 years old,,ABS (unpublished) Causes of Death Australia,rate,,,,,,,,,21.4,
CtG14A.6,2017-2021,Mortality due to suicide,35,Males,Non-Indigenous people,All areas,Suicide deaths,five-year aggregate,Rate per 100000 people,,,Non-Indigenous people,Males,35-44 years old,,ABS (unpublished) Causes of Death Australia,rate,,,,,,,,,26.4,
CtG14A.9,2018-2022,Mortality due to suicide,71,Males,Aboriginal and Torres Strait Islander people,Major cities,Suicide deaths,five-year aggregate,Rate per 100000 people,,,Aboriginal and Torres Strait Islander people,Males,Major cities,,ABS (unpublished) Causes of Death Australia,rate (AS),,,,,,,,,,38.1
CtG14A.8,2014-2018,Mortality due to suicide,2,All people,Aboriginal and Torres Strait Islander people,Major cities,Suicide deaths,five-year aggregate,Number,,,Aboriginal and Torres Strait Islander people,,Major cities,,ABS (unpublished) Causes of Death Australia,no.,77,10,85,76,23,..,7,..,,
CtG14A.9,2018-2022,Mortality due to suicide,76,Females,Aboriginal and Torres Strait Islander people,Inner and outer regional,Suicide deaths,five-year aggregate,Rate per 100000 people,,,Aboriginal and Torres Strait Islander people,Females,Inner and outer regional,,ABS (unpublished) Causes of Death Australia,rate (AS),,,,,,,,,,13.3
CtG14A.6,2014-2018,Mortality due to suicide,35,Females,Non-Indigenous people,All areas,Suicide deaths,five-year aggregate,Rate per 100000 people,,,Non-Indigenous people,Females,35-44 years old,,ABS (unpublished) Causes of Death Australia,rate,,,,,,,,,8.2,
CtG14A.5,2014-2018,Mortality due to suicide,5,All people,Non-Indigenous people,All areas,Suicide deaths,five-year aggregate,Rate per 100000 people,,,Non-Indigenous people,All people,5-17 years old,,ABS (unpublished) Causes of Death Australia,rate,1.9,np,2.5,2,1.8,np,np,5.8,2.1,
CtG14A.2,2016-2020,Mortality due to suicide,25,All people,Non-Indigenous people,All areas,Suicide deaths,five-year aggregate,Rate per 100000 people,,,Non-Indigenous people,All people,,,ABS Causes of Death Australia,rate (AS),10.5,np,14.6,13.6,12.7,np,np,14.5,12.4,
CtG14A.3,2014,Mortality due to suicide,83,Males,Non-Indigenous people,All areas,Suicide deaths,,Rate per 100000 people,,,Non-Indigenous people,Males,,,ABS (unpublished) Causes of Death Australia,rate (AS),,,,,,,,,18.3,
CtG14A.4,2017-2021,Mortality due to suicide,43,Males,Non-Indigenous people,All areas,Suicide deaths,five-year aggregate,Rate per 100000 people,,,Non-Indigenous people,Males,,,ABS (unpublished) Causes of Death Australia,rate (AS),16.2,np,23.2,20.6,19.3,np,np,17.4,19.1,
CtG14A.5,2015-2019,Mortality due to suicide,18,All people,Non-Indigenous people,All areas,Suicide deaths,five-year aggregate,Rate per 100000 people,,,Non-Indigenous people,All people,18-24 years old,,ABS (unpublished) Causes of Death Australia,rate,11.8,np,17.2,13.5,13.1,np,np,25.7,13.8,
CtG14A.2,2012-2016,Mortality due to suicide,50,All people,Non-Indigenous people,All areas,Suicide deaths,five-year aggregate,Number,,,Non-Indigenous people,All people,,,ABS (unpublished) Causes of Death Australia,no.,3741,2979,3132,1555,1052,385,162,126,9606,
CtG14A.2,2016-2020,Mortality due to suicide,76,All people,Aboriginal and Torres Strait Islander people,All areas,Suicide deaths,five-year aggregate,Rate per 100000 people,,,Aboriginal and Torres Strait Islander people,All people,,,ABS Causes of Death Australia,rate (AS),19.8,np,28,33.3,20.9,np,np,29,25.6,
CtG14A.9,2015-2019,Mortality due to suicide,65,Males,Aboriginal and Torres Strait Islander people,Remote and very remote,Suicide deaths,five-year aggregate,Rate per 100000 people,,,Aboriginal and Torres Strait Islander people,Males,Remote and very remote,,ABS (unpublished) Causes of Death Australia,rate (AS),,,,,,,,,,42.7
CtG14A.10,2015-2019,Mortality due to suicide,12,Males,Aboriginal and Torres Strait Islander people,Remote,Suicide deaths,five-year aggregate,Number,,,Aboriginal and Torres Strait Islander people,Males,Remote,,ABS (unpublished) Causes of Death Australia,no.,,,,,,,,,,66
CtG14A.5,2017-2021,Mortality due to suicide,5,All people,Non-Indigenous people,All areas,Suicide deaths,five-year aggregate,Rate per 100000 people,,,Non-Indigenous people,All people,5-17 years old,,ABS (unpublished) Causes of Death Australia,rate,2,np,2.7,2.5,2,np,np,4.8,2.3,
CtG14A.6,2016-2020,Mortality due to suicide,18,Females,Aboriginal and Torres Strait Islander people,All areas,Suicide deaths,five-year aggregate,Rate per 100000 people,,,Aboriginal and Torres Strait Islander people,Females,18-24 years old,,ABS (unpublished) Causes of Death Australia,rate,,,,,,,,,27.4,
CtG14A.2,2017-2021,Mortality due to suicide,87,All people,Non-Indigenous people,All areas,Suicide deaths,five-year aggregate,Rate per 100000 people,,,Non-Indigenous people,All people,,,ABS Causes of Death Australia,rate (AS),10.6,np,14.8,13.4,12.3,np,np,13.6,12.4,
CtG14A.9,2017-2021,Mortality due to suicide,41,Females,Aboriginal and Torres Strait Islander people,Inner and outer regional,Suicide deaths,five-year aggregate,Rate per 100000 people,,,Aboriginal and Torres Strait Islander people,Females,Inner and outer regional,,ABS (unpublished) Causes of Death Australia,rate (AS),,,,,,,,,,12.5
CtG14A.5,2016-2020,Mortality due to suicide,5,All people,Aboriginal and Torres Strait Islander people,All areas,Suicide deaths,five-year aggregate,Rate per 100000 people,,,Aboriginal and Torres Strait Islander people,All people,5-17 years old,,ABS (unpublished) Causes of Death Australia,rate,4.3,np,7.9,13.2,np,np,np,13.7,7.7,
CtG14A.9,2014-2018,Mortality due to suicide,19,Females,Aboriginal and Torres Strait Islander people,Major cities,Suicide deaths,five-year aggregate,Rate per 100000 people,,,Aboriginal and Torres Strait Islander people,Females,Major cities,,ABS (unpublished) Causes of Death Australia,rate (AS),,,,,,,,,,10.9
CtG14A.6,2014-2018,Mortality due to suicide,5,Females,Aboriginal and Torres Strait Islander people,All areas,Suicide deaths,five-year aggregate,Rate per 100000 people,,,Aboriginal and Torres Strait Islander people,Females,5-17 years old,,ABS (unpublished) Causes of Death Australia,rate,,,,,,,,,7.8,
CtG14A.9,2014-2018,Mortality due to suicide,82,Females,Non-Indigenous people,Inner and outer regional,Suicide deaths,five-year aggregate,Rate per 100000 people,,,Non-Indigenous people,Females,Inner and outer regional,,ABS (unpublished) Causes of Death Australia,rate (AS),,,,,,,,,,6.4
CtG14A.7,2017-2021,Mortality due to suicide,45,All people,Aboriginal and Torres Strait Islander people,Remote and very remote,Suicide deaths,five-year aggregate,Rate per 100000 people,,,Aboriginal and Torres Strait Islander people,,Remote and very remote,,ABS (unpublished) Causes of Death Australia,rate (AS),,,,,,,,,,29.9
CtG14A.3,2010,Mortality due to suicide,76,Males,Non-Indigenous people,All areas,Suicide deaths,,Rate per 100000 people,,,Non-Indigenous people,Males,,,ABS (unpublished) Causes of Death Australia,rate (AS),,,,,,,,,16.9,
CtG14A.9,2018-2022,Mortality due to suicide,37,Females,Aboriginal and Torres Strait Islander people,Inner and outer regional,Suicide deaths,five-year aggregate,Rate per 100000 people,,,Aboriginal and Torres Strait Islander people,Females,Inner and outer regional,,ABS (unpublished) Causes of Death Australia,rate (AS),,,,,,,,,,13.3
CtG14A.9,2016-2020,Mortality due to suicide,28,Females,Non-Indigenous people,Major cities,Suicide deaths,five-year aggregate,Rate per 100000 people,,,Non-Indigenous people,Females,Major cities,,ABS (unpublished) Causes of Death Australia,rate (AS),,,,,,,,,,5.4
CtG14A.4,2014-2018,Mortality due to suicide,75,Males,Non-Indigenous people,All areas,Suicide deaths,five-year aggregate,Rate per 100000 people,,,Non-Indigenous people,Males,,,ABS (unpublished) Causes of Death Australia,rate (AS),16.5,np,23,19.6,19.3,np,np,23.2,19.1,
CtG14A.9,2014-2018,Mortality due to suicide,93,Males,Non-Indigenous people,Major cities,Suicide deaths,five-year aggregate,Rate per 100000 people,,,Non-Indigenous people,Males,Major cities,,ABS (unpublished) Causes of Death Australia,rate (AS),,,,,,,,,,15.8
CtG14A.8,2016-2020,Mortality due to suicide,5,All people,Aboriginal and Torres Strait Islander people,Major cities,Suicide deaths,five-year aggregate,Number,,,Aboriginal and Torres Strait Islander people,,Major cities,,ABS (unpublished) Causes of Death Australia,no.,101,23,94,66,27,..,10,..,,
CtG14A.5,2017-2021,Mortality due to suicide,18,All people,Aboriginal and Torres Strait Islander people,All areas,Suicide deaths,five-year aggregate,Number,,,Aboriginal and Torres Strait Islander people,All people,18-24 years old,,ABS (unpublished) Causes of Death Australia,no.,50,11,106,31,16,1,5,44,np,
CtG14A.9,2017-2021,Mortality due to suicide,12,Females,Non-Indigenous people,Inner and outer regional,Suicide deaths,five-year aggregate,Rate per 100000 people,,,Non-Indigenous people,Females,Inner and outer regional,,ABS (unpublished) Causes of Death Australia,rate (AS),,,,,,,,,,6.5
CtG14A.9,2014-2018,Mortality due to suicide,7,Males,Aboriginal and Torres Strait Islander people,Inner and outer regional,Suicide deaths,five-year aggregate,Rate per 100000 people,,,Aboriginal and Torres Strait Islander people,Males,Inner and outer regional,,ABS (unpublished) Causes of Death Australia,rate (AS),,,,,,,,,,32.9
CtG14A.10,2015-2019,Mortality due to suicide,78,Males,Aboriginal and Torres Strait Islander people,Very remote,Suicide deaths,five-year aggregate,Number,,,Aboriginal and Torres Strait Islander people,Males,Very remote,,ABS (unpublished) Causes of Death Australia,no.,,,,,,,,,,100
CtG14A.6,2014-2018,Mortality due to suicide,35,Females,Non-Indigenous people,All areas,Suicide deaths,five-year aggregate,Rate per 100000 people,,,Non-Indigenous people,Females,35-44 years old,,ABS (unpublished) Causes of Death Australia,rate,,,,,,,,,8.2,
CtG14A.8,2018-2022,Mortality due to suicide,67,All people,Aboriginal and Torres Strait Islander people,Major cities,Suicide deaths,five-year aggregate,Number,,,Aboriginal and Torres Strait Islander people,,Major cities,,ABS (unpublished) Causes of Death Australia,no.,124,38,98,75,35,..,10,..,,
CtG14A.2,2013-2017,Mortality due to suicide,25,All people,Non-Indigenous people,All areas,Suicide deaths,five-year aggregate,Rate per 100000 people,,,Non-Indigenous people,All people,,,ABS (unpublished) Causes of Death Australia,rate (AS),10.4,np,14.4,12.9,12.7,np,np,15,12.2,
CtG14A.9,2017-2021,Mortality due to suicide,39,Males,Aboriginal and Torres Strait Islander people,Inner and outer regional,Suicide deaths,five-year aggregate,Rate per 100000 people,,,Aboriginal and Torres Strait Islander people,Males,Inner and outer regional,,ABS (unpublished) Causes of Death Australia,rate (AS),,,,,,,,,,38.5
CtG14A.10,2015-2019,Mortality due to suicide,80,Males,Aboriginal and Torres Strait Islander people,Remote,Suicide deaths,five-year aggregate,Number,,,Aboriginal and Torres Strait Islander people,Males,Remote,,ABS (unpublished) Causes of Death Australia,no.,,,,,,,,,,66
CtG14A.5,2017-2021,Mortality due to suicide,35,All people,Non-Indigenous people,All areas,Suicide deaths,five-year aggregate,Rate per 100000 people,,,Non-Indigenous people,All people,35-44 years old,,ABS (unpublished) Causes of Death Australia,rate,14.1,np,21.9,19,17.7,np,np,11.1,17.3,
CtG14A.6,2017-2021,Mortality due to suicide,5,Males,Non-Indigenous people,All areas,Suicide deaths,five-year aggregate,Rate per 100000 people,,,Non-Indigenous people,Males,5-17 years old,,ABS (unpublished) Causes of Death Australia,rate,,,,,,,,,2.9,
CtG14A.5,2014-2018,Mortality due to suicide,45,All people,Aboriginal and Torres Strait Islander people,All areas,Suicide deaths,five-year aggregate,Number,,,Aboriginal and Torres Strait Islander people,All people,45+ years old,,ABS (unpublished) Causes of Death Australia,no.,47,6,30,18,7,1,0,10,np,
CtG14A.10,2018-2022,Mortality due to suicide,93,Males,Aboriginal and Torres Strait Islander people,Very remote,Suicide deaths,five-year aggregate,Number,,,Aboriginal and Torres Strait Islander people,Males,Very remote,,ABS (unpublished) Causes of Death Australia,no.,,,,,,,,,,92
CtG14A.6,2015-2019,Mortality due to suicide,45,Females,Aboriginal and Torres Strait Islander people,All areas,Suicide deaths,five-year aggregate,Rate per 100000 people,,,Aboriginal and Torres Strait Islander people,Females,45+ years old,,ABS (unpublished) Causes of Death Australia,rate,,,,,,,,,8.6,
CtG14A.4,2015-2019,Mortality due to suicide,24,Females,Aboriginal and Torres Strait Islander people,All areas,Suicide deaths,five-year aggregate,Rate per 100000 people,,,Aboriginal and Torres Strait Islander people,Females,,,ABS (unpublished) Causes of Death Australia,rate (AS),8.7,np,12.1,20.6,np,np,np,13.4,12.4,
CtG14A.6,2016-2020,Mortality due to suicide,35,Males,Aboriginal and Torres Strait Islander people,All areas,Suicide deaths,five-year aggregate,Rate per 100000 people,,,Aboriginal and Torres Strait Islander people,Males,35-44 years old,,ABS (unpublished) Causes of Death Australia,rate,,,,,,,,,75.1,
CtG14A.10,2018-2022,Mortality due to suicide,70,Females,Aboriginal and Torres Strait Islander people,Very remote,Suicide deaths,five-year aggregate,Number,,,Aboriginal and Torres Strait Islander people,Females,Very remote,,ABS (unpublished) Causes of Death Australia,no.,,,,,,,,,,41
CtG14A.8,2015-2019,Mortality due to suicide,7,All people,Aboriginal and Torres Strait Islander people,Inner and outer regional,Suicide deaths,five-year aggregate,Number,,,Aboriginal and Torres Strait Islander people,,Inner and outer regional,,ABS (unpublished) Causes of Death Australia,no.,127,26,150,26,11,7,0,18,,
CtG14A.10,2014-2018,Mortality due to suicide,25,Females,Aboriginal and Torres Strait Islander people,Very remote,Suicide deaths,five-year aggregate,Number,,,Aboriginal and Torres Strait Islander people,Females,Very remote,,ABS (unpublished) Causes of Death Australia,no.,,,,,,,,,,53
CtG14A.6,2016-2020,Mortality due to suicide,18,Males,Non-Indigenous people,All areas,Suicide deaths,five-year aggregate,Rate per 100000 people,,,Non-Indigenous people,Males,18-24 years old,,ABS (unpublished) Causes of Death Australia,rate,,,,,,,,,21.4,
CtG14A.4,2017-2021,Mortality due to suicide,82,Females,Non-Indigenous people,All areas,Suicide deaths,five-year aggregate,Rate per 100000 people,,,Non-Indigenous people,Females,,,ABS (unpublished) Causes of Death Australia,rate (AS),5.1,np,6.7,6.8,5.8,np,np,9.6,5.9,
CtG14A.10,2015-2019,Mortality due to suicide,0,Males,Aboriginal and Torres Strait Islander people,Very remote,Suicide deaths,five-year aggregate,Number,,,Aboriginal and Torres Strait Islander people,Males,Very remote,,ABS (unpublished) Causes of Death Australia,no.,,,,,,,,,,100
CtG14A.10,2017-2021,Mortality due to suicide,55,Males,Aboriginal and Torres Strait Islander people,Very remote,Suicide deaths,five-year aggregate,Number,,,Aboriginal and Torres Strait Islander people,Males,Very remote,,ABS (unpublished) Causes of Death Australia,no.,,,,,,,,,,100
CtG14A.8,2014-2018,Mortality due to suicide,85,All people,Aboriginal and Torres Strait Islander people,Major cities,Suicide deaths,five-year aggregate,Number,,,Aboriginal and Torres Strait Islander people,,Major cities,,ABS (unpublished) Causes of Death Australia,no.,77,10,85,76,23,..,7,..,,
CtG14A.5,2017-2021,Mortality due to suicide,45,All people,Non-Indigenous people,All areas,Suicide deaths,five-year aggregate,Rate per 100000 people,,,Non-Indigenous people,All people,45+ years old,,ABS (unpublished) Causes of Death Australia,rate,14,np,18.3,16.6,15.2,np,np,19.4,15.8,
CtG14A.5,2017-2021,Mortality due to suicide,5,All people,Aboriginal and Torres Strait Islander people,All areas,Suicide deaths,five-year aggregate,Rate per 100000 people,,,Aboriginal and Torres Strait Islander people,All people,5-17 years old,,ABS (unpublished) Causes of Death Australia,rate,4.3,np,7.8,11,np,np,np,14.9,7.4,
CtG14A.8,2017-2021,Mortality due to suicide,25,All people,Aboriginal and Torres Strait Islander people,Major cities,Suicide deaths,five-year aggregate,Number,,,Aboriginal and Torres Strait Islander people,,Major cities,,ABS (unpublished) Causes of Death Australia,no.,108,28,89,69,32,..,11,..,,
CtG14A.6,2014-2018,Mortality due to suicide,45,Males,Aboriginal and Torres Strait Islander people,All areas,Suicide deaths,five-year aggregate,Rate per 100000 people,,,Aboriginal and Torres Strait Islander people,Males,45+ years old,,ABS (unpublished) Causes of Death Australia,rate,,,,,,,,,24.2,
CtG14A.6,2014-2018,Mortality due to suicide,45,Males,Aboriginal and Torres Strait Islander people,All areas,Suicide deaths,five-year aggregate,Rate per 100000 people,,,Aboriginal and Torres Strait Islander people,Males,45+ years old,,ABS (unpublished) Causes of Death Australia,rate,,,,,,,,,24.2,
CtG14A.3,2017,Mortality due to suicide,6,Males,Aboriginal and Torres Strait Islander people,All areas,Suicide deaths,,Rate per 100000 people,,,Aboriginal and Torres Strait Islander people,Males,,,ABS (unpublished) Causes of Death Australia,rate (AS),,,,,,,,,37.6,
CtG14A.2,2014-2018,Mortality due to suicide,26,All people,Non-Indigenous people,All areas,Suicide deaths,five-year aggregate,Number,,,Non-Indigenous people,All people,,,ABS (unpublished) Causes of Death Australia,no.,4095,3319,3430,1649,1090,394,206,140,10404,
CtG14A.7,2018-2022,Mortality due to suicide,97,All people,Aboriginal and Torres Strait Islander people,Inner and outer regional,Suicide deaths,five-year aggregate,Rate per 100000 people,,,Aboriginal and Torres Strait Islander people,,Inner and outer regional,,ABS (unpublished) Causes of Death Australia,rate (AS),,,,,,,,,,26.5
CtG14A.3,2018,Mortality due to suicide,17,Males,Non-Indigenous people,All areas,Suicide deaths,,Rate per 100000 people,,,Non-Indigenous people,Males,,,ABS (unpublished) Causes of Death Australia,rate (AS),,,,,,,,,19.6,
CtG14A.10,2015-2019,Mortality due to suicide,78,Males,Aboriginal and Torres Strait Islander people,Very remote,Suicide deaths,five-year aggregate,Number,,,Aboriginal and Torres Strait Islander people,Males,Very remote,,ABS (unpublished) Causes of Death Australia,no.,,,,,,,,,,100
CtG14A.9,2016-2020,Mortality due to suicide,92,Females,Non-Indigenous people,Remote and very remote,Suicide deaths,five-year aggregate,Rate per 100000 people,,,Non-Indigenous people,Females,Remote and very remote,,ABS (unpublished) Causes of Death Australia,rate (AS),,,,,,,,,,7.3
CtG14A.9,2015-2019,Mortality due to suicide,91,Males,Non-Indigenous people,Inner and outer regional,Suicide deaths,five-year aggregate,Rate per 100000 people,,,Non-Indigenous people,Males,Inner and outer regional,,ABS (unpublished) Causes of Death Australia,rate (AS),,,,,,,,,,25.6
CtG14A.5,2014-2018,Mortality due to suicide,45,All people,Aboriginal and Torres Strait Islander people,All areas,Suicide deaths,five-year aggregate,Number,,,Aboriginal and Torres Strait Islander people,All people,45+ years old,,ABS (unpublished) Causes of Death Australia,no.,47,6,30,18,7,1,0,10,np,
CtG14A.2,2009-2013,Mortality due to suicide,53,All people,Aboriginal and Torres Strait Islander people,All areas,Suicide deaths,five-year aggregate,Rate per 100000 people,,,Aboriginal and Torres Strait Islander people,All people,,,ABS (unpublished) Causes of Death Australia,rate (AS),11,np,20.7,34.4,20.4,np,np,29.1,20.2,
CtG14A.6,2018-2022,Mortality due to suicide,35,Males,Non-Indigenous people,All areas,Suicide deaths,five-year aggregate,Rate per 100000 people,,,Non-Indigenous people,Males,35-44 years old,,ABS (unpublished) Causes of Death Australia,rate,,,,,,,,,25.4,
CtG14A.8,2014-2018,Mortality due to suicide,27,All people,Aboriginal and Torres Strait Islander people,Remote and very remote,Suicide deaths,five-year aggregate,Number,,,Aboriginal and Torres Strait Islander people,,Remote and very remote,,ABS (unpublished) Causes of Death Australia,no.,6,0,44,91,1,0,..,85,,
CtG14A.2,2018-2022,Mortality due to suicide,26,All people,Aboriginal and Torres Strait Islander people,All areas,Suicide deaths,five-year aggregate,Rate per 100000 people,,,Aboriginal and Torres Strait Islander people,All people,,,ABS Causes of Death Australia,rate (AS),22.8,np,28.1,38.1,23.9,np,np,31.6,27.6,
CtG14A.7,2014-2018,Mortality due to suicide,62,All people,Aboriginal and Torres Strait Islander people,Major cities,Suicide deaths,five-year aggregate,Rate per 100000 people,,,Aboriginal and Torres Strait Islander people,,Major cities,,ABS (unpublished) Causes of Death Australia,rate (AS),,,,,,,,,,20.5
CtG14A.4,2017-2021,Mortality due to suicide,83,Males,Non-Indigenous people,All areas,Suicide deaths,five-year aggregate,Rate per 100000 people,,,Non-Indigenous people,Males,,,ABS (unpublished) Causes of Death Australia,rate (AS),16.2,np,23.2,20.6,19.3,np,np,17.4,19.1,
CtG14A.6,2015-2019,Mortality due to suicide,25,Females,Non-Indigenous people,All areas,Suicide deaths,five-year aggregate,Rate per 100000 people,,,Non-Indigenous people,Females,25-34 years old,,ABS (unpublished) Causes of Death Australia,rate,,,,,,,,,6.7,
CtG14A.5,2014-2018,Mortality due to suicide,18,All people,Aboriginal and Torres Strait Islander people,All areas,Suicide deaths,five-year aggregate,Rate per 100000 people,,,Aboriginal and Torres Strait Islander people,All people,18-24 years old,,ABS (unpublished) Causes of Death Australia,rate,22.7,np,61.1,75.2,21.3,np,np,61,46,
CtG14A.7,2017-2021,Mortality due to suicide,36,All people,Non-Indigenous people,Inner and outer regional,Suicide deaths,five-year aggregate,Rate per 100000 people,,,Non-Indigenous people,,Inner and outer regional,,ABS (unpublished) Causes of Death Australia,rate (AS),,,,,,,,,,16
CtG14A.9,2015-2019,Mortality due to suicide,66,Males,Non-Indigenous people,Inner and outer regional,Suicide deaths,five-year aggregate,Rate per 100000 people,,,Non-Indigenous people,Males,Inner and outer regional,,ABS (unpublished) Causes of Death Australia,rate (AS),,,,,,,,,,25.6
CtG14A.6,2014-2018,Mortality due to suicide,25,Males,Non-Indigenous people,All areas,Suicide deaths,five-year aggregate,Rate per 100000 people,,,Non-Indigenous people,Males,25-34 years old,,ABS (unpublished) Causes of Death Australia,rate,,,,,,,,,23.4,
CtG14A.6,2016-2020,Mortality due to suicide,18,Females,Non-Indigenous people,All areas,Suicide deaths,five-year aggregate,Rate per 100000 people,,,Non-Indigenous people,Females,18-24 years old,,ABS (unpublished) Causes of Death Australia,rate,,,,,,,,,6.3,
CtG14A.6,2016-2020,Mortality due to suicide,45,Females,Non-Indigenous people,All areas,Suicide deaths,five-year aggregate,Rate per 100000 people,,,Non-Indigenous people,Females,45+ years old,,ABS (unpublished) Causes of Death Australia,rate,,,,,,,,,7.4,
CtG14A.4,2017-2021,Mortality due to suicide,12,Males,Non-Indigenous people,All areas,Suicide deaths,five-year aggregate,Rate per 100000 people,,,Non-Indigenous people,Males,,,ABS (unpublished) Causes of Death Australia,rate (AS),16.2,np,23.2,20.6,19.3,np,np,17.4,19.1,
CtG14A.5,2017-2021,Mortality due to suicide,18,All people,Aboriginal and Torres Strait Islander people,All areas,Suicide deaths,five-year aggregate,Number,,,Aboriginal and Torres Strait Islander people,All people,18-24 years old,,ABS (unpublished) Causes of Death Australia,no.,50,11,106,31,16,1,5,44,np,
CtG14A.4,2015-2019,Mortality due to suicide,9,Males,Non-Indigenous people,All areas,Suicide deaths,five-year aggregate,Rate per 100000 people,,,Non-Indigenous people,Males,,,ABS (unpublished) Causes of Death Australia,rate (AS),16.7,np,23.4,20.3,19.2,np,np,22.8,19.4,
CtG14A.6,2018-2022,Mortality due to suicide,35,Males,Non-Indigenous people,All areas,Suicide deaths,five-year aggregate,Rate per 100000 people,,,Non-Indigenous people,Males,35-44 years old,,ABS (unpublished) Causes of Death Australia,rate,,,,,,,,,25.4,
CtG14A.4,2015-2019,Mortality due to suicide,52,Males,Aboriginal and Torres Strait Islander people,All areas,Suicide deaths,five-year aggregate,Number,,,Aboriginal and Torres Strait Islander people,Males,,,ABS (unpublished) Causes of Death Australia,no.,172,28,222,125,24,2,7,80,np,
CtG14A.6,2017-2021,Mortality due to suicide,25,Males,Aboriginal and Torres Strait Islander people,All areas,Suicide deaths,five-year aggregate,Rate per 100000 people,,,Aboriginal and Torres Strait Islander people,Males,25-34 years old,,ABS (unpublished) Causes of Death Australia,rate,,,,,,,,,70.6,
CtG14A.8,2014-2018,Mortality due to suicide,15,All people,Aboriginal and Torres Strait Islander people,Major cities,Suicide deaths,five-year aggregate,Number,,,Aboriginal and Torres Strait Islander people,,Major cities,,ABS (unpublished) Causes of Death Australia,no.,77,10,85,76,23,..,7,..,,
CtG14A.10,2017-2021,Mortality due to suicide,53,Females,Aboriginal and Torres Strait Islander people,Outer regional,Suicide deaths,five-year aggregate,Number,,,Aboriginal and Torres Strait Islander people,Females,Outer regional,,ABS (unpublished) Causes of Death Australia,no.,,,,,,,,,,58
CtG14A.5,2018-2022,Mortality due to suicide,18,All people,Aboriginal and Torres Strait Islander people,All areas,Suicide deaths,five-year aggregate,Number,,,Aboriginal and Torres Strait Islander people,All people,18-24 years old,,ABS (unpublished) Causes of Death Australia,no.,46,14,97,35,16,2,3,45,np,
CtG14A.9,2017-2021,Mortality due to suicide,81,Males,Non-Indigenous people,Inner and outer regional,Suicide deaths,five-year aggregate,Rate per 100000 people,,,Non-Indigenous people,Males,Inner and outer regional,,ABS (unpublished) Causes of Death Australia,rate (AS),,,,,,,,,,25.7
CtG14A.10,2017-2021,Mortality due to suicide,1,Females,Aboriginal and Torres Strait Islander people,Inner regional,Suicide deaths,five-year aggregate,Number,,,Aboriginal and Torres Strait Islander people,Females,Inner regional,,ABS (unpublished) Causes of Death Australia,no.,,,,,,,,,,50
CtG14A.2,2015-2019,Mortality due to suicide,89,All people,Non-Indigenous people,All areas,Suicide deaths,five-year aggregate,Rate per 100000 people,,,Non-Indigenous people,All people,,,ABS (unpublished) Causes of Death Australia,rate (AS),10.7,np,14.9,13.7,12.7,np,np,15.9,12.6,
CtG14A.5,2015-2019,Mortality due to suicide,35,All people,Aboriginal and Torres Strait Islander people,All areas,Suicide deaths,five-year aggregate,Number,,,Aboriginal and Torres Strait Islander people,All people,35-44 years old,,ABS (unpublished) Causes of Death Australia,no.,45,11,56,32,12,2,1,16,np,
CtG14A.6,2018-2022,Mortality due to suicide,35,Females,Non-Indigenous people,All areas,Suicide deaths,five-year aggregate,Rate per 100000 people,,,Non-Indigenous people,Females,35-44 years old,,ABS (unpublished) Causes of Death Australia,rate,,,,,,,,,8.3,
CtG14A.7,2018-2022,Mortality due to suicide,99,All people,Aboriginal and Torres Strait Islander people,Remote and very remote,Suicide deaths,five-year aggregate,Rate per 100000 people,,,Aboriginal and Torres Strait Islander people,,Remote and very remote,,ABS (unpublished) Causes of Death Australia,rate (AS),,,,,,,,,,30.8
CtG14A.4,2015-2019,Mortality due to suicide,10,Females,Aboriginal and Torres Strait Islander people,All areas,Suicide deaths,five-year aggregate,Rate per 100000 people,,,Aboriginal and Torres Strait Islander people,Females,,,ABS (unpublished) Causes of Death Australia,rate (AS),8.7,np,12.1,20.6,np,np,np,13.4,12.4,
CtG14A.5,2014-2018,Mortality due to suicide,18,All people,Aboriginal and Torres Strait Islander people,All areas,Suicide deaths,five-year aggregate,Rate per 100000 people,,,Aboriginal and Torres Strait Islander people,All people,18-24 years old,,ABS (unpublished) Causes of Death Australia,rate,22.7,np,61.1,75.2,21.3,np,np,61,46,
CtG14A.5,2016-2020,Mortality due to suicide,5,All people,Aboriginal and Torres Strait Islander people,All areas,Suicide deaths,five-year aggregate,Rate per 100000 people,,,Aboriginal and Torres Strait Islander people,All people,5-17 years old,,ABS (unpublished) Causes of Death Australia,rate,4.3,np,7.9,13.2,np,np,np,13.7,7.7,
CtG14A.5,2018-2022,Mortality due to suicide,25,All people,Non-Indigenous people,All areas,Suicide deaths,five-year aggregate,Rate per 100000 people,,,Non-Indigenous people,All people,25-34 years old,,ABS (unpublished) Causes of Death Australia,rate,12.3,np,17.5,18,16.5,np,np,11.2,15,
CtG14A.6,2016-2020,Mortality due to suicide,45,Males,Non-Indigenous people,All areas,Suicide deaths,five-year aggregate,Rate per 100000 people,,,Non-Indigenous people,Males,45+ years old,,ABS (unpublished) Causes of Death Australia,rate,,,,,,,,,24.3,
CtG14A.1,2026,Mortality due to suicide,31,All people,Aboriginal and Torres Strait Islander people,All areas,Suicide deaths,,Rate per 100000 people,Linear regression estimates,,Aboriginal and Torres Strait Islander people,All people,,,ABS (unpublished) Causes of Death Australia,rate (AS),,,,,,,,,33,
CtG14A.6,2015-2019,Mortality due to suicide,5,Males,Aboriginal and Torres Strait Islander people,All areas,Suicide deaths,five-year aggregate,Rate per 100000 people,,,Aboriginal and Torres Strait Islander people,Males,5-17 years old,,ABS (unpublished) Causes of Death Australia,rate,,,,,,,,,7.8,
CtG14A.10,2015-2019,Mortality due to suicide,33,Females,Aboriginal and Torres Strait Islander people,Very remote,Suicide deaths,five-year aggregate,Number,,,Aboriginal and Torres Strait Islander people,Females,Very remote,,ABS (unpublished) Causes of Death Australia,no.,,,,,,,,,,49
CtG14A.6,2017-2021,Mortality due to suicide,35,Females,Aboriginal and Torres Strait Islander people,All areas,Suicide deaths,five-year aggregate,Rate per 100000 people,,,Aboriginal and Torres Strait Islander people,Females,35-44 years old,,ABS (unpublished) Causes of Death Australia,rate,,,,,,,,,18.5,
CtG14A.10,2016-2020,Mortality due to suicide,88,Females,Aboriginal and Torres Strait Islander people,Remote,Suicide deaths,five-year aggregate,Number,,,Aboriginal and Torres Strait Islander people,Females,Remote,,ABS (unpublished) Causes of Death Australia,no.,,,,,,,,,,20
CtG14A.9,2017-2021,Mortality due to suicide,84,Males,Aboriginal and Torres Strait Islander people,Major cities,Suicide deaths,five-year aggregate,Rate per 100000 people,,,Aboriginal and Torres Strait Islander people,Males,Major cities,,ABS (unpublished) Causes of Death Australia,rate (AS),,,,,,,,,,34
CtG14A.6,2017-2021,Mortality due to suicide,25,Females,Non-Indigenous people,All areas,Suicide deaths,five-year aggregate,Rate per 100000 people,,,Non-Indigenous people,Females,25-34 years old,,ABS (unpublished) Causes of Death Australia,rate,,,,,,,,,6.5,
CtG14A.2,2011-2015,Mortality due to suicide,76,All people,Aboriginal and Torres Strait Islander people,All areas,Suicide deaths,five-year aggregate,Rate per 100000 people,,,Aboriginal and Torres Strait Islander people,All people,,,ABS (unpublished) Causes of Death Australia,rate (AS),12.4,np,22.6,39.4,25.8,np,np,28.1,22.2,
CtG14A.2,2017-2021,Mortality due to suicide,37,All people,Aboriginal and Torres Strait Islander people,All areas,Suicide deaths,five-year aggregate,Rate per 100000 people,,,Aboriginal and Torres Strait Islander people,All people,,,ABS Causes of Death Australia,rate (AS),20.8,np,28.1,34.7,24,np,np,30.9,26.4,
CtG14A.5,2017-2021,Mortality due to suicide,45,All people,Aboriginal and Torres Strait Islander people,All areas,Suicide deaths,five-year aggregate,Rate per 100000 people,,,Aboriginal and Torres Strait Islander people,All people,45+ years old,,ABS (unpublished) Causes of Death Australia,rate,19.8,np,16.8,19.3,14.6,np,np,19.4,18.5,
CtG14A.5,2016-2020,Mortality due to suicide,35,All people,Non-Indigenous people,All areas,Suicide deaths,five-year aggregate,Rate per 100000 people,,,Non-Indigenous people,All people,35-44 years old,,ABS (unpublished) Causes of Death Australia,rate,14.5,np,22.1,18.8,18.1,np,np,13.2,17.6,
CtG14A.6,2018-2022,Mortality due to suicide,42,Males,Non-Indigenous people,All areas,Suicide deaths,five-year aggregate,Rate per 100000 people,,,Non-Indigenous people,Males,All ages,,ABS (unpublished) Causes of Death Australia,rate,,,,,,,,,19.2,
CtG14A.6,2016-2020,Mortality due to suicide,5,Females,Non-Indigenous people,All areas,Suicide deaths,five-year aggregate,Rate per 100000 people,,,Non-Indigenous people,Females,5-17 years old,,ABS (unpublished) Causes of Death Australia,rate,,,,,,,,,1.5,
CtG14A.2,2017-2021,Mortality due to suicide,23,All people,Aboriginal and Torres Strait Islander people,All areas,Suicide deaths,five-year aggregate,Number,,,Aboriginal and Torres Strait Islander people,All people,,,ABS Causes of Death Australia,no.,252,68,318,179,51,10,11,129,929,
CtG14A.6,2018-2022,Mortality due to suicide,45,Females,Non-Indigenous people,All areas,Suicide deaths,five-year aggregate,Rate per 100000 people,,,Non-Indigenous people,Females,45+ years old,,ABS (unpublished) Causes of Death Australia,rate,,,,,,,,,7.1,
CtG14A.9,2014-2018,Mortality due to suicide,16,Females,Non-Indigenous people,Remote and very remote,Suicide deaths,five-year aggregate,Rate per 100000 people,,,Non-Indigenous people,Females,Remote and very remote,,ABS (unpublished) Causes of Death Australia,rate (AS),,,,,,,,,,5.9
CtG14A.6,2016-2020,Mortality due to suicide,35,Males,Aboriginal and Torres Strait Islander people,All areas,Suicide deaths,five-year aggregate,Rate per 100000 people,,,Aboriginal and Torres Strait Islander people,Males,35-44 years old,,ABS (unpublished) Causes of Death Australia,rate,,,,,,,,,75.1,
CtG14A.3,2013,Mortality due to suicide,61,Males,Aboriginal and Torres Strait Islander people,All areas,Suicide deaths,,Rate per 100000 people,,,Aboriginal and Torres Strait Islander people,Males,,,ABS (unpublished) Causes of Death Australia,rate (AS),,,,,,,,,33.7,
CtG14A.10,2017-2021,Mortality due to suicide,12,Females,Aboriginal and Torres Strait Islander people,Major cities,Suicide deaths,five-year aggregate,Number,,,Aboriginal and Torres Strait Islander people,Females,Major cities,,ABS (unpublished) Causes of Death Australia,no.,,,,,,,,,,96
CtG14A.9,2017-2021,Mortality due to suicide,15,Females,Aboriginal and Torres Strait Islander people,Remote and very remote,Suicide deaths,five-year aggregate,Rate per 100000 people,,,Aboriginal and Torres Strait Islander people,Females,Remote and very remote,,ABS (unpublished) Causes of Death Australia,rate (AS),,,,,,,,,,16.5
CtG14A.9,2018-2022,Mortality due to suicide,88,Males,Non-Indigenous people,Remote and very remote,Suicide deaths,five-year aggregate,Rate per 100000 people,,,Non-Indigenous people,Males,Remote and very remote,,ABS (unpublished) Causes of Death Australia,rate (AS),,,,,,,,,,23.5
CtG14A.5,2018-2022,Mortality due to suicide,25,All people,Aboriginal and Torres Strait Islander people,All areas,Suicide deaths,five-year aggregate,Number,,,Aboriginal and Torres Strait Islander people,All people,25-34 years old,,ABS (unpublished) Causes of Death Australia,no.,73,31,84,77,14,6,3,32,np,
CtG14A.6,2015-2019,Mortality due to suicide,10,Males,Aboriginal and Torres Strait Islander people,All areas,Suicide deaths,five-year aggregate,Rate per 100000 people,,,Aboriginal and Torres Strait Islander people,Males,All ages,,ABS (unpublished) Causes of Death Australia,rate,,,,,,,,,34.8,
CtG14A.9,2015-2019,Mortality due to suicide,73,Females,Aboriginal and Torres Strait Islander people,Major cities,Suicide deaths,five-year aggregate,Rate per 100000 people,,,Aboriginal and Torres Strait Islander people,Females,Major cities,,ABS (unpublished) Causes of Death Australia,rate (AS),,,,,,,,,,11.6
CtG14A.5,2017-2021,Mortality due to suicide,35,All people,Non-Indigenous people,All areas,Suicide deaths,five-year aggregate,Rate per 100000 people,,,Non-Indigenous people,All people,35-44 years old,,ABS (unpublished) Causes of Death Australia,rate,14.1,np,21.9,19,17.7,np,np,11.1,17.3,
CtG14A.8,2015-2019,Mortality due to suicide,77,All people,Aboriginal and Torres Strait Islander people,Inner and outer regional,Suicide deaths,five-year aggregate,Number,,,Aboriginal and Torres Strait Islander people,,Inner and outer regional,,ABS (unpublished) Causes of Death Australia,no.,127,26,150,26,11,7,0,18,,
CtG14A.3,2009,Mortality due to suicide,8,Females,Aboriginal and Torres Strait Islander people,All areas,Suicide deaths,,Rate per 100000 people,,,Aboriginal and Torres Strait Islander people,Females,,,ABS (unpublished) Causes of Death Australia,rate (AS),,,,,,,,,7.8,
CtG14A.6,2014-2018,Mortality due to suicide,25,Females,Aboriginal and Torres Strait Islander people,All areas,Suicide deaths,five-year aggregate,Rate per 100000 people,,,Aboriginal and Torres Strait Islander people,Females,25-34 years old,,ABS (unpublished) Causes of Death Australia,rate,,,,,,,,,21.7,
CtG14A.5,2015-2019,Mortality due to suicide,5,All people,Aboriginal and Torres Strait Islander people,All areas,Suicide deaths,five-year aggregate,Number,,,Aboriginal and Torres Strait Islander people,All people,5-17 years old,,ABS (unpublished) Causes of Death Australia,no.,19,3,24,22,1,3,0,14,np,
CtG14A.2,2014-2018,Mortality due to suicide,27,All people,Non-Indigenous people,All areas,Suicide deaths,five-year aggregate,Rate per 100000 people,,,Non-Indigenous people,All people,,,ABS (unpublished) Causes of Death Australia,rate (AS),10.7,np,14.7,13.2,12.9,np,np,16.2,12.5,
CtG14A.7,2018-2022,Mortality due to suicide,46,All people,Non-Indigenous people,Inner and outer regional,Suicide deaths,five-year aggregate,Rate per 100000 people,,,Non-Indigenous people,,Inner and outer regional,,ABS (unpublished) Causes of Death Australia,rate (AS),,,,,,,,,,15.7
CtG14A.8,2014-2018,Mortality due to suicide,98,All people,Aboriginal and Torres Strait Islander people,Remote and very remote,Suicide deaths,five-year aggregate,Number,,,Aboriginal and Torres Strait Islander people,,Remote and very remote,,ABS (unpublished) Causes of Death Australia,no.,6,0,44,91,1,0,..,85,,
CtG14A.5,2018-2022,Mortality due to suicide,18,All people,Non-Indigenous people,All areas,Suicide deaths,five-year aggregate,Rate per 100000 people,,,Non-Indigenous people,All people,18-24 years old,,ABS (unpublished) Causes of Death Australia,rate,11.7,np,16.9,15.3,13.9,np,np,24.1,14,
CtG14A.9,2015-2019,Mortality due to suicide,61,Males,Aboriginal and Torres Strait Islander people,Major cities,Suicide deaths,five-year aggregate,Rate per 100000 people,,,Aboriginal and Torres Strait Islander people,Males,Major cities,,ABS (unpublished) Causes of Death Australia,rate (AS),,,,,,,,,,31.7
CtG14A.9,2016-2020,Mortality due to suicide,39,Males,Non-Indigenous people,Major cities,Suicide deaths,five-year aggregate,Rate per 100000 people,,,Non-Indigenous people,Males,Major cities,,ABS (unpublished) Causes of Death Australia,rate (AS),,,,,,,,,,15.6
CtG14A.6,2018-2022,Mortality due to suicide,18,Females,Non-Indigenous people,All areas,Suicide deaths,five-year aggregate,Rate per 100000 people,,,Non-Indigenous people,Females,18-24 years old,,ABS (unpublished) Causes of Death Australia,rate,,,,,,,,,6.8,
CtG14A.5,2018-2022,Mortality due to suicide,35,All people,Aboriginal and Torres Strait Islander people,All areas,Suicide deaths,five-year aggregate,Rate per 100000 people,,,Aboriginal and Torres Strait Islander people,All people,35-44 years old,,ABS (unpublished) Causes of Death Australia,rate,48.6,np,54.9,69.6,43.2,np,np,39.9,52.3,
CtG14A.7,2017-2021,Mortality due to suicide,84,All people,Non-Indigenous people,Inner and outer regional,Suicide deaths,five-year aggregate,Rate per 100000 people,,,Non-Indigenous people,,Inner and outer regional,,ABS (unpublished) Causes of Death Australia,rate (AS),,,,,,,,,,16
CtG14A.1,2021,Mortality due to suicide,65,All people,Aboriginal and Torres Strait Islander people,All areas,Suicide deaths,,Rate per 100000 people,Linear regression estimates,,Aboriginal and Torres Strait Islander people,All people,,,ABS (unpublished) Causes of Death Australia,rate (AS),,,,,,,,,28.4,
CtG14A.5,2016-2020,Mortality due to suicide,5,All people,Non-Indigenous people,All areas,Suicide deaths,five-year aggregate,Rate per 100000 people,,,Non-Indigenous people,All people,5-17 years old,,ABS (unpublished) Causes of Death Australia,rate,2,np,2.6,2.4,1.9,np,np,4.8,2.2,
CtG14A.1,2025,Mortality due to suicide,58,All people,Aboriginal and Torres Strait Islander people,All areas,Suicide deaths,,Rate per 100000 people,Linear regression estimates,,Aboriginal and Torres Strait Islander people,All people,,,ABS (unpublished) Causes of Death Australia,rate (AS),,,,,,,,,32.1,
CtG14A.4,2017-2021,Mortality due to suicide,13,Males,Non-Indigenous people,All areas,Suicide deaths,five-year aggregate,Rate per 100000 people,,,Non-Indigenous people,Males,,,ABS (unpublished) Causes of Death Australia,rate (AS),16.2,np,23.2,20.6,19.3,np,np,17.4,19.1,
CtG14A.6,2018-2022,Mortality due to suicide,45,Females,Aboriginal and Torres Strait Islander people,All areas,Suicide deaths,five-year aggregate,Rate per 100000 people,,,Aboriginal and Torres Strait Islander people,Females,45+ years old,,ABS (unpublished) Causes of Death Australia,rate,,,,,,,,,10.3,
CtG14A.9,2015-2019,Mortality due to suicide,39,Females,Non-Indigenous people,Major cities,Suicide deaths,five-year aggregate,Rate per 100000 people,,,Non-Indigenous people,Females,Major cities,,ABS (unpublished) Causes of Death Australia,rate (AS),,,,,,,,,,5.6
CtG14A.6,2016-2020,Mortality due to suicide,25,Males,Aboriginal and Torres Strait Islander people,All areas,Suicide deaths,five-year aggregate,Rate per 100000 people,,,Aboriginal and Torres Strait Islander people,Males,25-34 years old,,ABS (unpublished) Causes of Death Australia,rate,,,,,,,,,70.6,
CtG14A.6,2017-2021,Mortality due to suicide,64,Males,Non-Indigenous people,All areas,Suicide deaths,five-year aggregate,Rate per 100000 people,,,Non-Indigenous people,Males,All ages,,ABS (unpublished) Causes of Death Australia,rate,,,,,,,,,19.4,
CtG14A.5,2014-2018,Mortality due to suicide,5,All people,Non-Indigenous people,All areas,Suicide deaths,five-year aggregate,Rate per 100000 people,,,Non-Indigenous people,All people,5-17 years old,,ABS (unpublished) Causes of Death Australia,rate,1.9,np,2.5,2,1.8,np,np,5.8,2.1,
CtG14A.9,2017-2021,Mortality due to suicide,90,Females,Non-Indigenous people,Remote and very remote,Suicide deaths,five-year aggregate,Rate per 100000 people,,,Non-Indigenous people,Females,Remote and very remote,,ABS (unpublished) Causes of Death Australia,rate (AS),,,,,,,,,,6.7
CtG14A.9,2014-2018,Mortality due to suicide,36,Females,Non-Indigenous people,Inner and outer regional,Suicide deaths,five-year aggregate,Rate per 100000 people,,,Non-Indigenous people,Females,Inner and outer regional,,ABS (unpublished) Causes of Death Australia,rate (AS),,,,,,,,,,6.4
CtG14A.5,2014-2018,Mortality due to suicide,45,All people,Non-Indigenous people,All areas,Suicide deaths,five-year aggregate,Rate per 100000 people,,,Non-Indigenous people,All people,45+ years old,,ABS (unpublished) Causes of Death Australia,rate,14.1,np,18.2,17,15.5,np,np,23,15.9,
CtG14A.1,2018,Mortality due to suicide,28,All people,Aboriginal and Torres Strait Islander people,All areas,Suicide deaths,,Rate per 100000 people,Linear regression estimates,,Aboriginal and Torres Strait Islander people,All people,,,ABS (unpublished) Causes of Death Australia,rate (AS),,,,,,,,,25.7,
CtG14A.5,2018-2022,Mortality due to suicide,35,All people,Aboriginal and Torres Strait Islander people,All areas,Suicide deaths,five-year aggregate,Number,,,Aboriginal and Torres Strait Islander people,All people,35-44 years old,,ABS (unpublished) Causes of Death Australia,no.,68,15,68,43,10,2,4,21,np,
CtG14A.6,2016-2020,Mortality due to suicide,18,Females,Aboriginal and Torres Strait Islander people,All areas,Suicide deaths,five-year aggregate,Rate per 100000 people,,,Aboriginal and Torres Strait Islander people,Females,18-24 years old,,ABS (unpublished) Causes of Death Australia,rate,,,,,,,,,27.4,
CtG14A.10,2015-2019,Mortality due to suicide,81,Males,Aboriginal and Torres Strait Islander people,Very remote,Suicide deaths,five-year aggregate,Number,,,Aboriginal and Torres Strait Islander people,Males,Very remote,,ABS (unpublished) Causes of Death Australia,no.,,,,,,,,,,100
CtG14A.9,2018-2022,Mortality due to suicide,96,Females,Aboriginal and Torres Strait Islander people,Major cities,Suicide deaths,five-year aggregate,Rate per 100000 people,,,Aboriginal and Torres Strait Islander people,Females,Major cities,,ABS (unpublished) Causes of Death Australia,rate (AS),,,,,,,,,,13.6
CtG14A.5,2016-2020,Mortality due to suicide,45,All people,Aboriginal and Torres Strait Islander people,All areas,Suicide deaths,five-year aggregate,Rate per 100000 people,,,Aboriginal and Torres Strait Islander people,All people,45+ years old,,ABS (unpublished) Causes of Death Australia,rate,20.6,np,15.8,15.4,15,np,np,16.5,17.7,
CtG14A.5,2014-2018,Mortality due to suicide,18,All people,Non-Indigenous people,All areas,Suicide deaths,five-year aggregate,Rate per 100000 people,,,Non-Indigenous people,All people,18-24 years old,,ABS (unpublished) Causes of Death Australia,rate,11.6,np,16.5,13.8,12.2,np,np,22.9,13.5,
CtG14A.6,2017-2021,Mortality due to suicide,35,Females,Non-Indigenous people,All areas,Suicide deaths,five-year aggregate,Rate per 100000 people,,,Non-Indigenous people,Females,35-44 years old,,ABS (unpublished) Causes of Death Australia,rate,,,,,,,,,8.4,
CtG14A.7,2015-2019,Mortality due to suicide,52,All people,Aboriginal and Torres Strait Islander people,Remote and very remote,Suicide deaths,five-year aggregate,Rate per 100000 people,,,Aboriginal and Torres Strait Islander people,,Remote and very remote,,ABS (unpublished) Causes of Death Australia,rate (AS),,,,,,,,,,28.3
CtG14A.1,2030,Mortality due to suicide,58,All people,Aboriginal and Torres Strait Islander people,All areas,Suicide deaths,,Rate per 100000 people,Linear regression estimates,,Aboriginal and Torres Strait Islander people,All people,,,ABS (unpublished) Causes of Death Australia,rate (AS),,,,,,,,,36.7,
CtG14A.6,2016-2020,Mortality due to suicide,5,Males,Aboriginal and Torres Strait Islander people,All areas,Suicide deaths,five-year aggregate,Rate per 100000 people,,,Aboriginal and Torres Strait Islander people,Males,5-17 years old,,ABS (unpublished) Causes of Death Australia,rate,,,,,,,,,7,
CtG14A.6,2016-2020,Mortality due to suicide,45,Females,Non-Indigenous people,All areas,Suicide deaths,five-year aggregate,Rate per 100000 people,,,Non-Indigenous people,Females,45+ years old,,ABS (unpublished) Causes of Death Australia,rate,,,,,,,,,7.4,
CtG14A.5,2015-2019,Mortality due to suicide,35,All people,Non-Indigenous people,All areas,Suicide deaths,five-year aggregate,Rate per 100000 people,,,Non-Indigenous people,All people,35-44 years old,,ABS (unpublished) Causes of Death Australia,rate,15.2,np,23,19.5,18.2,np,np,16.4,18.4,
CtG14A.5,2014-2018,Mortality due to suicide,35,All people,Aboriginal and Torres Strait Islander people,All areas,Suicide deaths,five-year aggregate,Number,,,Aboriginal and Torres Strait Islander people,All people,35-44 years old,,ABS (unpublished) Causes of Death Australia,no.,33,10,52,34,16,4,1,18,np,
CtG14A.6,2018-2022,Mortality due to suicide,64,Females,Aboriginal and Torres Strait Islander people,All areas,Suicide deaths,five-year aggregate,Rate per 100000 people,,,Aboriginal and Torres Strait Islander people,Females,All ages,,ABS (unpublished) Causes of Death Australia,rate,,,,,,,,,14,
CtG14A.1,2019,Mortality due to suicide,94,All people,Aboriginal and Torres Strait Islander people,All areas,Suicide deaths,,Rate per 100000 people,Linear regression estimates,,Aboriginal and Torres Strait Islander people,All people,,95%CI,ABS (unpublished) Causes of Death Australia,rate (AS) (±),,,,,,,,,1.8,
CtG14A.2,2013-2017,Mortality due to suicide,7,All people,Aboriginal and Torres Strait Islander people,All areas,Suicide deaths,five-year aggregate,Number,,,Aboriginal and Torres Strait Islander people,All people,,,ABS (unpublished) Causes of Death Australia,no.,173,34,249,195,45,6,7,105,767,
CtG14A.4,2018-2022,Mortality due to suicide,62,Males,Non-Indigenous people,All areas,Suicide deaths,five-year aggregate,Rate per 100000 people,,,Non-Indigenous people,Males,,,ABS (unpublished) Causes of Death Australia,rate (AS),16.1,np,22.8,19.7,19.6,np,np,18.4,18.9,
CtG14A.5,2017-2021,Mortality due to suicide,5,All people,Aboriginal and Torres Strait Islander people,All areas,Suicide deaths,five-year aggregate,Number,,,Aboriginal and Torres Strait Islander people,All people,5-17 years old,,ABS (unpublished) Causes of Death Australia,no.,17,1,27,16,4,0,0,14,np,
CtG14A.6,2016-2020,Mortality due to suicide,5,Females,Aboriginal and Torres Strait Islander people,All areas,Suicide deaths,five-year aggregate,Rate per 100000 people,,,Aboriginal and Torres Strait Islander people,Females,5-17 years old,,ABS (unpublished) Causes of Death Australia,rate,,,,,,,,,8.4,
CtG14A.8,2014-2018,Mortality due to suicide,8,All people,Aboriginal and Torres Strait Islander people,Major cities,Suicide deaths,five-year aggregate,Number,,,Aboriginal and Torres Strait Islander people,,Major cities,,ABS (unpublished) Causes of Death Australia,no.,77,10,85,76,23,..,7,..,,
CtG14A.8,2015-2019,Mortality due to suicide,92,All people,Aboriginal and Torres Strait Islander people,Inner and outer regional,Suicide deaths,five-year aggregate,Number,,,Aboriginal and Torres Strait Islander people,,Inner and outer regional,,ABS (unpublished) Causes of Death Australia,no.,127,26,150,26,11,7,0,18,,
CtG14A.5,2017-2021,Mortality due to suicide,45,All people,Aboriginal and Torres Strait Islander people,All areas,Suicide deaths,five-year aggregate,Number,,,Aboriginal and Torres Strait Islander people,All people,45+ years old,,ABS (unpublished) Causes of Death Australia,no.,63,18,42,22,7,3,4,17,np,
CtG14A.3,2015,Mortality due to suicide,39,Females,Non-Indigenous people,All areas,Suicide deaths,,Rate per 100000 people,,,Non-Indigenous people,Females,,,ABS (unpublished) Causes of Death Australia,rate (AS),,,,,,,,,6.3,
CtG14A.5,2014-2018,Mortality due to suicide,45,All people,Aboriginal and Torres Strait Islander people,All areas,Suicide deaths,five-year aggregate,Rate per 100000 people,,,Aboriginal and Torres Strait Islander people,All people,45+ years old,,ABS (unpublished) Causes of Death Australia,rate,16.3,np,13.6,17.6,16.1,np,np,12.6,15.3,
CtG14A.9,2017-2021,Mortality due to suicide,30,Males,Aboriginal and Torres Strait Islander people,Remote and very remote,Suicide deaths,five-year aggregate,Rate per 100000 people,,,Aboriginal and Torres Strait Islander people,Males,Remote and very remote,,ABS (unpublished) Causes of Death Australia,rate (AS),,,,,,,,,,43.9
CtG14A.6,2017-2021,Mortality due to suicide,35,Females,Non-Indigenous people,All areas,Suicide deaths,five-year aggregate,Rate per 100000 people,,,Non-Indigenous people,Females,35-44 years old,,ABS (unpublished) Causes of Death Australia,rate,,,,,,,,,8.4,
CtG14A.9,2014-2018,Mortality due to suicide,48,Females,Aboriginal and Torres Strait Islander people,Inner and outer regional,Suicide deaths,five-year aggregate,Rate per 100000 people,,,Aboriginal and Torres Strait Islander people,Females,Inner and outer regional,,ABS (unpublished) Causes of Death Australia,rate (AS),,,,,,,,,,9.6
CtG14A.6,2014-2018,Mortality due to suicide,5,Females,Aboriginal and Torres Strait Islander people,All areas,Suicide deaths,five-year aggregate,Rate per 100000 people,,,Aboriginal and Torres Strait Islander people,Females,5-17 years old,,ABS (unpublished) Causes of Death Australia,rate,,,,,,,,,7.8,
CtG14A.5,2015-2019,Mortality due to suicide,18,All people,Aboriginal and Torres Strait Islander people,All areas,Suicide deaths,five-year aggregate,Rate per 100000 people,,,Aboriginal and Torres Strait Islander people,All people,18-24 years old,,ABS (unpublished) Causes of Death Australia,rate,23.9,np,67.8,62.9,31.4,np,np,75.8,48.9,
CtG14A.3,2015,Mortality due to suicide,37,Males,Non-Indigenous people,All areas,Suicide deaths,,Rate per 100000 people,,,Non-Indigenous people,Males,,,ABS (unpublished) Causes of Death Australia,rate (AS),,,,,,,,,19.5,
CtG14A.9,2016-2020,Mortality due to suicide,63,Females,Aboriginal and Torres Strait Islander people,Inner and outer regional,Suicide deaths,five-year aggregate,Rate per 100000 people,,,Aboriginal and Torres Strait Islander people,Females,Inner and outer regional,,ABS (unpublished) Causes of Death Australia,rate (AS),,,,,,,,,,11.1
CtG14A.6,2016-2020,Mortality due to suicide,18,Females,Aboriginal and Torres Strait Islander people,All areas,Suicide deaths,five-year aggregate,Rate per 100000 people,,,Aboriginal and Torres Strait Islander people,Females,18-24 years old,,ABS (unpublished) Causes of Death Australia,rate,,,,,,,,,27.4,
CtG14A.9,2015-2019,Mortality due to suicide,42,Males,Aboriginal and Torres Strait Islander people,Remote and very remote,Suicide deaths,five-year aggregate,Rate per 100000 people,,,Aboriginal and Torres Strait Islander people,Males,Remote and very remote,,ABS (unpublished) Causes of Death Australia,rate (AS),,,,,,,,,,42.7
CtG14A.6,2017-2021,Mortality due to suicide,5,Males,Non-Indigenous people,All areas,Suicide deaths,five-year aggregate,Rate per 100000 people,,,Non-Indigenous people,Males,5-17 years old,,ABS (unpublished) Causes of Death Australia,rate,,,,,,,,,2.9,
CtG14A.8,2016-2020,Mortality due to suicide,39,All people,Aboriginal and Torres Strait Islander people,Major cities,Suicide deaths,five-year aggregate,Number,,,Aboriginal and Torres Strait Islander people,,Major cities,,ABS (unpublished) Causes of Death Australia,no.,101,23,94,66,27,..,10,..,,
CtG14A.6,2017-2021,Mortality due to suicide,35,Females,Non-Indigenous people,All areas,Suicide deaths,five-year aggregate,Rate per 100000 people,,,Non-Indigenous people,Females,35-44 years old,,ABS (unpublished) Causes of Death Australia,rate,,,,,,,,,8.4,
CtG14A.5,2017-2021,Mortality due to suicide,5,All people,Aboriginal and Torres Strait Islander people,All areas,Suicide deaths,five-year aggregate,Number,,,Aboriginal and Torres Strait Islander people,All people,5-17 years old,,ABS (unpublished) Causes of Death Australia,no.,17,1,27,16,4,0,0,14,np,
CtG14A.5,2018-2022,Mortality due to suicide,18,All people,Aboriginal and Torres Strait Islander people,All areas,Suicide deaths,five-year aggregate,Rate per 100000 people,,,Aboriginal and Torres Strait Islander people,All people,18-24 years old,,ABS (unpublished) Causes of Death Australia,rate,24.5,np,60.5,50.5,52.3,np,np,92.4,48.1,
CtG14A.6,2017-2021,Mortality due to suicide,94,Females,Non-Indigenous people,All areas,Suicide deaths,five-year aggregate,Rate per 100000 people,,,Non-Indigenous people,Females,All ages,,ABS (unpublished) Causes of Death Australia,rate,,,,,,,,,6,
CtG14A.6,2016-2020,Mortality due to suicide,5,Females,Non-Indigenous people,All areas,Suicide deaths,five-year aggregate,Rate per 100000 people,,,Non-Indigenous people,Females,5-17 years old,,ABS (unpublished) Causes of Death Australia,rate,,,,,,,,,1.5,
CtG14A.5,2018-2022,Mortality due to suicide,5,All people,Aboriginal and Torres Strait Islander people,All areas,Suicide deaths,five-year aggregate,Number,,,Aboriginal and Torres Strait Islander people,All people,5-17 years old,,ABS (unpublished) Causes of Death Australia,no.,18,1,31,14,2,0,0,12,np,
CtG14A.4,2014-2018,Mortality due to suicide,71,Males,Non-Indigenous people,All areas,Suicide deaths,five-year aggregate,Rate per 100000 people,,,Non-Indigenous people,Males,,,ABS (unpublished) Causes of Death Australia,rate (AS),16.5,np,23,19.6,19.3,np,np,23.2,19.1,
CtG14A.6,2018-2022,Mortality due to suicide,5,Males,Non-Indigenous people,All areas,Suicide deaths,five-year aggregate,Rate per 100000 people,,,Non-Indigenous people,Males,5-17 years old,,ABS (unpublished) Causes of Death Australia,rate,,,,,,,,,2.7,
CtG14A.6,2016-2020,Mortality due to suicide,45,Males,Non-Indigenous people,All areas,Suicide deaths,five-year aggregate,Rate per 100000 people,,,Non-Indigenous people,Males,45+ years old,,ABS (unpublished) Causes of Death Australia,rate,,,,,,,,,24.3,
CtG14A.5,2016-2020,Mortality due to suicide,45,All people,Non-Indigenous people,All areas,Suicide deaths,five-year aggregate,Rate per 100000 people,,,Non-Indigenous people,All people,45+ years old,,ABS (unpublished) Causes of Death Australia,rate,13.8,np,17.9,16.5,15.2,np,np,20.8,15.6,
CtG14A.6,2014-2018,Mortality due to suicide,26,Females,Aboriginal and Torres Strait Islander people,All areas,Suicide deaths,five-year aggregate,Rate per 100000 people,,,Aboriginal and Torres Strait Islander people,Females,All ages,,ABS (unpublished) Causes of Death Australia,rate,,,,,,,,,12.1,
CtG14A.5,2018-2022,Mortality due to suicide,45,All people,Aboriginal and Torres Strait Islander people,All areas,Suicide deaths,five-year aggregate,Number,,,Aboriginal and Torres Strait Islander people,All people,45+ years old,,ABS (unpublished) Causes of Death Australia,no.,71,22,42,29,9,3,2,20,np,
CtG14A.3,2009,Mortality due to suicide,27,Males,Aboriginal and Torres Strait Islander people,All areas,Suicide deaths,,Number,,,Aboriginal and Torres Strait Islander people,Males,,,ABS (unpublished) Causes of Death Australia,no.,,,,,,,,,75,
CtG14A.8,2015-2019,Mortality due to suicide,11,All people,Aboriginal and Torres Strait Islander people,Major cities,Suicide deaths,five-year aggregate,Number,,,Aboriginal and Torres Strait Islander people,,Major cities,,ABS (unpublished) Causes of Death Australia,no.,93,12,91,70,24,..,9,..,,
CtG14A.6,2018-2022,Mortality due to suicide,56,Males,Non-Indigenous people,All areas,Suicide deaths,five-year aggregate,Rate per 100000 people,,,Non-Indigenous people,Males,All ages,,ABS (unpublished) Causes of Death Australia,rate,,,,,,,,,19.2,
CtG14A.6,2015-2019,Mortality due to suicide,5,Males,Aboriginal and Torres Strait Islander people,All areas,Suicide deaths,five-year aggregate,Rate per 100000 people,,,Aboriginal and Torres Strait Islander people,Males,5-17 years old,,ABS (unpublished) Causes of Death Australia,rate,,,,,,,,,7.8,
CtG14A.6,2017-2021,Mortality due to suicide,45,Males,Non-Indigenous people,All areas,Suicide deaths,five-year aggregate,Rate per 100000 people,,,Non-Indigenous people,Males,45+ years old,,ABS (unpublished) Causes of Death Australia,rate,,,,,,,,,24.7,
CtG14A.6,2017-2021,Mortality due to suicide,5,Females,Aboriginal and Torres Strait Islander people,All areas,Suicide deaths,five-year aggregate,Rate per 100000 people,,,Aboriginal and Torres Strait Islander people,Females,5-17 years old,,ABS (unpublished) Causes of Death Australia,rate,,,,,,,,,8.2,
CtG14A.10,2016-2020,Mortality due to suicide,56,Males,Aboriginal and Torres Strait Islander people,Remote,Suicide deaths,five-year aggregate,Number,,,Aboriginal and Torres Strait Islander people,Males,Remote,,ABS (unpublished) Causes of Death Australia,no.,,,,,,,,,,60
CtG14A.9,2017-2021,Mortality due to suicide,9,Females,Aboriginal and Torres Strait Islander people,Major cities,Suicide deaths,five-year aggregate,Rate per 100000 people,,,Aboriginal and Torres Strait Islander people,Females,Major cities,,ABS (unpublished) Causes of Death Australia,rate (AS),,,,,,,,,,12.6
CtG14A.6,2018-2022,Mortality due to suicide,35,Females,Non-Indigenous people,All areas,Suicide deaths,five-year aggregate,Rate per 100000 people,,,Non-Indigenous people,Females,35-44 years old,,ABS (unpublished) Causes of Death Australia,rate,,,,,,,,,8.3,
CtG14A.4,2015-2019,Mortality due to suicide,11,Females,Aboriginal and Torres Strait Islander people,All areas,Suicide deaths,five-year aggregate,Rate per 100000 people,,,Aboriginal and Torres Strait Islander people,Females,,,ABS (unpublished) Causes of Death Australia,rate (AS),8.7,np,12.1,20.6,np,np,np,13.4,12.4,
CtG14A.6,2016-2020,Mortality due to suicide,3,Females,Aboriginal and Torres Strait Islander people,All areas,Suicide deaths,five-year aggregate,Rate per 100000 people,,,Aboriginal and Torres Strait Islander people,Females,All ages,,ABS (unpublished) Causes of Death Australia,rate,,,,,,,,,12.8,
CtG14A.5,2018-2022,Mortality due to suicide,35,All people,Non-Indigenous people,All areas,Suicide deaths,five-year aggregate,Rate per 100000 people,,,Non-Indigenous people,All people,35-44 years old,,ABS (unpublished) Causes of Death Australia,rate,13.8,np,20.9,17.5,18.4,np,np,12.5,16.8,
CtG14A.8,2018-2022,Mortality due to suicide,48,All people,Aboriginal and Torres Strait Islander people,Major cities,Suicide deaths,five-year aggregate,Number,,,Aboriginal and Torres Strait Islander people,,Major cities,,ABS (unpublished) Causes of Death Australia,no.,124,38,98,75,35,..,10,..,,
CtG14A.6,2015-2019,Mortality due to suicide,35,Males,Non-Indigenous people,All areas,Suicide deaths,five-year aggregate,Rate per 100000 people,,,Non-Indigenous people,Males,35-44 years old,,ABS (unpublished) Causes of Death Australia,rate,,,,,,,,,28.3,
CtG14A.9,2018-2022,Mortality due to suicide,59,Males,Non-Indigenous people,Remote and very remote,Suicide deaths,five-year aggregate,Rate per 100000 people,,,Non-Indigenous people,Males,Remote and very remote,,ABS (unpublished) Causes of Death Australia,rate (AS),,,,,,,,,,23.5
CtG14A.2,2009-2013,Mortality due to suicide,90,All people,Non-Indigenous people,All areas,Suicide deaths,five-year aggregate,Number,,,Non-Indigenous people,All people,,,ABS (unpublished) Causes of Death Australia,no.,3213,2676,2720,1366,935,359,158,92,8326,
CtG14A.10,2017-2021,Mortality due to suicide,97,Males,Aboriginal and Torres Strait Islander people,Inner regional,Suicide deaths,five-year aggregate,Number,,,Aboriginal and Torres Strait Islander people,Males,Inner regional,,ABS (unpublished) Causes of Death Australia,no.,,,,,,,,,,161
CtG14A.9,2017-2021,Mortality due to suicide,8,Females,Non-Indigenous people,Major cities,Suicide deaths,five-year aggregate,Rate per 100000 people,,,Non-Indigenous people,Females,Major cities,,ABS (unpublished) Causes of Death Australia,rate (AS),,,,,,,,,,5.4
CtG14A.9,2017-2021,Mortality due to suicide,22,Males,Non-Indigenous people,Major cities,Suicide deaths,five-year aggregate,Rate per 100000 people,,,Non-Indigenous people,Males,Major cities,,ABS (unpublished) Causes of Death Australia,rate (AS),,,,,,,,,,15.6
CtG14A.7,2014-2018,Mortality due to suicide,71,All people,Non-Indigenous people,Remote and very remote,Suicide deaths,five-year aggregate,Rate per 100000 people,,,Non-Indigenous people,,Remote and very remote,,ABS (unpublished) Causes of Death Australia,rate (AS),,,,,,,,,,14.9
CtG14A.6,2017-2021,Mortality due to suicide,5,Males,Non-Indigenous people,All areas,Suicide deaths,five-year aggregate,Rate per 100000 people,,,Non-Indigenous people,Males,5-17 years old,,ABS (unpublished) Causes of Death Australia,rate,,,,,,,,,2.9,
CtG14A.6,2015-2019,Mortality due to suicide,99,Females,Aboriginal and Torres Strait Islander people,All areas,Suicide deaths,five-year aggregate,Rate per 100000 people,,,Aboriginal and Torres Strait Islander people,Females,All ages,,ABS (unpublished) Causes of Death Australia,rate,,,,,,,,,12.6,
CtG14A.5,2018-2022,Mortality due to suicide,18,All people,Aboriginal and Torres Strait Islander people,All areas,Suicide deaths,five-year aggregate,Rate per 100000 people,,,Aboriginal and Torres Strait Islander people,All people,18-24 years old,,ABS (unpublished) Causes of Death Australia,rate,24.5,np,60.5,50.5,52.3,np,np,92.4,48.1,
CtG14A.2,2010-2014,Mortality due to suicide,8,All people,Non-Indigenous people,All areas,Suicide deaths,five-year aggregate,Number,,,Non-Indigenous people,All people,,,ABS (unpublished) Causes of Death Australia,no.,3424,2755,2848,1422,998,349,163,100,8792,
CtG14A.9,2017-2021,Mortality due to suicide,5,Females,Non-Indigenous people,Major cities,Suicide deaths,five-year aggregate,Rate per 100000 people,,,Non-Indigenous people,Females,Major cities,,ABS (unpublished) Causes of Death Australia,rate (AS),,,,,,,,,,5.4
CtG14A.4,2014-2018,Mortality due to suicide,60,Females,Non-Indigenous people,All areas,Suicide deaths,five-year aggregate,Rate per 100000 people,,,Non-Indigenous people,Females,,,ABS (unpublished) Causes of Death Australia,rate (AS),5.1,np,6.7,6.9,6.6,np,np,8.5,6,
CtG14A.6,2018-2022,Mortality due to suicide,5,Males,Non-Indigenous people,All areas,Suicide deaths,five-year aggregate,Rate per 100000 people,,,Non-Indigenous people,Males,5-17 years old,,ABS (unpublished) Causes of Death Australia,rate,,,,,,,,,2.7,
CtG14A.10,2014-2018,Mortality due to suicide,75,Males,Aboriginal and Torres Strait Islander people,Major cities,Suicide deaths,five-year aggregate,Number,,,Aboriginal and Torres Strait Islander people,Males,Major cities,,ABS (unpublished) Causes of Death Australia,no.,,,,,,,,,,201
CtG14A.5,2014-2018,Mortality due to suicide,35,All people,Non-Indigenous people,All areas,Suicide deaths,five-year aggregate,Rate per 100000 people,,,Non-Indigenous people,All people,35-44 years old,,ABS (unpublished) Causes of Death Australia,rate,15.5,np,22.3,18.9,19.5,np,np,14.9,18.3,
CtG14A.8,2015-2019,Mortality due to suicide,67,All people,Aboriginal and Torres Strait Islander people,Remote and very remote,Suicide deaths,five-year aggregate,Number,,,Aboriginal and Torres Strait Islander people,,Remote and very remote,,ABS (unpublished) Causes of Death Australia,no.,4,0,53,83,2,0,..,86,,
CtG14A.9,2015-2019,Mortality due to suicide,22,Males,Aboriginal and Torres Strait Islander people,Remote and very remote,Suicide deaths,five-year aggregate,Rate per 100000 people,,,Aboriginal and Torres Strait Islander people,Males,Remote and very remote,,ABS (unpublished) Causes of Death Australia,rate (AS),,,,,,,,,,42.7
CtG14A.7,2016-2020,Mortality due to suicide,49,All people,Non-Indigenous people,Remote and very remote,Suicide deaths,five-year aggregate,Rate per 100000 people,,,Non-Indigenous people,,Remote and very remote,,ABS (unpublished) Causes of Death Australia,rate (AS),,,,,,,,,,15.1
CtG14A.6,2018-2022,Mortality due to suicide,35,Males,Non-Indigenous people,All areas,Suicide deaths,five-year aggregate,Rate per 100000 people,,,Non-Indigenous people,Males,35-44 years old,,ABS (unpublished) Causes of Death Australia,rate,,,,,,,,,25.4,
CtG14A.8,2018-2022,Mortality due to suicide,25,All people,Aboriginal and Torres Strait Islander people,Major cities,Suicide deaths,five-year aggregate,Number,,,Aboriginal and Torres Strait Islander people,,Major cities,,ABS (unpublished) Causes of Death Australia,no.,124,38,98,75,35,..,10,..,,
CtG14A.6,2015-2019,Mortality due to suicide,25,Females,Aboriginal and Torres Strait Islander people,All areas,Suicide deaths,five-year aggregate,Rate per 100000 people,,,Aboriginal and Torres Strait Islander people,Females,25-34 years old,,ABS (unpublished) Causes of Death Australia,rate,,,,,,,,,21.7,
CtG14A.6,2014-2018,Mortality due to suicide,35,Females,Non-Indigenous people,All areas,Suicide deaths,five-year aggregate,Rate per 100000 people,,,Non-Indigenous people,Females,35-44 years old,,ABS (unpublished) Causes of Death Australia,rate,,,,,,,,,8.2,
CtG14A.6,2016-2020,Mortality due to suicide,35,Females,Aboriginal and Torres Strait Islander people,All areas,Suicide deaths,five-year aggregate,Rate per 100000 people,,,Aboriginal and Torres Strait Islander people,Females,35-44 years old,,ABS (unpublished) Causes of Death Australia,rate,,,,,,,,,15.7,
CtG14A.6,2017-2021,Mortality due to suicide,35,Males,Aboriginal and Torres Strait Islander people,All areas,Suicide deaths,five-year aggregate,Rate per 100000 people,,,Aboriginal and Torres Strait Islander people,Males,35-44 years old,,ABS (unpublished) Causes of Death Australia,rate,,,,,,,,,77.7,
CtG14A.2,2012-2016,Mortality due to suicide,46,All people,Non-Indigenous people,All areas,Suicide deaths,five-year aggregate,Rate per 100000 people,,,Non-Indigenous people,All people,,,ABS (unpublished) Causes of Death Australia,rate (AS),10.1,np,13.8,12.6,12.6,np,np,14.4,11.8,
CtG14A.1,2028,Mortality due to suicide,85,All people,Aboriginal and Torres Strait Islander people,All areas,Suicide deaths,,Rate per 100000 people,Linear regression estimates,,Aboriginal and Torres Strait Islander people,All people,,95%CI,ABS (unpublished) Causes of Death Australia,rate (AS) (±),,,,,,,,,8.7,
CtG14A.7,2014-2018,Mortality due to suicide,43,All people,Non-Indigenous people,Remote and very remote,Suicide deaths,five-year aggregate,Rate per 100000 people,,,Non-Indigenous people,,Remote and very remote,,ABS (unpublished) Causes of Death Australia,rate (AS),,,,,,,,,,14.9
CtG14A.5,2015-2019,Mortality due to suicide,45,All people,Aboriginal and Torres Strait Islander people,All areas,Suicide deaths,five-year aggregate,Rate per 100000 people,,,Aboriginal and Torres Strait Islander people,All people,45+ years old,,ABS (unpublished) Causes of Death Australia,rate,19,np,15.7,15,15.5,np,np,14.6,16.8,
CtG14A.10,2017-2021,Mortality due to suicide,75,Females,Aboriginal and Torres Strait Islander people,Outer regional,Suicide deaths,five-year aggregate,Number,,,Aboriginal and Torres Strait Islander people,Females,Outer regional,,ABS (unpublished) Causes of Death Australia,no.,,,,,,,,,,58
CtG14A.3,2020,Mortality due to suicide,44,Females,Non-Indigenous people,All areas,Suicide deaths,,Rate per 100000 people,,,Non-Indigenous people,Females,,,ABS (unpublished) Causes of Death Australia,rate (AS),,,,,,,,,5.5,
CtG14A.5,2015-2019,Mortality due to suicide,35,All people,Non-Indigenous people,All areas,Suicide deaths,five-year aggregate,Rate per 100000 people,,,Non-Indigenous people,All people,35-44 years old,,ABS (unpublished) Causes of Death Australia,rate,15.2,np,23,19.5,18.2,np,np,16.4,18.4,
CtG14A.7,2014-2018,Mortality due to suicide,32,All people,Aboriginal and Torres Strait Islander people,Remote and very remote,Suicide deaths,five-year aggregate,Rate per 100000 people,,,Aboriginal and Torres Strait Islander people,,Remote and very remote,,ABS (unpublished) Causes of Death Australia,rate (AS),,,,,,,,,,28.5
CtG14A.4,2016-2020,Mortality due to suicide,29,Males,Aboriginal and Torres Strait Islander people,All areas,Suicide deaths,five-year aggregate,Rate per 100000 people,,,Aboriginal and Torres Strait Islander people,Males,,,ABS (unpublished) Causes of Death Australia,rate (AS),32.5,np,43.8,45.6,29.2,np,np,43.3,39.2,
CtG14A.3,2016,Mortality due to suicide,62,Females,Aboriginal and Torres Strait Islander people,All areas,Suicide deaths,,Number,,,Aboriginal and Torres Strait Islander people,Females,,,ABS (unpublished) Causes of Death Australia,no.,,,,,,,,,43,
CtG14A.5,2017-2021,Mortality due to suicide,18,All people,Non-Indigenous people,All areas,Suicide deaths,five-year aggregate,Rate per 100000 people,,,Non-Indigenous people,All people,18-24 years old,,ABS (unpublished) Causes of Death Australia,rate,11.5,np,16.8,15.5,13.9,np,np,22.8,13.9,
CtG14A.5,2014-2018,Mortality due to suicide,35,All people,Aboriginal and Torres Strait Islander people,All areas,Suicide deaths,five-year aggregate,Rate per 100000 people,,,Aboriginal and Torres Strait Islander people,All people,35-44 years old,,ABS (unpublished) Causes of Death Australia,rate,23.8,np,43,58.6,71.9,np,np,36.1,39.2,
CtG14A.8,2017-2021,Mortality due to suicide,47,All people,Aboriginal and Torres Strait Islander people,Major cities,Suicide deaths,five-year aggregate,Number,,,Aboriginal and Torres Strait Islander people,,Major cities,,ABS (unpublished) Causes of Death Australia,no.,108,28,89,69,32,..,11,..,,
CtG14A.7,2017-2021,Mortality due to suicide,83,All people,Aboriginal and Torres Strait Islander people,Major cities,Suicide deaths,five-year aggregate,Rate per 100000 people,,,Aboriginal and Torres Strait Islander people,,Major cities,,ABS (unpublished) Causes of Death Australia,rate (AS),,,,,,,,,,23.1
CtG14A.4,2017-2021,Mortality due to suicide,73,Females,Aboriginal and Torres Strait Islander people,All areas,Suicide deaths,five-year aggregate,Number,,,Aboriginal and Torres Strait Islander people,Females,,,ABS (unpublished) Causes of Death Australia,no.,57,22,84,56,19,4,2,37,np,
CtG14A.5,2016-2020,Mortality due to suicide,45,All people,Aboriginal and Torres Strait Islander people,All areas,Suicide deaths,five-year aggregate,Number,,,Aboriginal and Torres Strait Islander people,All people,45+ years old,,ABS (unpublished) Causes of Death Australia,no.,64,15,38,17,7,4,0,14,np,
CtG14A.5,2016-2020,Mortality due to suicide,35,All people,Aboriginal and Torres Strait Islander people,All areas,Suicide deaths,five-year aggregate,Rate per 100000 people,,,Aboriginal and Torres Strait Islander people,All people,35-44 years old,,ABS (unpublished) Causes of Death Australia,rate,35.3,np,52,52.5,54.1,np,np,41.5,45,
CtG14A.9,2015-2019,Mortality due to suicide,28,Females,Aboriginal and Torres Strait Islander people,Major cities,Suicide deaths,five-year aggregate,Rate per 100000 people,,,Aboriginal and Torres Strait Islander people,Females,Major cities,,ABS (unpublished) Causes of Death Australia,rate (AS),,,,,,,,,,11.6
CtG14A.10,2014-2018,Mortality due to suicide,32,Males,Aboriginal and Torres Strait Islander people,Remote,Suicide deaths,five-year aggregate,Number,,,Aboriginal and Torres Strait Islander people,Males,Remote,,ABS (unpublished) Causes of Death Australia,no.,,,,,,,,,,60
CtG14A.6,2016-2020,Mortality due to suicide,5,Males,Aboriginal and Torres Strait Islander people,All areas,Suicide deaths,five-year aggregate,Rate per 100000 people,,,Aboriginal and Torres Strait Islander people,Males,5-17 years old,,ABS (unpublished) Causes of Death Australia,rate,,,,,,,,,7,
CtG14A.7,2016-2020,Mortality due to suicide,69,All people,Non-Indigenous people,Remote and very remote,Suicide deaths,five-year aggregate,Rate per 100000 people,,,Non-Indigenous people,,Remote and very remote,,ABS (unpublished) Causes of Death Australia,rate (AS),,,,,,,,,,15.1
CtG14A.6,2018-2022,Mortality due to suicide,45,Females,Non-Indigenous people,All areas,Suicide deaths,five-year aggregate,Rate per 100000 people,,,Non-Indigenous people,Females,45+ years old,,ABS (unpublished) Causes of Death Australia,rate,,,,,,,,,7.1,
CtG14A.6,2017-2021,Mortality due to suicide,5,Females,Aboriginal and Torres Strait Islander people,All areas,Suicide deaths,five-year aggregate,Rate per 100000 people,,,Aboriginal and Torres Strait Islander people,Females,5-17 years old,,ABS (unpublished) Causes of Death Australia,rate,,,,,,,,,8.2,
CtG14A.10,2016-2020,Mortality due to suicide,25,Females,Aboriginal and Torres Strait Islander people,Remote,Suicide deaths,five-year aggregate,Number,,,Aboriginal and Torres Strait Islander people,Females,Remote,,ABS (unpublished) Causes of Death Australia,no.,,,,,,,,,,20
CtG14A.8,2015-2019,Mortality due to suicide,42,All people,Aboriginal and Torres Strait Islander people,Remote and very remote,Suicide deaths,five-year aggregate,Number,,,Aboriginal and Torres Strait Islander people,,Remote and very remote,,ABS (unpublished) Causes of Death Australia,no.,4,0,53,83,2,0,..,86,,
CtG14A.1,2021,Mortality due to suicide,74,All people,Aboriginal and Torres Strait Islander people,All areas,Suicide deaths,,Rate per 100000 people,Linear regression estimates,,Aboriginal and Torres Strait Islander people,All people,,95%CI,ABS (unpublished) Causes of Death Australia,rate (AS) (±),,,,,,,,,1.8,
CtG14A.7,2016-2020,Mortality due to suicide,81,All people,Non-Indigenous people,Major cities,Suicide deaths,five-year aggregate,Rate per 100000 people,,,Non-Indigenous people,,Major cities,,ABS (unpublished) Causes of Death Australia,rate (AS),,,,,,,,,,10.4
CtG14A.5,2014-2018,Mortality due to suicide,35,All people,Aboriginal and Torres Strait Islander people,All areas,Suicide deaths,five-year aggregate,Number,,,Aboriginal and Torres Strait Islander people,All people,35-44 years old,,ABS (unpublished) Causes of Death Australia,no.,33,10,52,34,16,4,1,18,np,
CtG14A.9,2017-2021,Mortality due to suicide,9,Males,Non-Indigenous people,Remote and very remote,Suicide deaths,five-year aggregate,Rate per 100000 people,,,Non-Indigenous people,Males,Remote and very remote,,ABS (unpublished) Causes of Death Australia,rate (AS),,,,,,,,,,23.1
CtG14A.6,2015-2019,Mortality due to suicide,25,Males,Non-Indigenous people,All areas,Suicide deaths,five-year aggregate,Rate per 100000 people,,,Non-Indigenous people,Males,25-34 years old,,ABS (unpublished) Causes of Death Australia,rate,,,,,,,,,24.1,
CtG14A.10,2016-2020,Mortality due to suicide,64,Males,Aboriginal and Torres Strait Islander people,Major cities,Suicide deaths,five-year aggregate,Number,,,Aboriginal and Torres Strait Islander people,Males,Major cities,,ABS (unpublished) Causes of Death Australia,no.,,,,,,,,,,233
CtG14A.5,2017-2021,Mortality due to suicide,25,All people,Aboriginal and Torres Strait Islander people,All areas,Suicide deaths,five-year aggregate,Rate per 100000 people,,,Aboriginal and Torres Strait Islander people,All people,25-34 years old,,ABS (unpublished) Causes of Death Australia,rate,33.3,np,47.1,83.4,34.8,np,np,51.9,47.5,
CtG14A.9,2015-2019,Mortality due to suicide,63,Females,Non-Indigenous people,Major cities,Suicide deaths,five-year aggregate,Rate per 100000 people,,,Non-Indigenous people,Females,Major cities,,ABS (unpublished) Causes of Death Australia,rate (AS),,,,,,,,,,5.6
CtG14A.5,2016-2020,Mortality due to suicide,45,All people,Aboriginal and Torres Strait Islander people,All areas,Suicide deaths,five-year aggregate,Number,,,Aboriginal and Torres Strait Islander people,All people,45+ years old,,ABS (unpublished) Causes of Death Australia,no.,64,15,38,17,7,4,0,14,np,
CtG14A.6,2014-2018,Mortality due to suicide,5,Males,Aboriginal and Torres Strait Islander people,All areas,Suicide deaths,five-year aggregate,Rate per 100000 people,,,Aboriginal and Torres Strait Islander people,Males,5-17 years old,,ABS (unpublished) Causes of Death Australia,rate,,,,,,,,,8.8,
CtG14A.4,2017-2021,Mortality due to suicide,2,Females,Aboriginal and Torres Strait Islander people,All areas,Suicide deaths,five-year aggregate,Rate per 100000 people,,,Aboriginal and Torres Strait Islander people,Females,,,ABS (unpublished) Causes of Death Australia,rate (AS),9.3,np,13.5,21,np,np,np,16.8,13.5,
CtG14A.5,2016-2020,Mortality due to suicide,35,All people,Non-Indigenous people,All areas,Suicide deaths,five-year aggregate,Rate per 100000 people,,,Non-Indigenous people,All people,35-44 years old,,ABS (unpublished) Causes of Death Australia,rate,14.5,np,22.1,18.8,18.1,np,np,13.2,17.6,
CtG14A.10,2014-2018,Mortality due to suicide,17,Females,Aboriginal and Torres Strait Islander people,Inner regional,Suicide deaths,five-year aggregate,Number,,,Aboriginal and Torres Strait Islander people,Females,Inner regional,,ABS (unpublished) Causes of Death Australia,no.,,,,,,,,,,29
CtG14A.8,2018-2022,Mortality due to suicide,85,All people,Aboriginal and Torres Strait Islander people,Major cities,Suicide deaths,five-year aggregate,Number,,,Aboriginal and Torres Strait Islander people,,Major cities,,ABS (unpublished) Causes of Death Australia,no.,124,38,98,75,35,..,10,..,,
CtG14A.4,2017-2021,Mortality due to suicide,15,Females,Aboriginal and Torres Strait Islander people,All areas,Suicide deaths,five-year aggregate,Rate per 100000 people,,,Aboriginal and Torres Strait Islander people,Females,,,ABS (unpublished) Causes of Death Australia,rate (AS),9.3,np,13.5,21,np,np,np,16.8,13.5,
CtG14A.3,2022,Mortality due to suicide,12,Males,Aboriginal and Torres Strait Islander people,All areas,Suicide deaths,,Number,,,Aboriginal and Torres Strait Islander people,Males,,,ABS (unpublished) Causes of Death Australia,no.,,,,,,,,,160,
CtG14A.2,2013-2017,Mortality due to suicide,12,All people,Non-Indigenous people,All areas,Suicide deaths,five-year aggregate,Rate per 100000 people,,,Non-Indigenous people,All people,,,ABS (unpublished) Causes of Death Australia,rate (AS),10.4,np,14.4,12.9,12.7,np,np,15,12.2,
CtG14A.9,2017-2021,Mortality due to suicide,99,Males,Non-Indigenous people,Remote and very remote,Suicide deaths,five-year aggregate,Rate per 100000 people,,,Non-Indigenous people,Males,Remote and very remote,,ABS (unpublished) Causes of Death Australia,rate (AS),,,,,,,,,,23.1
CtG14A.5,2016-2020,Mortality due to suicide,25,All people,Aboriginal and Torres Strait Islander people,All areas,Suicide deaths,five-year aggregate,Number,,,Aboriginal and Torres Strait Islander people,All people,25-34 years old,,ABS (unpublished) Causes of Death Australia,no.,57,17,77,73,8,1,4,36,np,
CtG14A.5,2014-2018,Mortality due to suicide,35,All people,Non-Indigenous people,All areas,Suicide deaths,five-year aggregate,Rate per 100000 people,,,Non-Indigenous people,All people,35-44 years old,,ABS (unpublished) Causes of Death Australia,rate,15.5,np,22.3,18.9,19.5,np,np,14.9,18.3,
CtG14A.6,2014-2018,Mortality due to suicide,18,Females,Aboriginal and Torres Strait Islander people,All areas,Suicide deaths,five-year aggregate,Rate per 100000 people,,,Aboriginal and Torres Strait Islander people,Females,18-24 years old,,ABS (unpublished) Causes of Death Australia,rate,,,,,,,,,26.8,
CtG14A.3,2011,Mortality due to suicide,58,Females,Non-Indigenous people,All areas,Suicide deaths,,Rate per 100000 people,,,Non-Indigenous people,Females,,,ABS (unpublished) Causes of Death Australia,rate (AS),,,,,,,,,4.8,
CtG14A.6,2018-2022,Mortality due to suicide,5,Males,Aboriginal and Torres Strait Islander people,All areas,Suicide deaths,five-year aggregate,Rate per 100000 people,,,Aboriginal and Torres Strait Islander people,Males,5-17 years old,,ABS (unpublished) Causes of Death Australia,rate,,,,,,,,,6.1,
CtG14A.4,2017-2021,Mortality due to suicide,62,Females,Aboriginal and Torres Strait Islander people,All areas,Suicide deaths,five-year aggregate,Rate per 100000 people,,,Aboriginal and Torres Strait Islander people,Females,,,ABS (unpublished) Causes of Death Australia,rate (AS),9.3,np,13.5,21,np,np,np,16.8,13.5,
CtG14A.7,2018-2022,Mortality due to suicide,74,All people,Aboriginal and Torres Strait Islander people,Inner and outer regional,Suicide deaths,five-year aggregate,Rate per 100000 people,,,Aboriginal and Torres Strait Islander people,,Inner and outer regional,,ABS (unpublished) Causes of Death Australia,rate (AS),,,,,,,,,,26.5
CtG14A.6,2016-2020,Mortality due to suicide,25,Females,Aboriginal and Torres Strait Islander people,All areas,Suicide deaths,five-year aggregate,Rate per 100000 people,,,Aboriginal and Torres Strait Islander people,Females,25-34 years old,,ABS (unpublished) Causes of Death Australia,rate,,,,,,,,,21.7,
CtG14A.6,2017-2021,Mortality due to suicide,35,Males,Aboriginal and Torres Strait Islander people,All areas,Suicide deaths,five-year aggregate,Rate per 100000 people,,,Aboriginal and Torres Strait Islander people,Males,35-44 years old,,ABS (unpublished) Causes of Death Australia,rate,,,,,,,,,77.7,
CtG14A.10,2016-2020,Mortality due to suicide,38,Females,Aboriginal and Torres Strait Islander people,Very remote,Suicide deaths,five-year aggregate,Number,,,Aboriginal and Torres Strait Islander people,Females,Very remote,,ABS (unpublished) Causes of Death Australia,no.,,,,,,,,,,51
CtG14A.6,2017-2021,Mortality due to suicide,35,Males,Aboriginal and Torres Strait Islander people,All areas,Suicide deaths,five-year aggregate,Rate per 100000 people,,,Aboriginal and Torres Strait Islander people,Males,35-44 years old,,ABS (unpublished) Causes of Death Australia,rate,,,,,,,,,77.7,
CtG14A.6,2016-2020,Mortality due to suicide,45,Females,Aboriginal and Torres Strait Islander people,All areas,Suicide deaths,five-year aggregate,Rate per 100000 people,,,Aboriginal and Torres Strait Islander people,Females,45+ years old,,ABS (unpublished) Causes of Death Australia,rate,,,,,,,,,9,
CtG14A.5,2017-2021,Mortality due to suicide,5,All people,Aboriginal and Torres Strait Islander people,All areas,Suicide deaths,five-year aggregate,Number,,,Aboriginal and Torres Strait Islander people,All people,5-17 years old,,ABS (unpublished) Causes of Death Australia,no.,17,1,27,16,4,0,0,14,np,
CtG14A.6,2016-2020,Mortality due to suicide,18,Males,Non-Indigenous people,All areas,Suicide deaths,five-year aggregate,Rate per 100000 people,,,Non-Indigenous people,Males,18-24 years old,,ABS (unpublished) Causes of Death Australia,rate,,,,,,,,,21.4,
CtG14A.6,2016-2020,Mortality due to suicide,75,Females,Non-Indigenous people,All areas,Suicide deaths,five-year aggregate,Rate per 100000 people,,,Non-Indigenous people,Females,All ages,,ABS (unpublished) Causes of Death Australia,rate,,,,,,,,,6,
CtG14A.5,2015-2019,Mortality due to suicide,5,All people,Aboriginal and Torres Strait Islander people,All areas,Suicide deaths,five-year aggregate,Rate per 100000 people,,,Aboriginal and Torres Strait Islander people,All people,5-17 years old,,ABS (unpublished) Causes of Death Australia,rate,4.9,np,7.1,15.4,np,np,np,14.6,8.1,
CtG14A.2,2015-2019,Mortality due to suicide,56,All people,Non-Indigenous people,All areas,Suicide deaths,five-year aggregate,Number,,,Non-Indigenous people,All people,,,ABS (unpublished) Causes of Death Australia,no.,4154,3365,3534,1726,1094,422,219,133,10641,
CtG14A.5,2015-2019,Mortality due to suicide,35,All people,Aboriginal and Torres Strait Islander people,All areas,Suicide deaths,five-year aggregate,Rate per 100000 people,,,Aboriginal and Torres Strait Islander people,All people,35-44 years old,,ABS (unpublished) Causes of Death Australia,rate,32.9,np,46.5,54.8,54.3,np,np,31.9,41.5,
CtG14A.6,2018-2022,Mortality due to suicide,35,Males,Non-Indigenous people,All areas,Suicide deaths,five-year aggregate,Rate per 100000 people,,,Non-Indigenous people,Males,35-44 years old,,ABS (unpublished) Causes of Death Australia,rate,,,,,,,,,25.4,
CtG14A.7,2016-2020,Mortality due to suicide,50,All people,Aboriginal and Torres Strait Islander people,Major cities,Suicide deaths,five-year aggregate,Rate per 100000 people,,,Aboriginal and Torres Strait Islander people,,Major cities,,ABS (unpublished) Causes of Death Australia,rate (AS),,,,,,,,,,22.3
CtG14A.6,2016-2020,Mortality due to suicide,35,Females,Non-Indigenous people,All areas,Suicide deaths,five-year aggregate,Rate per 100000 people,,,Non-Indigenous people,Females,35-44 years old,,ABS (unpublished) Causes of Death Australia,rate,,,,,,,,,8.1,
CtG14A.8,2016-2020,Mortality due to suicide,36,All people,Aboriginal and Torres Strait Islander people,Remote and very remote,Suicide deaths,five-year aggregate,Number,,,Aboriginal and Torres Strait Islander people,,Remote and very remote,,ABS (unpublished) Causes of Death Australia,no.,5,0,54,84,2,0,..,89,,
CtG14A.6,2016-2020,Mortality due to suicide,35,Females,Aboriginal and Torres Strait Islander people,All areas,Suicide deaths,five-year aggregate,Rate per 100000 people,,,Aboriginal and Torres Strait Islander people,Females,35-44 years old,,ABS (unpublished) Causes of Death Australia,rate,,,,,,,,,15.7,
CtG14A.10,2014-2018,Mortality due to suicide,58,Males,Aboriginal and Torres Strait Islander people,Inner regional,Suicide deaths,five-year aggregate,Number,,,Aboriginal and Torres Strait Islander people,Males,Inner regional,,ABS (unpublished) Causes of Death Australia,no.,,,,,,,,,,121
CtG14A.6,2014-2018,Mortality due to suicide,25,Males,Non-Indigenous people,All areas,Suicide deaths,five-year aggregate,Rate per 100000 people,,,Non-Indigenous people,Males,25-34 years old,,ABS (unpublished) Causes of Death Australia,rate,,,,,,,,,23.4,
CtG14A.6,2016-2020,Mortality due to suicide,45,Females,Non-Indigenous people,All areas,Suicide deaths,five-year aggregate,Rate per 100000 people,,,Non-Indigenous people,Females,45+ years old,,ABS (unpublished) Causes of Death Australia,rate,,,,,,,,,7.4,
CtG14A.7,2017-2021,Mortality due to suicide,73,All people,Non-Indigenous people,Remote and very remote,Suicide deaths,five-year aggregate,Rate per 100000 people,,,Non-Indigenous people,,Remote and very remote,,ABS (unpublished) Causes of Death Australia,rate (AS),,,,,,,,,,15.6
CtG14A.10,2017-2021,Mortality due to suicide,91,Females,Aboriginal and Torres Strait Islander people,Inner regional,Suicide deaths,five-year aggregate,Number,,,Aboriginal and Torres Strait Islander people,Females,Inner regional,,ABS (unpublished) Causes of Death Australia,no.,,,,,,,,,,50
CtG14A.6,2014-2018,Mortality due to suicide,45,Males,Aboriginal and Torres Strait Islander people,All areas,Suicide deaths,five-year aggregate,Rate per 100000 people,,,Aboriginal and Torres Strait Islander people,Males,45+ years old,,ABS (unpublished) Causes of Death Australia,rate,,,,,,,,,24.2,
CtG14A.7,2017-2021,Mortality due to suicide,67,All people,Non-Indigenous people,Major cities,Suicide deaths,five-year aggregate,Rate per 100000 people,,,Non-Indigenous people,,Major cities,,ABS (unpublished) Causes of Death Australia,rate (AS),,,,,,,,,,10.4
CtG14A.6,2014-2018,Mortality due to suicide,18,Females,Aboriginal and Torres Strait Islander people,All areas,Suicide deaths,five-year aggregate,Rate per 100000 people,,,Aboriginal and Torres Strait Islander people,Females,18-24 years old,,ABS (unpublished) Causes of Death Australia,rate,,,,,,,,,26.8,
CtG14A.9,2016-2020,Mortality due to suicide,75,Females,Aboriginal and Torres Strait Islander people,Inner and outer regional,Suicide deaths,five-year aggregate,Rate per 100000 people,,,Aboriginal and Torres Strait Islander people,Females,Inner and outer regional,,ABS (unpublished) Causes of Death Australia,rate (AS),,,,,,,,,,11.1
CtG14A.6,2014-2018,Mortality due to suicide,5,Males,Aboriginal and Torres Strait Islander people,All areas,Suicide deaths,five-year aggregate,Rate per 100000 people,,,Aboriginal and Torres Strait Islander people,Males,5-17 years old,,ABS (unpublished) Causes of Death Australia,rate,,,,,,,,,8.8,
CtG14A.4,2014-2018,Mortality due to suicide,81,Males,Aboriginal and Torres Strait Islander people,All areas,Suicide deaths,five-year aggregate,Number,,,Aboriginal and Torres Strait Islander people,Males,,,ABS (unpublished) Causes of Death Australia,no.,152,24,201,143,19,4,6,73,np,
CtG14A.8,2015-2019,Mortality due to suicide,26,All people,Aboriginal and Torres Strait Islander people,Major cities,Suicide deaths,five-year aggregate,Number,,,Aboriginal and Torres Strait Islander people,,Major cities,,ABS (unpublished) Causes of Death Australia,no.,93,12,91,70,24,..,9,..,,
CtG14A.5,2018-2022,Mortality due to suicide,5,All people,Aboriginal and Torres Strait Islander people,All areas,Suicide deaths,five-year aggregate,Rate per 100000 people,,,Aboriginal and Torres Strait Islander people,All people,5-17 years old,,ABS (unpublished) Causes of Death Australia,rate,4.5,np,8.9,9.6,np,np,np,12.9,7.3,
CtG14A.2,2016-2020,Mortality due to suicide,75,All people,Non-Indigenous people,All areas,Suicide deaths,five-year aggregate,Number,,,Non-Indigenous people,All people,,,ABS Causes of Death Australia,no.,4161,3365,3514,1718,1090,423,230,122,10605,
CtG14A.6,2015-2019,Mortality due to suicide,45,Males,Aboriginal and Torres Strait Islander people,All areas,Suicide deaths,five-year aggregate,Rate per 100000 people,,,Aboriginal and Torres Strait Islander people,Males,45+ years old,,ABS (unpublished) Causes of Death Australia,rate,,,,,,,,,26.1,
CtG14A.6,2016-2020,Mortality due to suicide,18,Males,Non-Indigenous people,All areas,Suicide deaths,five-year aggregate,Rate per 100000 people,,,Non-Indigenous people,Males,18-24 years old,,ABS (unpublished) Causes of Death Australia,rate,,,,,,,,,21.4,
CtG14A.9,2016-2020,Mortality due to suicide,9,Males,Aboriginal and Torres Strait Islander people,Major cities,Suicide deaths,five-year aggregate,Rate per 100000 people,,,Aboriginal and Torres Strait Islander people,Males,Major cities,,ABS (unpublished) Causes of Death Australia,rate (AS),,,,,,,,,,33.5
CtG14A.9,2017-2021,Mortality due to suicide,26,Males,Aboriginal and Torres Strait Islander people,Remote and very remote,Suicide deaths,five-year aggregate,Rate per 100000 people,,,Aboriginal and Torres Strait Islander people,Males,Remote and very remote,,ABS (unpublished) Causes of Death Australia,rate (AS),,,,,,,,,,43.9
CtG14A.6,2016-2020,Mortality due to suicide,45,Males,Aboriginal and Torres Strait Islander people,All areas,Suicide deaths,five-year aggregate,Rate per 100000 people,,,Aboriginal and Torres Strait Islander people,Males,45+ years old,,ABS (unpublished) Causes of Death Australia,rate,,,,,,,,,27.6,
CtG14A.10,2014-2018,Mortality due to suicide,67,Females,Aboriginal and Torres Strait Islander people,Major cities,Suicide deaths,five-year aggregate,Number,,,Aboriginal and Torres Strait Islander people,Females,Major cities,,ABS (unpublished) Causes of Death Australia,no.,,,,,,,,,,77
CtG14A.3,2020,Mortality due to suicide,41,Females,Aboriginal and Torres Strait Islander people,All areas,Suicide deaths,,Number,,,Aboriginal and Torres Strait Islander people,Females,,,ABS (unpublished) Causes of Death Australia,no.,,,,,,,,,50,
CtG14A.5,2016-2020,Mortality due to suicide,18,All people,Aboriginal and Torres Strait Islander people,All areas,Suicide deaths,five-year aggregate,Number,,,Aboriginal and Torres Strait Islander people,All people,18-24 years old,,ABS (unpublished) Causes of Death Australia,no.,52,12,107,38,11,3,5,39,np,
CtG14A.9,2016-2020,Mortality due to suicide,52,Males,Non-Indigenous people,Remote and very remote,Suicide deaths,five-year aggregate,Rate per 100000 people,,,Non-Indigenous people,Males,Remote and very remote,,ABS (unpublished) Causes of Death Australia,rate (AS),,,,,,,,,,21.7
CtG14A.1,2020,Mortality due to suicide,13,All people,Aboriginal and Torres Strait Islander people,All areas,Suicide deaths,,Rate per 100000 people,Trajectory,75% reduction,Aboriginal and Torres Strait Islander people,All people,,,Derived from ABS (unpublished) Causes of Death Australia,rate (AS),,,,,,,,,22.2,
CtG14A.2,2018-2022,Mortality due to suicide,90,All people,Non-Indigenous people,All areas,Suicide deaths,five-year aggregate,Number,,,Non-Indigenous people,All people,,,ABS Causes of Death Australia,no.,4254,3418,3610,1699,1103,413,269,113,10779,
CtG14A.5,2017-2021,Mortality due to suicide,45,All people,Aboriginal and Torres Strait Islander people,All areas,Suicide deaths,five-year aggregate,Number,,,Aboriginal and Torres Strait Islander people,All people,45+ years old,,ABS (unpublished) Causes of Death Australia,no.,63,18,42,22,7,3,4,17,np,
CtG14A.5,2015-2019,Mortality due to suicide,45,All people,Aboriginal and Torres Strait Islander people,All areas,Suicide deaths,five-year aggregate,Rate per 100000 people,,,Aboriginal and Torres Strait Islander people,All people,45+ years old,,ABS (unpublished) Causes of Death Australia,rate,19,np,15.7,15,15.5,np,np,14.6,16.8,
CtG14A.6,2015-2019,Mortality due to suicide,5,Males,Aboriginal and Torres Strait Islander people,All areas,Suicide deaths,five-year aggregate,Rate per 100000 people,,,Aboriginal and Torres Strait Islander people,Males,5-17 years old,,ABS (unpublished) Causes of Death Australia,rate,,,,,,,,,7.8,
CtG14A.6,2017-2021,Mortality due to suicide,35,Females,Non-Indigenous people,All areas,Suicide deaths,five-year aggregate,Rate per 100000 people,,,Non-Indigenous people,Females,35-44 years old,,ABS (unpublished) Causes of Death Australia,rate,,,,,,,,,8.4,
CtG14A.8,2015-2019,Mortality due to suicide,26,All people,Aboriginal and Torres Strait Islander people,Inner and outer regional,Suicide deaths,five-year aggregate,Number,,,Aboriginal and Torres Strait Islander people,,Inner and outer regional,,ABS (unpublished) Causes of Death Australia,no.,127,26,150,26,11,7,0,18,,
CtG14A.4,2015-2019,Mortality due to suicide,48,Females,Aboriginal and Torres Strait Islander people,All areas,Suicide deaths,five-year aggregate,Rate per 100000 people,,,Aboriginal and Torres Strait Islander people,Females,,,ABS (unpublished) Causes of Death Australia,rate (AS),8.7,np,12.1,20.6,np,np,np,13.4,12.4,
CtG14A.5,2014-2018,Mortality due to suicide,45,All people,Aboriginal and Torres Strait Islander people,All areas,Suicide deaths,five-year aggregate,Rate per 100000 people,,,Aboriginal and Torres Strait Islander people,All people,45+ years old,,ABS (unpublished) Causes of Death Australia,rate,16.3,np,13.6,17.6,16.1,np,np,12.6,15.3,
CtG14A.6,2018-2022,Mortality due to suicide,5,Males,Non-Indigenous people,All areas,Suicide deaths,five-year aggregate,Rate per 100000 people,,,Non-Indigenous people,Males,5-17 years old,,ABS (unpublished) Causes of Death Australia,rate,,,,,,,,,2.7,
CtG14A.6,2014-2018,Mortality due to suicide,18,Males,Aboriginal and Torres Strait Islander people,All areas,Suicide deaths,five-year aggregate,Rate per 100000 people,,,Aboriginal and Torres Strait Islander people,Males,18-24 years old,,ABS (unpublished) Causes of Death Australia,rate,,,,,,,,,64.2,
CtG14A.9,2014-2018,Mortality due to suicide,100,Males,Non-Indigenous people,Major cities,Suicide deaths,five-year aggregate,Rate per 100000 people,,,Non-Indigenous people,Males,Major cities,,ABS (unpublished) Causes of Death Australia,rate (AS),,,,,,,,,,15.8
CtG14A.9,2014-2018,Mortality due to suicide,61,Females,Aboriginal and Torres Strait Islander people,Remote and very remote,Suicide deaths,five-year aggregate,Rate per 100000 people,,,Aboriginal and Torres Strait Islander people,Females,Remote and very remote,,ABS (unpublished) Causes of Death Australia,rate (AS),,,,,,,,,,16.1
CtG14A.2,2017-2021,Mortality due to suicide,21,All people,Aboriginal and Torres Strait Islander people,All areas,Suicide deaths,five-year aggregate,Number,,,Aboriginal and Torres Strait Islander people,All people,,,ABS Causes of Death Australia,no.,252,68,318,179,51,10,11,129,929,
CtG14A.4,2014-2018,Mortality due to suicide,2,Females,Aboriginal and Torres Strait Islander people,All areas,Suicide deaths,five-year aggregate,Number,,,Aboriginal and Torres Strait Islander people,Females,,,ABS (unpublished) Causes of Death Australia,no.,44,13,60,56,18,1,4,35,np,
CtG14A.6,2016-2020,Mortality due to suicide,45,Males,Non-Indigenous people,All areas,Suicide deaths,five-year aggregate,Rate per 100000 people,,,Non-Indigenous people,Males,45+ years old,,ABS (unpublished) Causes of Death Australia,rate,,,,,,,,,24.3,
CtG14A.7,2017-2021,Mortality due to suicide,69,All people,Non-Indigenous people,Inner and outer regional,Suicide deaths,five-year aggregate,Rate per 100000 people,,,Non-Indigenous people,,Inner and outer regional,,ABS (unpublished) Causes of Death Australia,rate (AS),,,,,,,,,,16
CtG14A.5,2014-2018,Mortality due to suicide,35,All people,Aboriginal and Torres Strait Islander people,All areas,Suicide deaths,five-year aggregate,Rate per 100000 people,,,Aboriginal and Torres Strait Islander people,All people,35-44 years old,,ABS (unpublished) Causes of Death Australia,rate,23.8,np,43,58.6,71.9,np,np,36.1,39.2,
CtG14A.6,2018-2022,Mortality due to suicide,25,Females,Aboriginal and Torres Strait Islander people,All areas,Suicide deaths,five-year aggregate,Rate per 100000 people,,,Aboriginal and Torres Strait Islander people,Females,25-34 years old,,ABS (unpublished) Causes of Death Australia,rate,,,,,,,,,23.9,
CtG14A.6,2018-2022,Mortality due to suicide,25,Males,Non-Indigenous people,All areas,Suicide deaths,five-year aggregate,Rate per 100000 people,,,Non-Indigenous people,Males,25-34 years old,,ABS (unpublished) Causes of Death Australia,rate,,,,,,,,,23.5,
CtG14A.6,2016-2020,Mortality due to suicide,5,Females,Non-Indigenous people,All areas,Suicide deaths,five-year aggregate,Rate per 100000 people,,,Non-Indigenous people,Females,5-17 years old,,ABS (unpublished) Causes of Death Australia,rate,,,,,,,,,1.5,
CtG14A.3,2012,Mortality due to suicide,68,Males,Aboriginal and Torres Strait Islander people,All areas,Suicide deaths,,Rate per 100000 people,,,Aboriginal and Torres Strait Islander people,Males,,,ABS (unpublished) Causes of Death Australia,rate (AS),,,,,,,,,26.9,
CtG14A.10,2017-2021,Mortality due to suicide,3,Females,Aboriginal and Torres Strait Islander people,Very remote,Suicide deaths,five-year aggregate,Number,,,Aboriginal and Torres Strait Islander people,Females,Very remote,,ABS (unpublished) Causes of Death Australia,no.,,,,,,,,,,45
CtG14A.5,2016-2020,Mortality due to suicide,5,All people,Non-Indigenous people,All areas,Suicide deaths,five-year aggregate,Rate per 100000 people,,,Non-Indigenous people,All people,5-17 years old,,ABS (unpublished) Causes of Death Australia,rate,2,np,2.6,2.4,1.9,np,np,4.8,2.2,
CtG14A.10,2014-2018,Mortality due to suicide,1,Males,Aboriginal and Torres Strait Islander people,Inner regional,Suicide deaths,five-year aggregate,Number,,,Aboriginal and Torres Strait Islander people,Males,Inner regional,,ABS (unpublished) Causes of Death Australia,no.,,,,,,,,,,121
CtG14A.9,2016-2020,Mortality due to suicide,20,Females,Aboriginal and Torres Strait Islander people,Inner and outer regional,Suicide deaths,five-year aggregate,Rate per 100000 people,,,Aboriginal and Torres Strait Islander people,Females,Inner and outer regional,,ABS (unpublished) Causes of Death Australia,rate (AS),,,,,,,,,,11.1
CtG14A.5,2014-2018,Mortality due to suicide,18,All people,Aboriginal and Torres Strait Islander people,All areas,Suicide deaths,five-year aggregate,Rate per 100000 people,,,Aboriginal and Torres Strait Islander people,All people,18-24 years old,,ABS (unpublished) Causes of Death Australia,rate,22.7,np,61.1,75.2,21.3,np,np,61,46,
CtG14A.6,2016-2020,Mortality due to suicide,25,Males,Non-Indigenous people,All areas,Suicide deaths,five-year aggregate,Rate per 100000 people,,,Non-Indigenous people,Males,25-34 years old,,ABS (unpublished) Causes of Death Australia,rate,,,,,,,,,24,
CtG14A.3,2021,Mortality due to suicide,86,Males,Aboriginal and Torres Strait Islander people,All areas,Suicide deaths,,Rate per 100000 people,,,Aboriginal and Torres Strait Islander people,Males,,,ABS (unpublished) Causes of Death Australia,rate (AS),,,,,,,,,38.6,
CtG14A.2,2016-2020,Mortality due to suicide,2,All people,Non-Indigenous people,All areas,Suicide deaths,five-year aggregate,Rate per 100000 people,,,Non-Indigenous people,All people,,,ABS Causes of Death Australia,rate (AS),10.5,np,14.6,13.6,12.7,np,np,14.5,12.4,
CtG14A.6,2015-2019,Mortality due to suicide,5,Males,Non-Indigenous people,All areas,Suicide deaths,five-year aggregate,Rate per 100000 people,,,Non-Indigenous people,Males,5-17 years old,,ABS (unpublished) Causes of Death Australia,rate,,,,,,,,,2.8,
CtG14A.8,2014-2018,Mortality due to suicide,26,All people,Aboriginal and Torres Strait Islander people,Inner and outer regional,Suicide deaths,five-year aggregate,Number,,,Aboriginal and Torres Strait Islander people,,Inner and outer regional,,ABS (unpublished) Causes of Death Australia,no.,113,25,131,28,9,2,0,18,,
CtG14A.6,2015-2019,Mortality due to suicide,5,Females,Aboriginal and Torres Strait Islander people,All areas,Suicide deaths,five-year aggregate,Rate per 100000 people,,,Aboriginal and Torres Strait Islander people,Females,5-17 years old,,ABS (unpublished) Causes of Death Australia,rate,,,,,,,,,8.3,
CtG14A.8,2015-2019,Mortality due to suicide,43,All people,Aboriginal and Torres Strait Islander people,Inner and outer regional,Suicide deaths,five-year aggregate,Number,,,Aboriginal and Torres Strait Islander people,,Inner and outer regional,,ABS (unpublished) Causes of Death Australia,no.,127,26,150,26,11,7,0,18,,
CtG14A.7,2016-2020,Mortality due to suicide,83,All people,Aboriginal and Torres Strait Islander people,Inner and outer regional,Suicide deaths,five-year aggregate,Rate per 100000 people,,,Aboriginal and Torres Strait Islander people,,Inner and outer regional,,ABS (unpublished) Causes of Death Australia,rate (AS),,,,,,,,,,24
CtG14A.10,2017-2021,Mortality due to suicide,47,Females,Aboriginal and Torres Strait Islander people,Remote,Suicide deaths,five-year aggregate,Number,,,Aboriginal and Torres Strait Islander people,Females,Remote,,ABS (unpublished) Causes of Death Australia,no.,,,,,,,,,,25
CtG14A.6,2015-2019,Mortality due to suicide,5,Males,Non-Indigenous people,All areas,Suicide deaths,five-year aggregate,Rate per 100000 people,,,Non-Indigenous people,Males,5-17 years old,,ABS (unpublished) Causes of Death Australia,rate,,,,,,,,,2.8,
CtG14A.7,2016-2020,Mortality due to suicide,52,All people,Non-Indigenous people,Major cities,Suicide deaths,five-year aggregate,Rate per 100000 people,,,Non-Indigenous people,,Major cities,,ABS (unpublished) Causes of Death Australia,rate (AS),,,,,,,,,,10.4
CtG14A.6,2016-2020,Mortality due to suicide,25,Males,Aboriginal and Torres Strait Islander people,All areas,Suicide deaths,five-year aggregate,Rate per 100000 people,,,Aboriginal and Torres Strait Islander people,Males,25-34 years old,,ABS (unpublished) Causes of Death Australia,rate,,,,,,,,,70.6,
CtG14A.6,2014-2018,Mortality due to suicide,18,Males,Non-Indigenous people,All areas,Suicide deaths,five-year aggregate,Rate per 100000 people,,,Non-Indigenous people,Males,18-24 years old,,ABS (unpublished) Causes of Death Australia,rate,,,,,,,,,20.4,
CtG14A.4,2015-2019,Mortality due to suicide,14,Males,Aboriginal and Torres Strait Islander people,All areas,Suicide deaths,five-year aggregate,Number,,,Aboriginal and Torres Strait Islander people,Males,,,ABS (unpublished) Causes of Death Australia,no.,172,28,222,125,24,2,7,80,np,
CtG14A.6,2017-2021,Mortality due to suicide,18,Males,Non-Indigenous people,All areas,Suicide deaths,five-year aggregate,Rate per 100000 people,,,Non-Indigenous people,Males,18-24 years old,,ABS (unpublished) Causes of Death Australia,rate,,,,,,,,,21.1,
CtG14A.6,2015-2019,Mortality due to suicide,45,Males,Non-Indigenous people,All areas,Suicide deaths,five-year aggregate,Rate per 100000 people,,,Non-Indigenous people,Males,All ages,,ABS (unpublished) Causes of Death Australia,rate,,,,,,,,,19.6,
CtG14A.6,2018-2022,Mortality due to suicide,45,Females,Aboriginal and Torres Strait Islander people,All areas,Suicide deaths,five-year aggregate,Rate per 100000 people,,,Aboriginal and Torres Strait Islander people,Females,45+ years old,,ABS (unpublished) Causes of Death Australia,rate,,,,,,,,,10.3,
CtG14A.4,2018-2022,Mortality due to suicide,96,Males,Aboriginal and Torres Strait Islander people,All areas,Suicide deaths,five-year aggregate,Rate per 100000 people,,,Aboriginal and Torres Strait Islander people,Males,,,ABS (unpublished) Causes of Death Australia,rate (AS),34.8,np,42.3,56.3,36.8,np,np,46.3,41.5,
CtG14A.5,2016-2020,Mortality due to suicide,25,All people,Aboriginal and Torres Strait Islander people,All areas,Suicide deaths,five-year aggregate,Rate per 100000 people,,,Aboriginal and Torres Strait Islander people,All people,25-34 years old,,ABS (unpublished) Causes of Death Australia,rate,29.5,np,47.1,86.9,23.8,np,np,54,46.4,
CtG14A.4,2018-2022,Mortality due to suicide,44,Females,Non-Indigenous people,All areas,Suicide deaths,five-year aggregate,Rate per 100000 people,,,Non-Indigenous people,Females,,,ABS (unpublished) Causes of Death Australia,rate (AS),5,np,6.5,6.7,5.8,np,np,8.4,5.8,
CtG14A.6,2017-2021,Mortality due to suicide,18,Females,Aboriginal and Torres Strait Islander people,All areas,Suicide deaths,five-year aggregate,Rate per 100000 people,,,Aboriginal and Torres Strait Islander people,Females,18-24 years old,,ABS (unpublished) Causes of Death Australia,rate,,,,,,,,,27.6,
CtG14A.6,2016-2020,Mortality due to suicide,18,Males,Aboriginal and Torres Strait Islander people,All areas,Suicide deaths,five-year aggregate,Rate per 100000 people,,,Aboriginal and Torres Strait Islander people,Males,18-24 years old,,ABS (unpublished) Causes of Death Australia,rate,,,,,,,,,74.6,
CtG14A.6,2014-2018,Mortality due to suicide,5,Females,Aboriginal and Torres Strait Islander people,All areas,Suicide deaths,five-year aggregate,Rate per 100000 people,,,Aboriginal and Torres Strait Islander people,Females,5-17 years old,,ABS (unpublished) Causes of Death Australia,rate,,,,,,,,,7.8,
CtG14A.3,2020,Mortality due to suicide,80,Females,Non-Indigenous people,All areas,Suicide deaths,,Rate per 100000 people,,,Non-Indigenous people,Females,,,ABS (unpublished) Causes of Death Australia,rate (AS),,,,,,,,,5.5,
CtG14A.5,2018-2022,Mortality due to suicide,18,All people,Non-Indigenous people,All areas,Suicide deaths,five-year aggregate,Rate per 100000 people,,,Non-Indigenous people,All people,18-24 years old,,ABS (unpublished) Causes of Death Australia,rate,11.7,np,16.9,15.3,13.9,np,np,24.1,14,
CtG14A.5,2014-2018,Mortality due to suicide,25,All people,Aboriginal and Torres Strait Islander people,All areas,Suicide deaths,five-year aggregate,Number,,,Aboriginal and Torres Strait Islander people,All people,25-34 years old,,ABS (unpublished) Causes of Death Australia,no.,59,12,69,75,5,0,4,31,np,
CtG14A.1,2020,Mortality due to suicide,1,All people,Aboriginal and Torres Strait Islander people,All areas,Suicide deaths,,Rate per 100000 people,Linear regression estimates,,Aboriginal and Torres Strait Islander people,All people,,,ABS (unpublished) Causes of Death Australia,rate (AS),,,,,,,,,27.5,
CtG14A.5,2015-2019,Mortality due to suicide,18,All people,Aboriginal and Torres Strait Islander people,All areas,Suicide deaths,five-year aggregate,Rate per 100000 people,,,Aboriginal and Torres Strait Islander people,All people,18-24 years old,,ABS (unpublished) Causes of Death Australia,rate,23.9,np,67.8,62.9,31.4,np,np,75.8,48.9,
CtG14A.9,2015-2019,Mortality due to suicide,77,Females,Non-Indigenous people,Remote and very remote,Suicide deaths,five-year aggregate,Rate per 100000 people,,,Non-Indigenous people,Females,Remote and very remote,,ABS (unpublished) Causes of Death Australia,rate (AS),,,,,,,,,,6.9
CtG14A.6,2016-2020,Mortality due to suicide,44,Males,Aboriginal and Torres Strait Islander people,All areas,Suicide deaths,five-year aggregate,Rate per 100000 people,,,Aboriginal and Torres Strait Islander people,Males,All ages,,ABS (unpublished) Causes of Death Australia,rate,,,,,,,,,36.1,
CtG14A.6,2018-2022,Mortality due to suicide,25,Females,Aboriginal and Torres Strait Islander people,All areas,Suicide deaths,five-year aggregate,Rate per 100000 people,,,Aboriginal and Torres Strait Islander people,Females,25-34 years old,,ABS (unpublished) Causes of Death Australia,rate,,,,,,,,,23.9,
CtG14A.10,2018-2022,Mortality due to suicide,30,Females,Aboriginal and Torres Strait Islander people,Outer regional,Suicide deaths,five-year aggregate,Number,,,Aboriginal and Torres Strait Islander people,Females,Outer regional,,ABS (unpublished) Causes of Death Australia,no.,,,,,,,,,,55
CtG14A.6,2018-2022,Mortality due to suicide,25,Males,Aboriginal and Torres Strait Islander people,All areas,Suicide deaths,five-year aggregate,Rate per 100000 people,,,Aboriginal and Torres Strait Islander people,Males,25-34 years old,,ABS (unpublished) Causes of Death Australia,rate,,,,,,,,,72.1,
CtG14A.7,2015-2019,Mortality due to suicide,53,All people,Non-Indigenous people,Major cities,Suicide deaths,five-year aggregate,Rate per 100000 people,,,Non-Indigenous people,,Major cities,,ABS (unpublished) Causes of Death Australia,rate (AS),,,,,,,,,,10.7
CtG14A.4,2017-2021,Mortality due to suicide,20,Males,Aboriginal and Torres Strait Islander people,All areas,Suicide deaths,five-year aggregate,Rate per 100000 people,,,Aboriginal and Torres Strait Islander people,Males,,,ABS (unpublished) Causes of Death Australia,rate (AS),33,np,43.5,48.6,31.5,np,np,45.3,39.8,
CtG14A.7,2014-2018,Mortality due to suicide,60,All people,Non-Indigenous people,Inner and outer regional,Suicide deaths,five-year aggregate,Rate per 100000 people,,,Non-Indigenous people,,Inner and outer regional,,ABS (unpublished) Causes of Death Australia,rate (AS),,,,,,,,,,15.7
CtG14A.2,2014-2018,Mortality due to suicide,28,All people,Non-Indigenous people,All areas,Suicide deaths,five-year aggregate,Number,,,Non-Indigenous people,All people,,,ABS (unpublished) Causes of Death Australia,no.,4095,3319,3430,1649,1090,394,206,140,10404,
CtG14A.5,2016-2020,Mortality due to suicide,5,All people,Aboriginal and Torres Strait Islander people,All areas,Suicide deaths,five-year aggregate,Number,,,Aboriginal and Torres Strait Islander people,All people,5-17 years old,,ABS (unpublished) Causes of Death Australia,no.,17,3,27,19,2,0,0,13,np,
CtG14A.9,2016-2020,Mortality due to suicide,7,Males,Non-Indigenous people,Major cities,Suicide deaths,five-year aggregate,Rate per 100000 people,,,Non-Indigenous people,Males,Major cities,,ABS (unpublished) Causes of Death Australia,rate (AS),,,,,,,,,,15.6
CtG14A.9,2015-2019,Mortality due to suicide,19,Females,Non-Indigenous people,Remote and very remote,Suicide deaths,five-year aggregate,Rate per 100000 people,,,Non-Indigenous people,Females,Remote and very remote,,ABS (unpublished) Causes of Death Australia,rate (AS),,,,,,,,,,6.9
CtG14A.1,2028,Mortality due to suicide,33,All people,Aboriginal and Torres Strait Islander people,All areas,Suicide deaths,,Rate per 100000 people,Trajectory,75% reduction,Aboriginal and Torres Strait Islander people,All people,,,Derived from ABS (unpublished) Causes of Death Australia,rate (AS),,,,,,,,,10.6,
CtG14A.5,2015-2019,Mortality due to suicide,35,All people,Aboriginal and Torres Strait Islander people,All areas,Suicide deaths,five-year aggregate,Number,,,Aboriginal and Torres Strait Islander people,All people,35-44 years old,,ABS (unpublished) Causes of Death Australia,no.,45,11,56,32,12,2,1,16,np,
CtG14A.5,2014-2018,Mortality due to suicide,35,All people,Aboriginal and Torres Strait Islander people,All areas,Suicide deaths,five-year aggregate,Number,,,Aboriginal and Torres Strait Islander people,All people,35-44 years old,,ABS (unpublished) Causes of Death Australia,no.,33,10,52,34,16,4,1,18,np,
CtG14A.6,2017-2021,Mortality due to suicide,18,Females,Aboriginal and Torres Strait Islander people,All areas,Suicide deaths,five-year aggregate,Rate per 100000 people,,,Aboriginal and Torres Strait Islander people,Females,18-24 years old,,ABS (unpublished) Causes of Death Australia,rate,,,,,,,,,27.6,
CtG14A.6,2017-2021,Mortality due to suicide,5,Males,Non-Indigenous people,All areas,Suicide deaths,five-year aggregate,Rate per 100000 people,,,Non-Indigenous people,Males,5-17 years old,,ABS (unpublished) Causes of Death Australia,rate,,,,,,,,,2.9,
CtG14A.9,2017-2021,Mortality due to suicide,61,Females,Non-Indigenous people,Remote and very remote,Suicide deaths,five-year aggregate,Rate per 100000 people,,,Non-Indigenous people,Females,Remote and very remote,,ABS (unpublished) Causes of Death Australia,rate (AS),,,,,,,,,,6.7
CtG14A.4,2018-2022,Mortality due to suicide,61,Females,Non-Indigenous people,All areas,Suicide deaths,five-year aggregate,Rate per 100000 people,,,Non-Indigenous people,Females,,,ABS (unpublished) Causes of Death Australia,rate (AS),5,np,6.5,6.7,5.8,np,np,8.4,5.8,
CtG14A.10,2015-2019,Mortality due to suicide,80,Females,Aboriginal and Torres Strait Islander people,Remote,Suicide deaths,five-year aggregate,Number,,,Aboriginal and Torres Strait Islander people,Females,Remote,,ABS (unpublished) Causes of Death Australia,no.,,,,,,,,,,14
CtG14A.2,2015-2019,Mortality due to suicide,77,All people,Non-Indigenous people,All areas,Suicide deaths,five-year aggregate,Rate per 100000 people,,,Non-Indigenous people,All people,,,ABS (unpublished) Causes of Death Australia,rate (AS),10.7,np,14.9,13.7,12.7,np,np,15.9,12.6,
CtG14A.6,2015-2019,Mortality due to suicide,18,Males,Aboriginal and Torres Strait Islander people,All areas,Suicide deaths,five-year aggregate,Rate per 100000 people,,,Aboriginal and Torres Strait Islander people,Males,18-24 years old,,ABS (unpublished) Causes of Death Australia,rate,,,,,,,,,68.8,
CtG14A.10,2014-2018,Mortality due to suicide,48,Females,Aboriginal and Torres Strait Islander people,Inner regional,Suicide deaths,five-year aggregate,Number,,,Aboriginal and Torres Strait Islander people,Females,Inner regional,,ABS (unpublished) Causes of Death Australia,no.,,,,,,,,,,29
CtG14A.9,2017-2021,Mortality due to suicide,68,Females,Non-Indigenous people,Inner and outer regional,Suicide deaths,five-year aggregate,Rate per 100000 people,,,Non-Indigenous people,Females,Inner and outer regional,,ABS (unpublished) Causes of Death Australia,rate (AS),,,,,,,,,,6.5
CtG14A.5,2014-2018,Mortality due to suicide,45,All people,Non-Indigenous people,All areas,Suicide deaths,five-year aggregate,Rate per 100000 people,,,Non-Indigenous people,All people,45+ years old,,ABS (unpublished) Causes of Death Australia,rate,14.1,np,18.2,17,15.5,np,np,23,15.9,
CtG14A.1,2014,Mortality due to suicide,56,All people,Aboriginal and Torres Strait Islander people,All areas,Suicide deaths,,Number,Actual,,Aboriginal and Torres Strait Islander people,All people,,,Derived from ABS (unpublished) Causes of Death Australia,no.,,,,,,,,,148,
CtG14A.6,2016-2020,Mortality due to suicide,99,Females,Non-Indigenous people,All areas,Suicide deaths,five-year aggregate,Rate per 100000 people,,,Non-Indigenous people,Females,All ages,,ABS (unpublished) Causes of Death Australia,rate,,,,,,,,,6,
CtG14A.5,2016-2020,Mortality due to suicide,18,All people,Non-Indigenous people,All areas,Suicide deaths,five-year aggregate,Rate per 100000 people,,,Non-Indigenous people,All people,18-24 years old,,ABS (unpublished) Causes of Death Australia,rate,11.8,np,16.9,14.9,13.9,np,np,23.5,14,
CtG14A.7,2018-2022,Mortality due to suicide,71,All people,Aboriginal and Torres Strait Islander people,Major cities,Suicide deaths,five-year aggregate,Rate per 100000 people,,,Aboriginal and Torres Strait Islander people,,Major cities,,ABS (unpublished) Causes of Death Australia,rate (AS),,,,,,,,,,25.5
CtG14A.8,2018-2022,Mortality due to suicide,70,All people,Aboriginal and Torres Strait Islander people,Major cities,Suicide deaths,five-year aggregate,Number,,,Aboriginal and Torres Strait Islander people,,Major cities,,ABS (unpublished) Causes of Death Australia,no.,124,38,98,75,35,..,10,..,,
CtG14A.10,2016-2020,Mortality due to suicide,92,Females,Aboriginal and Torres Strait Islander people,Very remote,Suicide deaths,five-year aggregate,Number,,,Aboriginal and Torres Strait Islander people,Females,Very remote,,ABS (unpublished) Causes of Death Australia,no.,,,,,,,,,,51
CtG14A.5,2018-2022,Mortality due to suicide,5,All people,Aboriginal and Torres Strait Islander people,All areas,Suicide deaths,five-year aggregate,Rate per 100000 people,,,Aboriginal and Torres Strait Islander people,All people,5-17 years old,,ABS (unpublished) Causes of Death Australia,rate,4.5,np,8.9,9.6,np,np,np,12.9,7.3,
CtG14A.4,2018-2022,Mortality due to suicide,35,Females,Aboriginal and Torres Strait Islander people,All areas,Suicide deaths,five-year aggregate,Number,,,Aboriginal and Torres Strait Islander people,Females,,,ABS (unpublished) Causes of Death Australia,no.,70,27,88,54,15,1,1,39,np,
CtG14A.4,2017-2021,Mortality due to suicide,9,Females,Non-Indigenous people,All areas,Suicide deaths,five-year aggregate,Rate per 100000 people,,,Non-Indigenous people,Females,,,ABS (unpublished) Causes of Death Australia,rate (AS),5.1,np,6.7,6.8,5.8,np,np,9.6,5.9,
CtG14A.5,2018-2022,Mortality due to suicide,25,All people,Aboriginal and Torres Strait Islander people,All areas,Suicide deaths,five-year aggregate,Rate per 100000 people,,,Aboriginal and Torres Strait Islander people,All people,25-34 years old,,ABS (unpublished) Causes of Death Australia,rate,34.7,np,47.5,87,39.7,np,np,46.9,48.4,
CtG14A.4,2015-2019,Mortality due to suicide,39,Females,Aboriginal and Torres Strait Islander people,All areas,Suicide deaths,five-year aggregate,Number,,,Aboriginal and Torres Strait Islander people,Females,,,ABS (unpublished) Causes of Death Australia,no.,53,15,73,57,15,1,3,29,np,
CtG14A.9,2014-2018,Mortality due to suicide,29,Males,Non-Indigenous people,Remote and very remote,Suicide deaths,five-year aggregate,Rate per 100000 people,,,Non-Indigenous people,Males,Remote and very remote,,ABS (unpublished) Causes of Death Australia,rate (AS),,,,,,,,,,22.3
CtG14A.8,2016-2020,Mortality due to suicide,25,All people,Aboriginal and Torres Strait Islander people,Inner and outer regional,Suicide deaths,five-year aggregate,Number,,,Aboriginal and Torres Strait Islander people,,Inner and outer regional,,ABS (unpublished) Causes of Death Australia,no.,131,29,163,24,11,8,0,26,,
CtG14A.9,2015-2019,Mortality due to suicide,65,Females,Aboriginal and Torres Strait Islander people,Major cities,Suicide deaths,five-year aggregate,Rate per 100000 people,,,Aboriginal and Torres Strait Islander people,Females,Major cities,,ABS (unpublished) Causes of Death Australia,rate (AS),,,,,,,,,,11.6
CtG14A.6,2014-2018,Mortality due to suicide,45,Females,Non-Indigenous people,All areas,Suicide deaths,five-year aggregate,Rate per 100000 people,,,Non-Indigenous people,Females,45+ years old,,ABS (unpublished) Causes of Death Australia,rate,,,,,,,,,7.8,
CtG14A.5,2016-2020,Mortality due to suicide,18,All people,Aboriginal and Torres Strait Islander people,All areas,Suicide deaths,five-year aggregate,Number,,,Aboriginal and Torres Strait Islander people,All people,18-24 years old,,ABS (unpublished) Causes of Death Australia,no.,52,12,107,38,11,3,5,39,np,
CtG14A.3,2021,Mortality due to suicide,52,Females,Aboriginal and Torres Strait Islander people,All areas,Suicide deaths,,Rate per 100000 people,,,Aboriginal and Torres Strait Islander people,Females,,,ABS (unpublished) Causes of Death Australia,rate (AS),,,,,,,,,16.1,
CtG14A.6,2016-2020,Mortality due to suicide,25,Females,Aboriginal and Torres Strait Islander people,All areas,Suicide deaths,five-year aggregate,Rate per 100000 people,,,Aboriginal and Torres Strait Islander people,Females,25-34 years old,,ABS (unpublished) Causes of Death Australia,rate,,,,,,,,,21.7,
CtG14A.9,2015-2019,Mortality due to suicide,13,Males,Non-Indigenous people,Major cities,Suicide deaths,five-year aggregate,Rate per 100000 people,,,Non-Indigenous people,Males,Major cities,,ABS (unpublished) Causes of Death Australia,rate (AS),,,,,,,,,,16
CtG14A.10,2018-2022,Mortality due to suicide,52,Males,Aboriginal and Torres Strait Islander people,Very remote,Suicide deaths,five-year aggregate,Number,,,Aboriginal and Torres Strait Islander people,Males,Very remote,,ABS (unpublished) Causes of Death Australia,no.,,,,,,,,,,92
CtG14A.1,2018,Mortality due to suicide,68,All people,Aboriginal and Torres Strait Islander people,All areas,Suicide deaths,,Rate per 100000 people,Linear regression estimates,,Aboriginal and Torres Strait Islander people,All people,,,ABS (unpublished) Causes of Death Australia,rate (AS),,,,,,,,,25.7,
CtG14A.5,2016-2020,Mortality due to suicide,5,All people,Non-Indigenous people,All areas,Suicide deaths,five-year aggregate,Rate per 100000 people,,,Non-Indigenous people,All people,5-17 years old,,ABS (unpublished) Causes of Death Australia,rate,2,np,2.6,2.4,1.9,np,np,4.8,2.2,
CtG14A.5,2016-2020,Mortality due to suicide,18,All people,Aboriginal and Torres Strait Islander people,All areas,Suicide deaths,five-year aggregate,Number,,,Aboriginal and Torres Strait Islander people,All people,18-24 years old,,ABS (unpublished) Causes of Death Australia,no.,52,12,107,38,11,3,5,39,np,
CtG14A.6,2014-2018,Mortality due to suicide,33,Females,Aboriginal and Torres Strait Islander people,All areas,Suicide deaths,five-year aggregate,Rate per 100000 people,,,Aboriginal and Torres Strait Islander people,Females,All ages,,ABS (unpublished) Causes of Death Australia,rate,,,,,,,,,12.1,
CtG14A.4,2015-2019,Mortality due to suicide,46,Males,Aboriginal and Torres Strait Islander people,All areas,Suicide deaths,five-year aggregate,Rate per 100000 people,,,Aboriginal and Torres Strait Islander people,Males,,,ABS (unpublished) Causes of Death Australia,rate (AS),31.8,np,41.8,48.2,26.7,np,np,37.5,38,
CtG14A.5,2014-2018,Mortality due to suicide,45,All people,Aboriginal and Torres Strait Islander people,All areas,Suicide deaths,five-year aggregate,Number,,,Aboriginal and Torres Strait Islander people,All people,45+ years old,,ABS (unpublished) Causes of Death Australia,no.,47,6,30,18,7,1,0,10,np,
CtG14A.4,2014-2018,Mortality due to suicide,38,Males,Non-Indigenous people,All areas,Suicide deaths,five-year aggregate,Rate per 100000 people,,,Non-Indigenous people,Males,,,ABS (unpublished) Causes of Death Australia,rate (AS),16.5,np,23,19.6,19.3,np,np,23.2,19.1,
CtG14A.9,2017-2021,Mortality due to suicide,82,Females,Non-Indigenous people,Remote and very remote,Suicide deaths,five-year aggregate,Rate per 100000 people,,,Non-Indigenous people,Females,Remote and very remote,,ABS (unpublished) Causes of Death Australia,rate (AS),,,,,,,,,,6.7
CtG14A.10,2017-2021,Mortality due to suicide,32,Males,Aboriginal and Torres Strait Islander people,Outer regional,Suicide deaths,five-year aggregate,Number,,,Aboriginal and Torres Strait Islander people,Males,Outer regional,,ABS (unpublished) Causes of Death Australia,no.,,,,,,,,,,155
CtG14A.10,2016-2020,Mortality due to suicide,24,Females,Aboriginal and Torres Strait Islander people,Remote,Suicide deaths,five-year aggregate,Number,,,Aboriginal and Torres Strait Islander people,Females,Remote,,ABS (unpublished) Causes of Death Australia,no.,,,,,,,,,,20
CtG14A.7,2015-2019,Mortality due to suicide,2,All people,Aboriginal and Torres Strait Islander people,Major cities,Suicide deaths,five-year aggregate,Rate per 100000 people,,,Aboriginal and Torres Strait Islander people,,Major cities,,ABS (unpublished) Causes of Death Australia,rate (AS),,,,,,,,,,21.4
CtG14A.10,2015-2019,Mortality due to suicide,46,Males,Aboriginal and Torres Strait Islander people,Very remote,Suicide deaths,five-year aggregate,Number,,,Aboriginal and Torres Strait Islander people,Males,Very remote,,ABS (unpublished) Causes of Death Australia,no.,,,,,,,,,,100
CtG14A.2,2014-2018,Mortality due to suicide,25,All people,Aboriginal and Torres Strait Islander people,All areas,Suicide deaths,five-year aggregate,Number,,,Aboriginal and Torres Strait Islander people,All people,,,ABS (unpublished) Causes of Death Australia,no.,196,37,260,199,37,3,7,108,800,
CtG14A.5,2016-2020,Mortality due to suicide,35,All people,Aboriginal and Torres Strait Islander people,All areas,Suicide deaths,five-year aggregate,Rate per 100000 people,,,Aboriginal and Torres Strait Islander people,All people,35-44 years old,,ABS (unpublished) Causes of Death Australia,rate,35.3,np,52,52.5,54.1,np,np,41.5,45,
CtG14A.4,2016-2020,Mortality due to suicide,28,Males,Aboriginal and Torres Strait Islander people,All areas,Suicide deaths,five-year aggregate,Number,,,Aboriginal and Torres Strait Islander people,Males,,,ABS (unpublished) Causes of Death Australia,no.,187,38,231,121,28,6,7,92,np,
CtG14A.10,2015-2019,Mortality due to suicide,92,Females,Aboriginal and Torres Strait Islander people,Major cities,Suicide deaths,five-year aggregate,Number,,,Aboriginal and Torres Strait Islander people,Females,Major cities,,ABS (unpublished) Causes of Death Australia,no.,,,,,,,,,,86
CtG14A.5,2015-2019,Mortality due to suicide,25,All people,Non-Indigenous people,All areas,Suicide deaths,five-year aggregate,Rate per 100000 people,,,Non-Indigenous people,All people,25-34 years old,,ABS (unpublished) Causes of Death Australia,rate,12.5,np,18.1,18.3,17.6,np,np,12.9,15.4,
CtG14A.2,2013-2017,Mortality due to suicide,66,All people,Aboriginal and Torres Strait Islander people,All areas,Suicide deaths,five-year aggregate,Number,,,Aboriginal and Torres Strait Islander people,All people,,,ABS (unpublished) Causes of Death Australia,no.,173,34,249,195,45,6,7,105,767,
CtG14A.9,2014-2018,Mortality due to suicide,52,Females,Non-Indigenous people,Inner and outer regional,Suicide deaths,five-year aggregate,Rate per 100000 people,,,Non-Indigenous people,Females,Inner and outer regional,,ABS (unpublished) Causes of Death Australia,rate (AS),,,,,,,,,,6.4
CtG14A.6,2017-2021,Mortality due to suicide,35,Females,Non-Indigenous people,All areas,Suicide deaths,five-year aggregate,Rate per 100000 people,,,Non-Indigenous people,Females,35-44 years old,,ABS (unpublished) Causes of Death Australia,rate,,,,,,,,,8.4,
CtG14A.2,2015-2019,Mortality due to suicide,67,All people,Non-Indigenous people,All areas,Suicide deaths,five-year aggregate,Number,,,Non-Indigenous people,All people,,,ABS (unpublished) Causes of Death Australia,no.,4154,3365,3534,1726,1094,422,219,133,10641,
CtG14A.4,2017-2021,Mortality due to suicide,83,Males,Aboriginal and Torres Strait Islander people,All areas,Suicide deaths,five-year aggregate,Rate per 100000 people,,,Aboriginal and Torres Strait Islander people,Males,,,ABS (unpublished) Causes of Death Australia,rate (AS),33,np,43.5,48.6,31.5,np,np,45.3,39.8,
CtG14A.5,2015-2019,Mortality due to suicide,18,All people,Non-Indigenous people,All areas,Suicide deaths,five-year aggregate,Rate per 100000 people,,,Non-Indigenous people,All people,18-24 years old,,ABS (unpublished) Causes of Death Australia,rate,11.8,np,17.2,13.5,13.1,np,np,25.7,13.8,
CtG14A.9,2016-2020,Mortality due to suicide,23,Males,Aboriginal and Torres Strait Islander people,Inner and outer regional,Suicide deaths,five-year aggregate,Rate per 100000 people,,,Aboriginal and Torres Strait Islander people,Males,Inner and outer regional,,ABS (unpublished) Causes of Death Australia,rate (AS),,,,,,,,,,37
CtG14A.5,2017-2021,Mortality due to suicide,35,All people,Non-Indigenous people,All areas,Suicide deaths,five-year aggregate,Rate per 100000 people,,,Non-Indigenous people,All people,35-44 years old,,ABS (unpublished) Causes of Death Australia,rate,14.1,np,21.9,19,17.7,np,np,11.1,17.3,
CtG14A.6,2015-2019,Mortality due to suicide,5,Males,Non-Indigenous people,All areas,Suicide deaths,five-year aggregate,Rate per 100000 people,,,Non-Indigenous people,Males,5-17 years old,,ABS (unpublished) Causes of Death Australia,rate,,,,,,,,,2.8,
CtG14A.5,2018-2022,Mortality due to suicide,45,All people,Aboriginal and Torres Strait Islander people,All areas,Suicide deaths,five-year aggregate,Number,,,Aboriginal and Torres Strait Islander people,All people,45+ years old,,ABS (unpublished) Causes of Death Australia,no.,71,22,42,29,9,3,2,20,np,
CtG14A.10,2016-2020,Mortality due to suicide,29,Females,Aboriginal and Torres Strait Islander people,Inner regional,Suicide deaths,five-year aggregate,Number,,,Aboriginal and Torres Strait Islander people,Females,Inner regional,,ABS (unpublished) Causes of Death Australia,no.,,,,,,,,,,40
CtG14A.4,2016-2020,Mortality due to suicide,96,Females,Non-Indigenous people,All areas,Suicide deaths,five-year aggregate,Rate per 100000 people,,,Non-Indigenous people,Females,,,ABS (unpublished) Causes of Death Australia,rate (AS),5,np,6.5,6.9,6.2,np,np,8.7,5.9,
CtG14A.10,2016-2020,Mortality due to suicide,46,Males,Aboriginal and Torres Strait Islander people,Very remote,Suicide deaths,five-year aggregate,Number,,,Aboriginal and Torres Strait Islander people,Males,Very remote,,ABS (unpublished) Causes of Death Australia,no.,,,,,,,,,,104
CtG14A.5,2015-2019,Mortality due to suicide,18,All people,Non-Indigenous people,All areas,Suicide deaths,five-year aggregate,Rate per 100000 people,,,Non-Indigenous people,All people,18-24 years old,,ABS (unpublished) Causes of Death Australia,rate,11.8,np,17.2,13.5,13.1,np,np,25.7,13.8,
CtG14A.6,2015-2019,Mortality due to suicide,45,Females,Aboriginal and Torres Strait Islander people,All areas,Suicide deaths,five-year aggregate,Rate per 100000 people,,,Aboriginal and Torres Strait Islander people,Females,45+ years old,,ABS (unpublished) Causes of Death Australia,rate,,,,,,,,,8.6,
CtG14A.10,2016-2020,Mortality due to suicide,59,Females,Aboriginal and Torres Strait Islander people,Remote,Suicide deaths,five-year aggregate,Number,,,Aboriginal and Torres Strait Islander people,Females,Remote,,ABS (unpublished) Causes of Death Australia,no.,,,,,,,,,,20
CtG14A.6,2015-2019,Mortality due to suicide,16,Females,Non-Indigenous people,All areas,Suicide deaths,five-year aggregate,Rate per 100000 people,,,Non-Indigenous people,Females,All ages,,ABS (unpublished) Causes of Death Australia,rate,,,,,,,,,6.2,
CtG14A.4,2016-2020,Mortality due to suicide,78,Females,Aboriginal and Torres Strait Islander people,All areas,Suicide deaths,five-year aggregate,Number,,,Aboriginal and Torres Strait Islander people,Females,,,ABS (unpublished) Causes of Death Australia,no.,51,19,81,57,14,3,4,31,np,
CtG14A.10,2018-2022,Mortality due to suicide,7,Males,Aboriginal and Torres Strait Islander people,Inner regional,Suicide deaths,five-year aggregate,Number,,,Aboriginal and Torres Strait Islander people,Males,Inner regional,,ABS (unpublished) Causes of Death Australia,no.,,,,,,,,,,168
CtG14A.6,2015-2019,Mortality due to suicide,45,Females,Aboriginal and Torres Strait Islander people,All areas,Suicide deaths,five-year aggregate,Rate per 100000 people,,,Aboriginal and Torres Strait Islander people,Females,45+ years old,,ABS (unpublished) Causes of Death Australia,rate,,,,,,,,,8.6,
CtG14A.2,2014-2018,Mortality due to suicide,30,All people,Aboriginal and Torres Strait Islander people,All areas,Suicide deaths,five-year aggregate,Number,,,Aboriginal and Torres Strait Islander people,All people,,,ABS (unpublished) Causes of Death Australia,no.,196,37,260,199,37,3,7,108,800,
CtG14A.2,2018-2022,Mortality due to suicide,81,All people,Non-Indigenous people,All areas,Suicide deaths,five-year aggregate,Rate per 100000 people,,,Non-Indigenous people,All people,,,ABS Causes of Death Australia,rate (AS),10.5,np,14.4,12.9,12.4,np,np,13.5,12.2,
CtG14A.6,2015-2019,Mortality due to suicide,91,Females,Non-Indigenous people,All areas,Suicide deaths,five-year aggregate,Rate per 100000 people,,,Non-Indigenous people,Females,All ages,,ABS (unpublished) Causes of Death Australia,rate,,,,,,,,,6.2,
CtG14A.6,2017-2021,Mortality due to suicide,5,Females,Non-Indigenous people,All areas,Suicide deaths,five-year aggregate,Rate per 100000 people,,,Non-Indigenous people,Females,5-17 years old,,ABS (unpublished) Causes of Death Australia,rate,,,,,,,,,1.7,
CtG14A.5,2018-2022,Mortality due to suicide,18,All people,Non-Indigenous people,All areas,Suicide deaths,five-year aggregate,Rate per 100000 people,,,Non-Indigenous people,All people,18-24 years old,,ABS (unpublished) Causes of Death Australia,rate,11.7,np,16.9,15.3,13.9,np,np,24.1,14,
CtG14A.5,2015-2019,Mortality due to suicide,5,All people,Non-Indigenous people,All areas,Suicide deaths,five-year aggregate,Rate per 100000 people,,,Non-Indigenous people,All people,5-17 years old,,ABS (unpublished) Causes of Death Australia,rate,1.9,np,2.6,2.4,1.6,np,np,4.1,2.2,
CtG14A.10,2016-2020,Mortality due to suicide,55,Males,Aboriginal and Torres Strait Islander people,Outer regional,Suicide deaths,five-year aggregate,Number,,,Aboriginal and Torres Strait Islander people,Males,Outer regional,,ABS (unpublished) Causes of Death Australia,no.,,,,,,,,,,150
CtG14A.10,2015-2019,Mortality due to suicide,68,Males,Aboriginal and Torres Strait Islander people,Outer regional,Suicide deaths,five-year aggregate,Number,,,Aboriginal and Torres Strait Islander people,Males,Outer regional,,ABS (unpublished) Causes of Death Australia,no.,,,,,,,,,,140
CtG14A.5,2015-2019,Mortality due to suicide,25,All people,Aboriginal and Torres Strait Islander people,All areas,Suicide deaths,five-year aggregate,Number,,,Aboriginal and Torres Strait Islander people,All people,25-34 years old,,ABS (unpublished) Causes of Death Australia,no.,61,12,78,71,7,1,4,31,np,
CtG14A.3,2012,Mortality due to suicide,63,Females,Non-Indigenous people,All areas,Suicide deaths,,Rate per 100000 people,,,Non-Indigenous people,Females,,,ABS (unpublished) Causes of Death Australia,rate (AS),,,,,,,,,5.7,
CtG14A.10,2014-2018,Mortality due to suicide,89,Males,Aboriginal and Torres Strait Islander people,Outer regional,Suicide deaths,five-year aggregate,Number,,,Aboriginal and Torres Strait Islander people,Males,Outer regional,,ABS (unpublished) Causes of Death Australia,no.,,,,,,,,,,130
CtG14A.6,2015-2019,Mortality due to suicide,51,Males,Non-Indigenous people,All areas,Suicide deaths,five-year aggregate,Rate per 100000 people,,,Non-Indigenous people,Males,All ages,,ABS (unpublished) Causes of Death Australia,rate,,,,,,,,,19.6,
CtG14A.9,2016-2020,Mortality due to suicide,15,Females,Aboriginal and Torres Strait Islander people,Remote and very remote,Suicide deaths,five-year aggregate,Rate per 100000 people,,,Aboriginal and Torres Strait Islander people,Females,Remote and very remote,,ABS (unpublished) Causes of Death Australia,rate (AS),,,,,,,,,,16.4
CtG14A.1,2011,Mortality due to suicide,54,All people,Aboriginal and Torres Strait Islander people,All areas,Suicide deaths,,Number,Actual,,Aboriginal and Torres Strait Islander people,All people,,,Derived from ABS (unpublished) Causes of Death Australia,no.,,,,,,,,,136,
CtG14A.10,2017-2021,Mortality due to suicide,62,Males,Aboriginal and Torres Strait Islander people,Very remote,Suicide deaths,five-year aggregate,Number,,,Aboriginal and Torres Strait Islander people,Males,Very remote,,ABS (unpublished) Causes of Death Australia,no.,,,,,,,,,,100
CtG14A.6,2014-2018,Mortality due to suicide,38,Males,Non-Indigenous people,All areas,Suicide deaths,five-year aggregate,Rate per 100000 people,,,Non-Indigenous people,Males,All ages,,ABS (unpublished) Causes of Death Australia,rate,,,,,,,,,19.3,
CtG14A.2,2016-2020,Mortality due to suicide,70,All people,Non-Indigenous people,All areas,Suicide deaths,five-year aggregate,Rate per 100000 people,,,Non-Indigenous people,All people,,,ABS Causes of Death Australia,rate (AS),10.5,np,14.6,13.6,12.7,np,np,14.5,12.4,
CtG14A.10,2015-2019,Mortality due to suicide,89,Females,Aboriginal and Torres Strait Islander people,Inner regional,Suicide deaths,five-year aggregate,Number,,,Aboriginal and Torres Strait Islander people,Females,Inner regional,,ABS (unpublished) Causes of Death Australia,no.,,,,,,,,,,34
CtG14A.1,2019,Mortality due to suicide,79,All people,Aboriginal and Torres Strait Islander people,All areas,Suicide deaths,,Rate per 100000 people,Actual,,Aboriginal and Torres Strait Islander people,All people,,,ABS (unpublished) Causes of Death Australia,rate (AS),,,,,,,,,27.5,
CtG14A.9,2015-2019,Mortality due to suicide,61,Females,Non-Indigenous people,Major cities,Suicide deaths,five-year aggregate,Rate per 100000 people,,,Non-Indigenous people,Females,Major cities,,ABS (unpublished) Causes of Death Australia,rate (AS),,,,,,,,,,5.6
CtG14A.10,2015-2019,Mortality due to suicide,30,Males,Aboriginal and Torres Strait Islander people,Major cities,Suicide deaths,five-year aggregate,Number,,,Aboriginal and Torres Strait Islander people,Males,Major cities,,ABS (unpublished) Causes of Death Australia,no.,,,,,,,,,,213
CtG14A.5,2015-2019,Mortality due to suicide,5,All people,Non-Indigenous people,All areas,Suicide deaths,five-year aggregate,Rate per 100000 people,,,Non-Indigenous people,All people,5-17 years old,,ABS (unpublished) Causes of Death Australia,rate,1.9,np,2.6,2.4,1.6,np,np,4.1,2.2,
CtG14A.10,2016-2020,Mortality due to suicide,73,Females,Aboriginal and Torres Strait Islander people,Remote,Suicide deaths,five-year aggregate,Number,,,Aboriginal and Torres Strait Islander people,Females,Remote,,ABS (unpublished) Causes of Death Australia,no.,,,,,,,,,,20
CtG14A.9,2014-2018,Mortality due to suicide,77,Females,Aboriginal and Torres Strait Islander people,Remote and very remote,Suicide deaths,five-year aggregate,Rate per 100000 people,,,Aboriginal and Torres Strait Islander people,Females,Remote and very remote,,ABS (unpublished) Causes of Death Australia,rate (AS),,,,,,,,,,16.1
CtG14A.9,2015-2019,Mortality due to suicide,81,Females,Aboriginal and Torres Strait Islander people,Remote and very remote,Suicide deaths,five-year aggregate,Rate per 100000 people,,,Aboriginal and Torres Strait Islander people,Females,Remote and very remote,,ABS (unpublished) Causes of Death Australia,rate (AS),,,,,,,,,,14.4
CtG14A.6,2018-2022,Mortality due to suicide,5,Females,Non-Indigenous people,All areas,Suicide deaths,five-year aggregate,Rate per 100000 people,,,Non-Indigenous people,Females,5-17 years old,,ABS (unpublished) Causes of Death Australia,rate,,,,,,,,,1.6,
CtG14A.4,2018-2022,Mortality due to suicide,82,Males,Aboriginal and Torres Strait Islander people,All areas,Suicide deaths,five-year aggregate,Rate per 100000 people,,,Aboriginal and Torres Strait Islander people,Males,,,ABS (unpublished) Causes of Death Australia,rate (AS),34.8,np,42.3,56.3,36.8,np,np,46.3,41.5,
CtG14A.9,2018-2022,Mortality due to suicide,87,Males,Non-Indigenous people,Major cities,Suicide deaths,five-year aggregate,Rate per 100000 people,,,Non-Indigenous people,Males,Major cities,,ABS (unpublished) Causes of Death Australia,rate (AS),,,,,,,,,,15.4
CtG14A.2,2012-2016,Mortality due to suicide,7,All people,Aboriginal and Torres Strait Islander people,All areas,Suicide deaths,five-year aggregate,Rate per 100000 people,,,Aboriginal and Torres Strait Islander people,All people,,,ABS (unpublished) Causes of Death Australia,rate (AS),14.1,np,22.8,39.8,21.6,np,np,26.2,22.4,
CtG14A.9,2015-2019,Mortality due to suicide,3,Males,Aboriginal and Torres Strait Islander people,Major cities,Suicide deaths,five-year aggregate,Rate per 100000 people,,,Aboriginal and Torres Strait Islander people,Males,Major cities,,ABS (unpublished) Causes of Death Australia,rate (AS),,,,,,,,,,31.7
CtG14A.5,2016-2020,Mortality due to suicide,18,All people,Aboriginal and Torres Strait Islander people,All areas,Suicide deaths,five-year aggregate,Rate per 100000 people,,,Aboriginal and Torres Strait Islander people,All people,18-24 years old,,ABS (unpublished) Causes of Death Australia,rate,28.5,np,70.1,57,37.4,np,np,81.7,51.6,
CtG14A.3,2019,Mortality due to suicide,67,Males,Non-Indigenous people,All areas,Suicide deaths,,Rate per 100000 people,,,Non-Indigenous people,Males,,,ABS (unpublished) Causes of Death Australia,rate (AS),,,,,,,,,19.9,
CtG14A.5,2016-2020,Mortality due to suicide,25,All people,Aboriginal and Torres Strait Islander people,All areas,Suicide deaths,five-year aggregate,Rate per 100000 people,,,Aboriginal and Torres Strait Islander people,All people,25-34 years old,,ABS (unpublished) Causes of Death Australia,rate,29.5,np,47.1,86.9,23.8,np,np,54,46.4,
CtG14A.9,2014-2018,Mortality due to suicide,99,Males,Aboriginal and Torres Strait Islander people,Inner and outer regional,Suicide deaths,five-year aggregate,Rate per 100000 people,,,Aboriginal and Torres Strait Islander people,Males,Inner and outer regional,,ABS (unpublished) Causes of Death Australia,rate (AS),,,,,,,,,,32.9
CtG14A.1,2015,Mortality due to suicide,92,All people,Aboriginal and Torres Strait Islander people,All areas,Suicide deaths,,Number,Actual,,Aboriginal and Torres Strait Islander people,All people,,,Derived from ABS (unpublished) Causes of Death Australia,no.,,,,,,,,,154,
CtG14A.6,2017-2021,Mortality due to suicide,18,Females,Aboriginal and Torres Strait Islander people,All areas,Suicide deaths,five-year aggregate,Rate per 100000 people,,,Aboriginal and Torres Strait Islander people,Females,18-24 years old,,ABS (unpublished) Causes of Death Australia,rate,,,,,,,,,27.6,
CtG14A.7,2018-2022,Mortality due to suicide,81,All people,Non-Indigenous people,Major cities,Suicide deaths,five-year aggregate,Rate per 100000 people,,,Non-Indigenous people,,Major cities,,ABS (unpublished) Causes of Death Australia,rate (AS),,,,,,,,,,10.2
CtG14A.5,2017-2021,Mortality due to suicide,45,All people,Aboriginal and Torres Strait Islander people,All areas,Suicide deaths,five-year aggregate,Rate per 100000 people,,,Aboriginal and Torres Strait Islander people,All people,45+ years old,,ABS (unpublished) Causes of Death Australia,rate,19.8,np,16.8,19.3,14.6,np,np,19.4,18.5,
CtG14A.5,2016-2020,Mortality due to suicide,45,All people,Aboriginal and Torres Strait Islander people,All areas,Suicide deaths,five-year aggregate,Rate per 100000 people,,,Aboriginal and Torres Strait Islander people,All people,45+ years old,,ABS (unpublished) Causes of Death Australia,rate,20.6,np,15.8,15.4,15,np,np,16.5,17.7,
CtG14A.6,2014-2018,Mortality due to suicide,35,Females,Aboriginal and Torres Strait Islander people,All areas,Suicide deaths,five-year aggregate,Rate per 100000 people,,,Aboriginal and Torres Strait Islander people,Females,35-44 years old,,ABS (unpublished) Causes of Death Australia,rate,,,,,,,,,15.5,
CtG14A.5,2018-2022,Mortality due to suicide,35,All people,Aboriginal and Torres Strait Islander people,All areas,Suicide deaths,five-year aggregate,Rate per 100000 people,,,Aboriginal and Torres Strait Islander people,All people,35-44 years old,,ABS (unpublished) Causes of Death Australia,rate,48.6,np,54.9,69.6,43.2,np,np,39.9,52.3,
CtG14A.9,2014-2018,Mortality due to suicide,47,Males,Aboriginal and Torres Strait Islander people,Inner and outer regional,Suicide deaths,five-year aggregate,Rate per 100000 people,,,Aboriginal and Torres Strait Islander people,Males,Inner and outer regional,,ABS (unpublished) Causes of Death Australia,rate (AS),,,,,,,,,,32.9
CtG14A.6,2017-2021,Mortality due to suicide,45,Females,Non-Indigenous people,All areas,Suicide deaths,five-year aggregate,Rate per 100000 people,,,Non-Indigenous people,Females,45+ years old,,ABS (unpublished) Causes of Death Australia,rate,,,,,,,,,7.5,
CtG14A.9,2018-2022,Mortality due to suicide,61,Females,Aboriginal and Torres Strait Islander people,Remote and very remote,Suicide deaths,five-year aggregate,Rate per 100000 people,,,Aboriginal and Torres Strait Islander people,Females,Remote and very remote,,ABS (unpublished) Causes of Death Australia,rate (AS),,,,,,,,,,16.9
CtG14A.9,2016-2020,Mortality due to suicide,45,Females,Aboriginal and Torres Strait Islander people,Major cities,Suicide deaths,five-year aggregate,Rate per 100000 people,,,Aboriginal and Torres Strait Islander people,Females,Major cities,,ABS (unpublished) Causes of Death Australia,rate (AS),,,,,,,,,,11.7
CtG14A.10,2017-2021,Mortality due to suicide,40,Females,Aboriginal and Torres Strait Islander people,Remote,Suicide deaths,five-year aggregate,Number,,,Aboriginal and Torres Strait Islander people,Females,Remote,,ABS (unpublished) Causes of Death Australia,no.,,,,,,,,,,25
CtG14A.6,2016-2020,Mortality due to suicide,18,Males,Aboriginal and Torres Strait Islander people,All areas,Suicide deaths,five-year aggregate,Rate per 100000 people,,,Aboriginal and Torres Strait Islander people,Males,18-24 years old,,ABS (unpublished) Causes of Death Australia,rate,,,,,,,,,74.6,
CtG14A.6,2017-2021,Mortality due to suicide,35,Females,Non-Indigenous people,All areas,Suicide deaths,five-year aggregate,Rate per 100000 people,,,Non-Indigenous people,Females,35-44 years old,,ABS (unpublished) Causes of Death Australia,rate,,,,,,,,,8.4,
CtG14A.3,2017,Mortality due to suicide,99,Females,Aboriginal and Torres Strait Islander people,All areas,Suicide deaths,,Rate per 100000 people,,,Aboriginal and Torres Strait Islander people,Females,,,ABS (unpublished) Causes of Death Australia,rate (AS),,,,,,,,,11.2,
CtG14A.1,2018,Mortality due to suicide,3,All people,Aboriginal and Torres Strait Islander people,All areas,Suicide deaths,,Rate per 100000 people,Actual,,Aboriginal and Torres Strait Islander people,All people,,,ABS (unpublished) Causes of Death Australia,rate (AS),,,,,,,,,25.1,
CtG14A.2,2010-2014,Mortality due to suicide,83,All people,Non-Indigenous people,All areas,Suicide deaths,five-year aggregate,Number,,,Non-Indigenous people,All people,,,ABS (unpublished) Causes of Death Australia,no.,3424,2755,2848,1422,998,349,163,100,8792,
CtG14A.6,2017-2021,Mortality due to suicide,25,Females,Aboriginal and Torres Strait Islander people,All areas,Suicide deaths,five-year aggregate,Rate per 100000 people,,,Aboriginal and Torres Strait Islander people,Females,25-34 years old,,ABS (unpublished) Causes of Death Australia,rate,,,,,,,,,23.9,
CtG14A.6,2015-2019,Mortality due to suicide,18,Females,Non-Indigenous people,All areas,Suicide deaths,five-year aggregate,Rate per 100000 people,,,Non-Indigenous people,Females,18-24 years old,,ABS (unpublished) Causes of Death Australia,rate,,,,,,,,,6.4,
CtG14A.10,2018-2022,Mortality due to suicide,79,Females,Aboriginal and Torres Strait Islander people,Very remote,Suicide deaths,five-year aggregate,Number,,,Aboriginal and Torres Strait Islander people,Females,Very remote,,ABS (unpublished) Causes of Death Australia,no.,,,,,,,,,,41
CtG14A.5,2017-2021,Mortality due to suicide,35,All people,Non-Indigenous people,All areas,Suicide deaths,five-year aggregate,Rate per 100000 people,,,Non-Indigenous people,All people,35-44 years old,,ABS (unpublished) Causes of Death Australia,rate,14.1,np,21.9,19,17.7,np,np,11.1,17.3,
CtG14A.9,2015-2019,Mortality due to suicide,54,Males,Aboriginal and Torres Strait Islander people,Major cities,Suicide deaths,five-year aggregate,Rate per 100000 people,,,Aboriginal and Torres Strait Islander people,Males,Major cities,,ABS (unpublished) Causes of Death Australia,rate (AS),,,,,,,,,,31.7
CtG14A.6,2015-2019,Mortality due to suicide,18,Males,Non-Indigenous people,All areas,Suicide deaths,five-year aggregate,Rate per 100000 people,,,Non-Indigenous people,Males,18-24 years old,,ABS (unpublished) Causes of Death Australia,rate,,,,,,,,,21,
CtG14A.9,2018-2022,Mortality due to suicide,91,Females,Aboriginal and Torres Strait Islander people,Major cities,Suicide deaths,five-year aggregate,Rate per 100000 people,,,Aboriginal and Torres Strait Islander people,Females,Major cities,,ABS (unpublished) Causes of Death Australia,rate (AS),,,,,,,,,,13.6
CtG14A.2,2011-2015,Mortality due to suicide,37,All people,Non-Indigenous people,All areas,Suicide deaths,five-year aggregate,Rate per 100000 people,,,Non-Indigenous people,All people,,,ABS (unpublished) Causes of Death Australia,rate (AS),9.8,np,13.5,12.4,12.4,np,np,13.2,11.5,
CtG14A.5,2017-2021,Mortality due to suicide,18,All people,Aboriginal and Torres Strait Islander people,All areas,Suicide deaths,five-year aggregate,Number,,,Aboriginal and Torres Strait Islander people,All people,18-24 years old,,ABS (unpublished) Causes of Death Australia,no.,50,11,106,31,16,1,5,44,np,
CtG14A.1,2017,Mortality due to suicide,25,All people,Aboriginal and Torres Strait Islander people,All areas,Suicide deaths,,Rate per 100000 people,Actual,,Aboriginal and Torres Strait Islander people,All people,,,ABS (unpublished) Causes of Death Australia,rate (AS),,,,,,,,,24.2,
CtG14A.5,2016-2020,Mortality due to suicide,35,All people,Aboriginal and Torres Strait Islander people,All areas,Suicide deaths,five-year aggregate,Number,,,Aboriginal and Torres Strait Islander people,All people,35-44 years old,,ABS (unpublished) Causes of Death Australia,no.,48,12,63,31,12,1,3,21,np,
CtG14A.5,2018-2022,Mortality due to suicide,35,All people,Aboriginal and Torres Strait Islander people,All areas,Suicide deaths,five-year aggregate,Rate per 100000 people,,,Aboriginal and Torres Strait Islander people,All people,35-44 years old,,ABS (unpublished) Causes of Death Australia,rate,48.6,np,54.9,69.6,43.2,np,np,39.9,52.3,
CtG14A.4,2015-2019,Mortality due to suicide,12,Females,Aboriginal and Torres Strait Islander people,All areas,Suicide deaths,five-year aggregate,Number,,,Aboriginal and Torres Strait Islander people,Females,,,ABS (unpublished) Causes of Death Australia,no.,53,15,73,57,15,1,3,29,np,
CtG14A.1,2022,Mortality due to suicide,87,All people,Aboriginal and Torres Strait Islander people,All areas,Suicide deaths,,Rate per 100000 people,Actual,,Aboriginal and Torres Strait Islander people,All people,,,ABS (unpublished) Causes of Death Australia,rate (AS),,,,,,,,,29.9,
CtG14A.10,2016-2020,Mortality due to suicide,93,Females,Aboriginal and Torres Strait Islander people,Inner regional,Suicide deaths,five-year aggregate,Number,,,Aboriginal and Torres Strait Islander people,Females,Inner regional,,ABS (unpublished) Causes of Death Australia,no.,,,,,,,,,,40
CtG14A.4,2018-2022,Mortality due to suicide,58,Females,Aboriginal and Torres Strait Islander people,All areas,Suicide deaths,five-year aggregate,Rate per 100000 people,,,Aboriginal and Torres Strait Islander people,Females,,,ABS (unpublished) Causes of Death Australia,rate (AS),11.3,np,14.4,20,np,np,np,17.6,14.1,
CtG14A.5,2018-2022,Mortality due to suicide,35,All people,Aboriginal and Torres Strait Islander people,All areas,Suicide deaths,five-year aggregate,Rate per 100000 people,,,Aboriginal and Torres Strait Islander people,All people,35-44 years old,,ABS (unpublished) Causes of Death Australia,rate,48.6,np,54.9,69.6,43.2,np,np,39.9,52.3,
CtG14A.6,2015-2019,Mortality due to suicide,45,Males,Non-Indigenous people,All areas,Suicide deaths,five-year aggregate,Rate per 100000 people,,,Non-Indigenous people,Males,45+ years old,,ABS (unpublished) Causes of Death Australia,rate,,,,,,,,,24.7,
CtG14A.6,2018-2022,Mortality due to suicide,5,Males,Aboriginal and Torres Strait Islander people,All areas,Suicide deaths,five-year aggregate,Rate per 100000 people,,,Aboriginal and Torres Strait Islander people,Males,5-17 years old,,ABS (unpublished) Causes of Death Australia,rate,,,,,,,,,6.1,
CtG14A.6,2017-2021,Mortality due to suicide,18,Females,Aboriginal and Torres Strait Islander people,All areas,Suicide deaths,five-year aggregate,Rate per 100000 people,,,Aboriginal and Torres Strait Islander people,Females,18-24 years old,,ABS (unpublished) Causes of Death Australia,rate,,,,,,,,,27.6,
CtG14A.6,2017-2021,Mortality due to suicide,18,Males,Aboriginal and Torres Strait Islander people,All areas,Suicide deaths,five-year aggregate,Rate per 100000 people,,,Aboriginal and Torres Strait Islander people,Males,18-24 years old,,ABS (unpublished) Causes of Death Australia,rate,,,,,,,,,72.4,
CtG14A.8,2018-2022,Mortality due to suicide,9,All people,Aboriginal and Torres Strait Islander people,Remote and very remote,Suicide deaths,five-year aggregate,Number,,,Aboriginal and Torres Strait Islander people,,Remote and very remote,,ABS (unpublished) Causes of Death Australia,no.,9,0,51,85,2,0,..,91,,
CtG14A.6,2018-2022,Mortality due to suicide,18,Females,Non-Indigenous people,All areas,Suicide deaths,five-year aggregate,Rate per 100000 people,,,Non-Indigenous people,Females,18-24 years old,,ABS (unpublished) Causes of Death Australia,rate,,,,,,,,,6.8,
CtG14A.9,2017-2021,Mortality due to suicide,35,Females,Aboriginal and Torres Strait Islander people,Major cities,Suicide deaths,five-year aggregate,Rate per 100000 people,,,Aboriginal and Torres Strait Islander people,Females,Major cities,,ABS (unpublished) Causes of Death Australia,rate (AS),,,,,,,,,,12.6
CtG14A.7,2017-2021,Mortality due to suicide,12,All people,Non-Indigenous people,Inner and outer regional,Suicide deaths,five-year aggregate,Rate per 100000 people,,,Non-Indigenous people,,Inner and outer regional,,ABS (unpublished) Causes of Death Australia,rate (AS),,,,,,,,,,16
CtG14A.9,2015-2019,Mortality due to suicide,14,Females,Non-Indigenous people,Major cities,Suicide deaths,five-year aggregate,Rate per 100000 people,,,Non-Indigenous people,Females,Major cities,,ABS (unpublished) Causes of Death Australia,rate (AS),,,,,,,,,,5.6
CtG14A.6,2016-2020,Mortality due to suicide,45,Males,Non-Indigenous people,All areas,Suicide deaths,five-year aggregate,Rate per 100000 people,,,Non-Indigenous people,Males,45+ years old,,ABS (unpublished) Causes of Death Australia,rate,,,,,,,,,24.3,
CtG14A.8,2017-2021,Mortality due to suicide,75,All people,Aboriginal and Torres Strait Islander people,Inner and outer regional,Suicide deaths,five-year aggregate,Number,,,Aboriginal and Torres Strait Islander people,,Inner and outer regional,,ABS (unpublished) Causes of Death Australia,no.,134,33,179,27,13,10,0,28,,
CtG14A.4,2014-2018,Mortality due to suicide,37,Females,Aboriginal and Torres Strait Islander people,All areas,Suicide deaths,five-year aggregate,Rate per 100000 people,,,Aboriginal and Torres Strait Islander people,Females,,,ABS (unpublished) Causes of Death Australia,rate (AS),7.1,np,10,20.9,np,np,np,16.4,11.9,
CtG14A.10,2017-2021,Mortality due to suicide,73,Females,Aboriginal and Torres Strait Islander people,Inner regional,Suicide deaths,five-year aggregate,Number,,,Aboriginal and Torres Strait Islander people,Females,Inner regional,,ABS (unpublished) Causes of Death Australia,no.,,,,,,,,,,50
CtG14A.5,2016-2020,Mortality due to suicide,18,All people,Aboriginal and Torres Strait Islander people,All areas,Suicide deaths,five-year aggregate,Number,,,Aboriginal and Torres Strait Islander people,All people,18-24 years old,,ABS (unpublished) Causes of Death Australia,no.,52,12,107,38,11,3,5,39,np,
CtG14A.6,2017-2021,Mortality due to suicide,35,Males,Aboriginal and Torres Strait Islander people,All areas,Suicide deaths,five-year aggregate,Rate per 100000 people,,,Aboriginal and Torres Strait Islander people,Males,35-44 years old,,ABS (unpublished) Causes of Death Australia,rate,,,,,,,,,77.7,
CtG14A.9,2014-2018,Mortality due to suicide,56,Females,Aboriginal and Torres Strait Islander people,Inner and outer regional,Suicide deaths,five-year aggregate,Rate per 100000 people,,,Aboriginal and Torres Strait Islander people,Females,Inner and outer regional,,ABS (unpublished) Causes of Death Australia,rate (AS),,,,,,,,,,9.6
CtG14A.6,2015-2019,Mortality due to suicide,25,Males,Non-Indigenous people,All areas,Suicide deaths,five-year aggregate,Rate per 100000 people,,,Non-Indigenous people,Males,25-34 years old,,ABS (unpublished) Causes of Death Australia,rate,,,,,,,,,24.1,
CtG14A.6,2015-2019,Mortality due to suicide,5,Males,Non-Indigenous people,All areas,Suicide deaths,five-year aggregate,Rate per 100000 people,,,Non-Indigenous people,Males,5-17 years old,,ABS (unpublished) Causes of Death Australia,rate,,,,,,,,,2.8,
CtG14A.10,2016-2020,Mortality due to suicide,98,Females,Aboriginal and Torres Strait Islander people,Outer regional,Suicide deaths,five-year aggregate,Number,,,Aboriginal and Torres Strait Islander people,Females,Outer regional,,ABS (unpublished) Causes of Death Australia,no.,,,,,,,,,,55
CtG14A.3,2014,Mortality due to suicide,30,Females,Non-Indigenous people,All areas,Suicide deaths,,Rate per 100000 people,,,Non-Indigenous people,Females,,,ABS (unpublished) Causes of Death Australia,rate (AS),,,,,,,,,5.9,
CtG14A.5,2018-2022,Mortality due to suicide,5,All people,Non-Indigenous people,All areas,Suicide deaths,five-year aggregate,Rate per 100000 people,,,Non-Indigenous people,All people,5-17 years old,,ABS (unpublished) Causes of Death Australia,rate,1.9,np,2.4,2.1,2.4,np,np,4,2.2,
CtG14A.10,2015-2019,Mortality due to suicide,9,Females,Aboriginal and Torres Strait Islander people,Remote,Suicide deaths,five-year aggregate,Number,,,Aboriginal and Torres Strait Islander people,Females,Remote,,ABS (unpublished) Causes of Death Australia,no.,,,,,,,,,,14
CtG14A.10,2017-2021,Mortality due to suicide,40,Females,Aboriginal and Torres Strait Islander people,Inner regional,Suicide deaths,five-year aggregate,Number,,,Aboriginal and Torres Strait Islander people,Females,Inner regional,,ABS (unpublished) Causes of Death Australia,no.,,,,,,,,,,50
CtG14A.7,2014-2018,Mortality due to suicide,36,All people,Aboriginal and Torres Strait Islander people,Major cities,Suicide deaths,five-year aggregate,Rate per 100000 people,,,Aboriginal and Torres Strait Islander people,,Major cities,,ABS (unpublished) Causes of Death Australia,rate (AS),,,,,,,,,,20.5
CtG14A.1,2012,Mortality due to suicide,29,All people,Aboriginal and Torres Strait Islander people,All areas,Suicide deaths,,Number,Actual,,Aboriginal and Torres Strait Islander people,All people,,,Derived from ABS (unpublished) Causes of Death Australia,no.,,,,,,,,,120,
CtG14A.2,2015-2019,Mortality due to suicide,25,All people,Non-Indigenous people,All areas,Suicide deaths,five-year aggregate,Number,,,Non-Indigenous people,All people,,,ABS (unpublished) Causes of Death Australia,no.,4154,3365,3534,1726,1094,422,219,133,10641,
CtG14A.10,2016-2020,Mortality due to suicide,22,Females,Aboriginal and Torres Strait Islander people,Very remote,Suicide deaths,five-year aggregate,Number,,,Aboriginal and Torres Strait Islander people,Females,Very remote,,ABS (unpublished) Causes of Death Australia,no.,,,,,,,,,,51
CtG14A.6,2016-2020,Mortality due to suicide,25,Females,Aboriginal and Torres Strait Islander people,All areas,Suicide deaths,five-year aggregate,Rate per 100000 people,,,Aboriginal and Torres Strait Islander people,Females,25-34 years old,,ABS (unpublished) Causes of Death Australia,rate,,,,,,,,,21.7,
CtG14A.10,2015-2019,Mortality due to suicide,35,Males,Aboriginal and Torres Strait Islander people,Major cities,Suicide deaths,five-year aggregate,Number,,,Aboriginal and Torres Strait Islander people,Males,Major cities,,ABS (unpublished) Causes of Death Australia,no.,,,,,,,,,,213
CtG14A.3,2016,Mortality due to suicide,79,Males,Non-Indigenous people,All areas,Suicide deaths,,Rate per 100000 people,,,Non-Indigenous people,Males,,,ABS (unpublished) Causes of Death Australia,rate (AS),,,,,,,,,17.9,
CtG14A.7,2018-2022,Mortality due to suicide,86,All people,Aboriginal and Torres Strait Islander people,Inner and outer regional,Suicide deaths,five-year aggregate,Rate per 100000 people,,,Aboriginal and Torres Strait Islander people,,Inner and outer regional,,ABS (unpublished) Causes of Death Australia,rate (AS),,,,,,,,,,26.5
CtG14A.10,2017-2021,Mortality due to suicide,30,Males,Aboriginal and Torres Strait Islander people,Outer regional,Suicide deaths,five-year aggregate,Number,,,Aboriginal and Torres Strait Islander people,Males,Outer regional,,ABS (unpublished) Causes of Death Australia,no.,,,,,,,,,,155
CtG14A.5,2017-2021,Mortality due to suicide,35,All people,Non-Indigenous people,All areas,Suicide deaths,five-year aggregate,Rate per 100000 people,,,Non-Indigenous people,All people,35-44 years old,,ABS (unpublished) Causes of Death Australia,rate,14.1,np,21.9,19,17.7,np,np,11.1,17.3,
CtG14A.7,2017-2021,Mortality due to suicide,99,All people,Non-Indigenous people,Remote and very remote,Suicide deaths,five-year aggregate,Rate per 100000 people,,,Non-Indigenous people,,Remote and very remote,,ABS (unpublished) Causes of Death Australia,rate (AS),,,,,,,,,,15.6
CtG14A.6,2015-2019,Mortality due to suicide,35,Males,Aboriginal and Torres Strait Islander people,All areas,Suicide deaths,five-year aggregate,Rate per 100000 people,,,Aboriginal and Torres Strait Islander people,Males,35-44 years old,,ABS (unpublished) Causes of Death Australia,rate,,,,,,,,,68.9,
CtG14A.9,2018-2022,Mortality due to suicide,51,Males,Non-Indigenous people,Remote and very remote,Suicide deaths,five-year aggregate,Rate per 100000 people,,,Non-Indigenous people,Males,Remote and very remote,,ABS (unpublished) Causes of Death Australia,rate (AS),,,,,,,,,,23.5
CtG14A.9,2014-2018,Mortality due to suicide,24,Females,Aboriginal and Torres Strait Islander people,Inner and outer regional,Suicide deaths,five-year aggregate,Rate per 100000 people,,,Aboriginal and Torres Strait Islander people,Females,Inner and outer regional,,ABS (unpublished) Causes of Death Australia,rate (AS),,,,,,,,,,9.6
CtG14A.5,2014-2018,Mortality due to suicide,35,All people,Aboriginal and Torres Strait Islander people,All areas,Suicide deaths,five-year aggregate,Number,,,Aboriginal and Torres Strait Islander people,All people,35-44 years old,,ABS (unpublished) Causes of Death Australia,no.,33,10,52,34,16,4,1,18,np,
CtG14A.9,2014-2018,Mortality due to suicide,89,Males,Aboriginal and Torres Strait Islander people,Remote and very remote,Suicide deaths,five-year aggregate,Rate per 100000 people,,,Aboriginal and Torres Strait Islander people,Males,Remote and very remote,,ABS (unpublished) Causes of Death Australia,rate (AS),,,,,,,,,,41.4
CtG14A.6,2015-2019,Mortality due to suicide,35,Males,Non-Indigenous people,All areas,Suicide deaths,five-year aggregate,Rate per 100000 people,,,Non-Indigenous people,Males,35-44 years old,,ABS (unpublished) Causes of Death Australia,rate,,,,,,,,,28.3,
CtG14A.6,2014-2018,Mortality due to suicide,45,Females,Non-Indigenous people,All areas,Suicide deaths,five-year aggregate,Rate per 100000 people,,,Non-Indigenous people,Females,45+ years old,,ABS (unpublished) Causes of Death Australia,rate,,,,,,,,,7.8,
CtG14A.9,2018-2022,Mortality due to suicide,23,Females,Aboriginal and Torres Strait Islander people,Inner and outer regional,Whether people visited a GP/clinic doctor in the last 12 months,five-year aggregate,Rate per 100000 people,,,Aboriginal and Torres Strait Islander people,Females,Inner and outer regional,,ABS (unpublished) Causes of Death Australia,rate (AS),,,,,,,,,,13.3
CtG14A.7,2014-2018,Mortality due to suicide,70,All people,Aboriginal and Torres Strait Islander people,Major cities,Whether people visited a GP/clinic doctor in the last 12 months,five-year aggregate,Rate per 100000 people,,,Aboriginal and Torres Strait Islander people,,Major cities,,ABS (unpublished) Causes of Death Australia,rate (AS),,,,,,,,,,20.5
CtG14A.7,2017-2021,Mortality due to suicide,23,All people,Aboriginal and Torres Strait Islander people,Inner and outer regional,Whether people visited a GP/clinic doctor in the last 12 months,five-year aggregate,Rate per 100000 people,,,Aboriginal and Torres Strait Islander people,,Inner and outer regional,,ABS (unpublished) Causes of Death Australia,rate (AS),,,,,,,,,,25.4
CtG14A.7,2014-2018,Mortality due to suicide,34,All people,Non-Indigenous people,Remote and very remote,Whether people visited a GP/clinic doctor in the last 12 months,five-year aggregate,Rate per 100000 people,,,Non-Indigenous people,,Remote and very remote,,ABS (unpublished) Causes of Death Australia,rate (AS),,,,,,,,,,14.9
CtG14A.6,2016-2020,Mortality due to suicide,18,Females,Non-Indigenous people,All areas,Whether people visited a GP/clinic doctor in the last 12 months,five-year aggregate,Rate per 100000 people,,,Non-Indigenous people,Females,18-24 years old,,ABS (unpublished) Causes of Death Australia,rate,,,,,,,,,6.3,
CtG14A.5,2015-2019,Mortality due to suicide,5,All people,Non-Indigenous people,All areas,Whether people visited a GP/clinic doctor in the last 12 months,five-year aggregate,Rate per 100000 people,,,Non-Indigenous people,All people,5-17 years old,,ABS (unpublished) Causes of Death Australia,rate,1.9,np,2.6,2.4,1.6,np,np,4.1,2.2,
CtG14A.2,2014-2018,Mortality due to suicide,8,All people,Non-Indigenous people,All areas,Whether people visited a GP/clinic doctor in the last 12 months,five-year aggregate,Rate per 100000 people,,,Non-Indigenous people,All people,,,ABS (unpublished) Causes of Death Australia,rate (AS),10.7,np,14.7,13.2,12.9,np,np,16.2,12.5,
CtG14A.6,2017-2021,Mortality due to suicide,35,Males,Aboriginal and Torres Strait Islander people,All areas,Whether people visited a GP/clinic doctor in the last 12 months,five-year aggregate,Rate per 100000 people,,,Aboriginal and Torres Strait Islander people,Males,35-44 years old,,ABS (unpublished) Causes of Death Australia,rate,,,,,,,,,77.7,
CtG14A.2,2015-2019,Mortality due to suicide,7,All people,Aboriginal and Torres Strait Islander people,All areas,Whether people visited a GP/clinic doctor in the last 12 months,five-year aggregate,Number,,,Aboriginal and Torres Strait Islander people,All people,,,ABS (unpublished) Causes of Death Australia,no.,223,43,293,183,39,8,9,109,847,
CtG14A.6,2018-2022,Mortality due to suicide,18,Females,Non-Indigenous people,All areas,Whether people visited a GP/clinic doctor in the last 12 months,five-year aggregate,Rate per 100000 people,,,Non-Indigenous people,Females,18-24 years old,,ABS (unpublished) Causes of Death Australia,rate,,,,,,,,,6.8,
CtG14A.6,2015-2019,Mortality due to suicide,5,Males,Aboriginal and Torres Strait Islander people,All areas,Whether people visited a GP/clinic doctor in the last 12 months,five-year aggregate,Rate per 100000 people,,,Aboriginal and Torres Strait Islander people,Males,5-17 years old,,ABS (unpublished) Causes of Death Australia,rate,,,,,,,,,7.8,
CtG14A.1,2030,Mortality due to suicide,1,All people,Aboriginal and Torres Strait Islander people,All areas,Whether people visited a GP/clinic doctor in the last 12 months,,Rate per 100000 people,Linear regression estimates,,Aboriginal and Torres Strait Islander people,All people,,95%CI,ABS (unpublished) Causes of Death Australia,rate (AS) (±),,,,,,,,,10.8,
